=== 구역 0 ===
  용지: 210.0mm × 297.0mm (59528×84188 HU), 세로
  여백: 좌=20.0 우=20.0 상=15.0 하=15.0 머리말=10.0 꼬리말=10.0 mm

--- 문단 0.0 --- cc=25, text_len=0, controls=3 
  텍스트: (빈 문단)
  [CS] pos=24 id=82 bold=false spacing=0% ratio=100% char=""
  [CS] pos=24 id=82 bold=false spacing=0% ratio=100% char=""
  [PS] ps_id=51 align=Justify spacing: before=0 after=0 line=143/Percent
       margins: left=0 right=0 indent=0 border_fill_id=2
       border_spacing: left=0 right=0 top=0 bottom=0
       tab_def_id=0 auto_left=false auto_right=false tabs=[(없음)]
  ls[0]: ts=0, vpos=0, lh=4091, th=100, bl=85, ls=44, cs=0, sw=48188, tag=0x00060000
  ls[1]: ts=24, vpos=144, lh=4091, th=4091, bl=3477, ls=44, cs=0, sw=48188, tag=0x00060000
  [0] 단정의: 1단, 유형=일반, 간격=0.0mm(0), 같은너비=true
  [1] 쪽번호위치: format=0, pos=5
  [2] 표: 1행×3열, 셀=3, 쪽나눔=CellBreak (attr=0x00000000), padding=(141,141,141,141), cs=0
  [2]   [common] treat_as_char=true, wrap=위아래, vert=문단(0=0.0mm), horz=문단(0=0.0mm)
  [2]   [common] size=47697×3525(168.3×12.4mm), valign=Top, halign=Left
  [2]   [outer_margin] left=1.0mm(283) right=1.0mm(283) top=1.0mm(283) bottom=1.0mm(283)
  [2]   셀[0] r=0,c=0 rs=1,cs=1 h=2994 w=13352 pad=(510,510,141,141) aim=false bf=9 paras=1 text=""
  [2]     p[0] ps_id=16 ctrls=1 text_len=0 ls[0] vpos=0 lh=2568 ls=300
  [2]       ctrl[0] 그림: bin_id=1, w=8308 h=2568 (29.3×9.1mm), tac=true, wrap=TopAndBottom, vert=Para(off=0), horz=Para(off=0)
  [2]   셀[1] r=0,c=1 rs=1,cs=1 h=3525 w=19012 pad=(510,510,141,141) aim=false bf=38 paras=1 text="보도자료"
  [2]     p[0] ps_id=82 ctrls=1 text_len=12 ls[0] vpos=0 lh=1400 ls=840
  [2]   셀[2] r=0,c=2 rs=1,cs=1 h=3525 w=15333 pad=(510,510,141,141) aim=false bf=8 paras=1 text=""
  [2]     p[0] ps_id=16 ctrls=1 text_len=0 ls[0] vpos=0 lh=2558 ls=720
  [2]       ctrl[0] 그림: bin_id=2, w=10660 h=2558 (37.6×9.0mm), tac=true, wrap=TopAndBottom, vert=Para(off=20745), horz=Column(off=7695)

--- 문단 0.1 --- cc=1, text_len=0, controls=0 
  텍스트: (빈 문단)
  [PS] ps_id=52 align=Right spacing: before=0 after=0 line=143/Percent
       margins: left=0 right=0 indent=0 border_fill_id=2
       border_spacing: left=0 right=0 top=0 bottom=0
       tab_def_id=0 auto_left=false auto_right=false tabs=[(없음)]
  ls[0]: ts=0, vpos=4279, lh=100, th=100, bl=85, ls=44, cs=0, sw=48188, tag=0x00060000

--- 문단 0.2 --- cc=1, text_len=0, controls=0 
  텍스트: (빈 문단)
  [PS] ps_id=53 align=Center spacing: before=0 after=0 line=143/Percent
       margins: left=0 right=0 indent=0 border_fill_id=2
       border_spacing: left=0 right=0 top=0 bottom=0
       tab_def_id=0 auto_left=false auto_right=false tabs=[(없음)]
  ls[0]: ts=0, vpos=4423, lh=100, th=100, bl=85, ls=44, cs=0, sw=48188, tag=0x00060000

--- 문단 0.3 --- cc=17, text_len=0, controls=2 
  텍스트: (빈 문단)
  [CS] pos=16 id=79 bold=false spacing=0% ratio=100% char=""
  [PS] ps_id=80 align=Right spacing: before=0 after=0 line=140/Percent
       margins: left=0 right=0 indent=0 border_fill_id=2
       border_spacing: left=0 right=0 top=0 bottom=0
       tab_def_id=0 auto_left=false auto_right=false tabs=[(없음)]
  ls[0]: ts=0, vpos=4567, lh=2131, th=2131, bl=1811, ls=240, cs=0, sw=48188, tag=0x00060000
  [0] 표: 1행×1열, 셀=1, 쪽나눔=CellBreak (attr=0x00000000), padding=(141,141,141,141), cs=0
  [0]   [common] treat_as_char=false, wrap=위아래, vert=문단(2346=8.3mm), horz=문단(0=0.0mm)
  [0]   [common] size=47816×6155(168.7×21.7mm), valign=Top, halign=Left
  [0]   [outer_margin] left=1.0mm(283) right=1.0mm(283) top=1.0mm(283) bottom=1.0mm(283)
  [0]   셀[0] r=0,c=0 rs=1,cs=1 h=6155 w=47816 pad=(510,510,141,141) aim=false bf=3 paras=1 text="‘24년 1분기 해외직접투자는 150.9억 달러로 전년"
  [0]     p[0] ps_id=50 ctrls=0 text_len=86 ls[0] vpos=0 lh=2600 ls=260, ls[1] vpos=2860 lh=2600 ls=260
  [1] 표: 1행×4열, 셀=4, 쪽나눔=CellBreak (attr=0x00000000), padding=(141,141,141,141), cs=0
  [1]   [common] treat_as_char=true, wrap=위아래, vert=문단(0=0.0mm), horz=문단(0=0.0mm)
  [1]   [common] size=31566×1565(111.4×5.5mm), valign=Top, halign=Left
  [1]   [outer_margin] left=1.0mm(283) right=1.0mm(283) top=1.0mm(283) bottom=1.0mm(283)
  [1]   셀[0] r=0,c=0 rs=1,cs=1 h=1565 w=4821 pad=(510,510,141,141) aim=false bf=36 paras=1 text="보도시점"
  [1]     p[0] ps_id=49 ctrls=0 text_len=12 ls[0] vpos=0 lh=1000 ls=600
  [1]   셀[1] r=0,c=1 rs=1,cs=1 h=1565 w=11488 pad=(510,510,141,141) aim=false bf=36 paras=1 text="2024. 6. 21.(금) 11:00"
  [1]     p[0] ps_id=16 ctrls=0 text_len=23 ls[0] vpos=0 lh=1000 ls=600
  [1]   셀[2] r=0,c=2 rs=1,cs=1 h=1565 w=3817 pad=(510,510,141,141) aim=false bf=36 paras=1 text="배포"
  [1]     p[0] ps_id=39 ctrls=0 text_len=6 ls[0] vpos=0 lh=1000 ls=600
  [1]   셀[3] r=0,c=3 rs=1,cs=1 h=1565 w=11440 pad=(510,510,141,141) aim=false bf=36 paras=1 text="2024. 6. 21.(금) 09:00"
  [1]     p[0] ps_id=16 ctrls=0 text_len=23 ls[0] vpos=0 lh=1000 ls=600

--- 문단 0.4 --- cc=1, text_len=0, controls=0 
  텍스트: (빈 문단)
  [PS] ps_id=80 align=Right spacing: before=0 after=0 line=140/Percent
       margins: left=0 right=0 indent=0 border_fill_id=2
       border_spacing: left=0 right=0 top=0 bottom=0
       tab_def_id=0 auto_left=false auto_right=false tabs=[(없음)]
  ls[0]: ts=0, vpos=13634, lh=600, th=600, bl=510, ls=240, cs=0, sw=48188, tag=0x00060000

--- 문단 0.5 --- cc=3, text_len=2, controls=0 
  텍스트: "  "
  [CS] pos=0 id=53 bold=false spacing=0% ratio=100% char=" "
  [PS] ps_id=74 align=Justify spacing: before=0 after=0 line=140/Percent
       margins: left=0 right=0 indent=0 border_fill_id=2
       border_spacing: left=0 right=0 top=0 bottom=0
       tab_def_id=0 auto_left=false auto_right=false tabs=[(없음)]
  ls[0]: ts=0, vpos=14474, lh=1400, th=1400, bl=1190, ls=560, cs=0, sw=48188, tag=0x00060000

--- 문단 0.6 --- cc=47, text_len=46, controls=0 
  텍스트: "  2024년 1분기(1~3월) 해외직접투자액은 총투자액 기준 150.9억 달러로 "
  [CS] pos=0 id=121 bold=false spacing=0% ratio=100% char=" "
  [CS] pos=11 id=115 bold=false spacing=0% ratio=100% char="("
  [CS] pos=17 id=53 bold=false spacing=0% ratio=100% char=" "
  [CS] pos=18 id=121 bold=false spacing=0% ratio=100% char="해"
  [CS] pos=25 id=53 bold=false spacing=0% ratio=100% char="은"
  [CS] pos=35 id=121 bold=false spacing=0% ratio=100% char="1"
  [CS] pos=44 id=53 bold=false spacing=0% ratio=100% char="로"
  [PS] ps_id=74 align=Justify spacing: before=0 after=0 line=140/Percent
       margins: left=0 right=0 indent=0 border_fill_id=2
       border_spacing: left=0 right=0 top=0 bottom=0
       tab_def_id=0 auto_left=false auto_right=false tabs=[(없음)]
  ls[0]: ts=0, vpos=16434, lh=1400, th=1400, bl=1190, ls=560, cs=0, sw=48188, tag=0x00060000

--- 문단 0.7 --- cc=115, text_len=114, controls=0 
  텍스트: "전년 동기(176.8억 달러) 대비 14.6% 하락하였다. 한편, 총투자액에서 회수금액(지..."
  [CS] pos=0 id=121 bold=false spacing=0% ratio=100% char="전"
  [CS] pos=5 id=115 bold=false spacing=0% ratio=100% char="("
  [CS] pos=16 id=53 bold=false spacing=0% ratio=100% char=" "
  [CS] pos=17 id=121 bold=false spacing=0% ratio=100% char="대"
  [CS] pos=28 id=53 bold=false spacing=0% ratio=100% char="하"
  [CS] pos=48 id=115 bold=false spacing=0% ratio=100% char="("
  [CS] pos=60 id=53 bold=false spacing=0% ratio=100% char="을"
  [CS] pos=66 id=121 bold=false spacing=0% ratio=100% char="순"
  [CS] pos=70 id=53 bold=false spacing=0% ratio=100% char="은"
  [CS] pos=71 id=121 bold=false spacing=0% ratio=100% char=" "
  [CS] pos=81 id=53 bold=false spacing=0% ratio=100% char="로"
  [CS] pos=88 id=115 bold=false spacing=0% ratio=100% char="("
  [CS] pos=99 id=53 bold=false spacing=0% ratio=100% char=" "
  [CS] pos=102 id=121 bold=false spacing=0% ratio=100% char=" "
  [CS] pos=110 id=53 bold=false spacing=0% ratio=100% char="하"
  [PS] ps_id=78 align=Justify spacing: before=0 after=0 line=150/Percent
       margins: left=0 right=0 indent=0 border_fill_id=2
       border_spacing: left=0 right=0 top=0 bottom=0
       tab_def_id=0 auto_left=false auto_right=false tabs=[(없음)]
  ls[0]: ts=0, vpos=18394, lh=1400, th=1400, bl=1190, ls=700, cs=0, sw=48188, tag=0x00060000
  ls[1]: ts=46, vpos=20494, lh=1400, th=1400, bl=1190, ls=700, cs=0, sw=48188, tag=0x00060000
  ls[2]: ts=88, vpos=22594, lh=1400, th=1400, bl=1190, ls=700, cs=0, sw=48188, tag=0x00060000

--- 문단 0.8 --- cc=1, text_len=0, controls=0 
  텍스트: (빈 문단)
  [PS] ps_id=81 align=Justify spacing: before=0 after=0 line=90/Percent
       margins: left=0 right=0 indent=0 border_fill_id=2
       border_spacing: left=0 right=0 top=0 bottom=0
       tab_def_id=0 auto_left=false auto_right=false tabs=[(없음)]
  ls[0]: ts=0, vpos=24694, lh=800, th=800, bl=680, ls=-80, cs=0, sw=48188, tag=0x00060000

--- 문단 0.9 --- cc=37, text_len=36, controls=0 
  텍스트: "< 분기별 해외직접투자액 추이(억 달러, 전년동기 대비, %) >"
  [CS] pos=0 id=146 bold=false spacing=-1% ratio=100% char="<"
  [CS] pos=2 id=147 bold=false spacing=0% ratio=100% char="분"
  [CS] pos=16 id=149 bold=false spacing=0% ratio=100% char="("
  [CS] pos=34 id=148 bold=false spacing=0% ratio=100% char=" "
  [CS] pos=35 id=146 bold=false spacing=-1% ratio=100% char=">"
  [PS] ps_id=79 align=Center spacing: before=0 after=0 line=110/Percent
       margins: left=0 right=0 indent=0 border_fill_id=2
       border_spacing: left=0 right=0 top=0 bottom=0
       tab_def_id=0 auto_left=false auto_right=false tabs=[(없음)]
  ls[0]: ts=0, vpos=25414, lh=1000, th=1000, bl=850, ls=100, cs=0, sw=48188, tag=0x00060000

--- 문단 0.10 --- cc=13, text_len=4, controls=1 
  텍스트: "    "
  [CS] pos=8 id=116 bold=false spacing=0% ratio=100% char=" "
  [CS] pos=13 id=138 bold=false spacing=0% ratio=100% char=""
  [PS] ps_id=78 align=Justify spacing: before=0 after=0 line=150/Percent
       margins: left=0 right=0 indent=0 border_fill_id=2
       border_spacing: left=0 right=0 top=0 bottom=0
       tab_def_id=0 auto_left=false auto_right=false tabs=[(없음)]
  ls[0]: ts=0, vpos=26514, lh=900, th=900, bl=765, ls=452, cs=0, sw=48188, tag=0x00060000
  [0] 표: 4행×10열, 셀=33, 쪽나눔=None (attr=0x00000000), padding=(141,141,140,140), cs=0
  [0]   [common] treat_as_char=false, wrap=위아래, vert=문단(289=1.0mm), horz=문단(501=1.8mm)
  [0]   [common] size=46335×5120(163.5×18.1mm), valign=Top, halign=Left
  [0]   [outer_margin] left=0.5mm(141) right=0.5mm(141) top=0.5mm(141) bottom=0.5mm(141)
  [0]   셀[0] r=0,c=0 rs=2,cs=1 h=2560 w=4651 pad=(510,510,141,141) aim=false bf=48 paras=1 text="구분"
  [0]     p[0] ps_id=45 ctrls=0 text_len=6 ls[0] vpos=0 lh=1000 ls=600
  [0]   셀[1] r=0,c=1 rs=1,cs=4 h=1280 w=17916 pad=(510,510,141,141) aim=false bf=55 paras=1 text="2022년"
  [0]     p[0] ps_id=41 ctrls=0 text_len=7 ls[0] vpos=0 lh=1000 ls=0
  [0]   셀[2] r=0,c=5 rs=1,cs=4 h=1280 w=17916 pad=(510,510,141,141) aim=false bf=68 paras=1 text="2023년"
  [0]     p[0] ps_id=41 ctrls=0 text_len=7 ls[0] vpos=0 lh=1000 ls=0
  [0]   셀[3] r=0,c=9 rs=1,cs=1 h=1280 w=5852 pad=(510,510,141,141) aim=false bf=75 paras=1 text="2024년"
  [0]     p[0] ps_id=45 ctrls=0 text_len=7 ls[0] vpos=0 lh=1000 ls=600
  [0]   셀[4] r=1,c=1 rs=1,cs=1 h=1280 w=4479 pad=(510,510,141,141) aim=false bf=47 paras=1 text="1분기"
  [0]     p[0] ps_id=41 ctrls=0 text_len=7 ls[0] vpos=0 lh=1000 ls=0
  [0]   셀[5] r=1,c=2 rs=1,cs=1 h=1280 w=4479 pad=(510,510,141,141) aim=false bf=47 paras=1 text="2분기"
  [0]     p[0] ps_id=41 ctrls=0 text_len=7 ls[0] vpos=0 lh=1000 ls=0
  [0]   셀[6] r=1,c=3 rs=1,cs=1 h=1280 w=4479 pad=(510,510,141,141) aim=false bf=47 paras=1 text="3분기"
  [0]     p[0] ps_id=41 ctrls=0 text_len=7 ls[0] vpos=0 lh=1000 ls=0
  [0]   셀[7] r=1,c=4 rs=1,cs=1 h=1280 w=4479 pad=(510,510,141,141) aim=false bf=47 paras=1 text="4분기"
  [0]     p[0] ps_id=41 ctrls=0 text_len=7 ls[0] vpos=0 lh=1000 ls=0
  [0]   셀[8] r=1,c=5 rs=1,cs=1 h=1280 w=4479 pad=(510,510,141,141) aim=false bf=47 paras=1 text="1분기"
  [0]     p[0] ps_id=41 ctrls=0 text_len=7 ls[0] vpos=0 lh=1000 ls=0
  [0]   셀[9] r=1,c=6 rs=1,cs=1 h=1280 w=4479 pad=(510,510,141,141) aim=false bf=47 paras=1 text="2분기"
  [0]     p[0] ps_id=41 ctrls=0 text_len=7 ls[0] vpos=0 lh=1000 ls=0
  [0]   셀[10] r=1,c=7 rs=1,cs=1 h=1280 w=4479 pad=(510,510,141,141) aim=false bf=56 paras=1 text="3분기"
  [0]     p[0] ps_id=41 ctrls=0 text_len=7 ls[0] vpos=0 lh=1000 ls=0
  [0]   셀[11] r=1,c=8 rs=1,cs=1 h=1280 w=4479 pad=(510,510,141,141) aim=false bf=69 paras=1 text="4분기"
  [0]     p[0] ps_id=41 ctrls=0 text_len=7 ls[0] vpos=0 lh=1000 ls=0
  [0]   셀[12] r=1,c=9 rs=1,cs=1 h=1280 w=5852 pad=(510,510,141,141) aim=false bf=74 paras=1 text="1분기"
  [0]     p[0] ps_id=45 ctrls=0 text_len=7 ls[0] vpos=0 lh=1000 ls=600
  [0]   셀[13] r=2,c=0 rs=1,cs=1 h=1280 w=4651 pad=(510,510,141,141) aim=false bf=57 paras=1 text="총투자"
  [0]     p[0] ps_id=41 ctrls=0 text_len=9 ls[0] vpos=0 lh=1000 ls=0
  [0]   셀[14] r=2,c=1 rs=1,cs=1 h=1280 w=4479 pad=(510,510,141,141) aim=false bf=58 paras=1 text="282.3"
  [0]     p[0] ps_id=69 ctrls=0 text_len=5 ls[0] vpos=0 lh=1000 ls=600
  [0]   셀[15] r=2,c=2 rs=1,cs=1 h=1280 w=4479 pad=(510,510,141,141) aim=false bf=58 paras=1 text="198.5"
  [0]     p[0] ps_id=69 ctrls=0 text_len=5 ls[0] vpos=0 lh=1000 ls=600
  [0]   셀[16] r=2,c=3 rs=1,cs=1 h=1280 w=4479 pad=(510,510,141,141) aim=false bf=58 paras=1 text="184.8"
  [0]     p[0] ps_id=69 ctrls=0 text_len=5 ls[0] vpos=0 lh=1000 ls=600
  [0]   셀[17] r=2,c=4 rs=1,cs=1 h=1280 w=4479 pad=(510,510,141,141) aim=false bf=58 paras=1 text="150.9"
  [0]     p[0] ps_id=69 ctrls=0 text_len=5 ls[0] vpos=0 lh=1000 ls=600
  [0]   셀[18] r=2,c=5 rs=1,cs=1 h=1280 w=4479 pad=(510,510,141,141) aim=false bf=59 paras=1 text="176.8"
  [0]     p[0] ps_id=70 ctrls=0 text_len=5 ls[0] vpos=0 lh=1000 ls=0
  [0]   셀[19] r=2,c=6 rs=1,cs=1 h=1280 w=4479 pad=(510,510,141,141) aim=false bf=58 paras=1 text="159.8"
  [0]     p[0] ps_id=69 ctrls=0 text_len=5 ls[0] vpos=0 lh=1000 ls=600
  [0]   셀[20] r=2,c=7 rs=1,cs=1 h=1280 w=4479 pad=(510,510,141,141) aim=false bf=60 paras=1 text="150.5"
  [0]     p[0] ps_id=69 ctrls=0 text_len=5 ls[0] vpos=0 lh=1000 ls=600
  [0]   셀[21] r=2,c=8 rs=1,cs=1 h=1280 w=4479 pad=(510,510,141,141) aim=false bf=70 paras=1 text="157.7"
  [0]     p[0] ps_id=69 ctrls=0 text_len=5 ls[0] vpos=0 lh=1000 ls=600
  [0]   셀[22] r=2,c=9 rs=1,cs=1 h=1280 w=5852 pad=(510,510,141,141) aim=false bf=71 paras=1 text="150.9"
  [0]     p[0] ps_id=70 ctrls=0 text_len=5 ls[0] vpos=0 lh=1000 ls=0
  [0]   셀[23] r=3,c=0 rs=1,cs=1 h=1280 w=4651 pad=(510,510,141,141) aim=false bf=61 paras=1 text="증감률"
  [0]     p[0] ps_id=71 ctrls=1 text_len=9 ls[0] vpos=0 lh=1000 ls=0
  [0]   셀[24] r=3,c=1 rs=1,cs=1 h=1280 w=4479 pad=(510,510,141,141) aim=false bf=62 paras=1 text="(147.8)"
  [0]     p[0] ps_id=73 ctrls=0 text_len=7 ls[0] vpos=0 lh=1000 ls=0
  [0]   셀[25] r=3,c=2 rs=1,cs=1 h=1280 w=4479 pad=(510,510,141,141) aim=false bf=62 paras=1 text="(16.6)"
  [0]     p[0] ps_id=73 ctrls=0 text_len=6 ls[0] vpos=0 lh=1000 ls=0
  [0]   셀[26] r=3,c=3 rs=1,cs=1 h=1280 w=4479 pad=(510,510,141,141) aim=false bf=62 paras=1 text="(5.2)"
  [0]     p[0] ps_id=73 ctrls=0 text_len=5 ls[0] vpos=0 lh=1000 ls=0
  [0]   셀[27] r=3,c=4 rs=1,cs=1 h=1280 w=4479 pad=(510,510,141,141) aim=false bf=62 paras=1 text="(△51.2)"
  [0]     p[0] ps_id=73 ctrls=0 text_len=9 ls[0] vpos=0 lh=1000 ls=0
  [0]   셀[28] r=3,c=5 rs=1,cs=1 h=1280 w=4479 pad=(510,510,141,141) aim=false bf=63 paras=1 text="(△37.4)"
  [0]     p[0] ps_id=73 ctrls=0 text_len=9 ls[0] vpos=0 lh=1000 ls=0
  [0]   셀[29] r=3,c=6 rs=1,cs=1 h=1280 w=4479 pad=(510,510,141,141) aim=false bf=62 paras=1 text="(△19.5)"
  [0]     p[0] ps_id=73 ctrls=0 text_len=9 ls[0] vpos=0 lh=1000 ls=0
  [0]   셀[30] r=3,c=7 rs=1,cs=1 h=1280 w=4479 pad=(510,510,141,141) aim=false bf=64 paras=1 text="(△18.5)"
  [0]     p[0] ps_id=73 ctrls=0 text_len=9 ls[0] vpos=0 lh=1000 ls=0
  [0]   셀[31] r=3,c=8 rs=1,cs=1 h=1280 w=4479 pad=(510,510,141,141) aim=false bf=72 paras=1 text="(4.5)"
  [0]     p[0] ps_id=73 ctrls=0 text_len=5 ls[0] vpos=0 lh=1000 ls=0
  [0]   셀[32] r=3,c=9 rs=1,cs=1 h=1280 w=5852 pad=(510,510,141,141) aim=false bf=73 paras=1 text="(△14.6)"
  [0]     p[0] ps_id=73 ctrls=0 text_len=9 ls[0] vpos=0 lh=1000 ls=0

--- 문단 0.11 --- cc=133, text_len=132, controls=0 
  텍스트: " 업종별 투자규모는 금융보험업(55.0억 달러), 제조업(40.5억 달러), 부동산업(22..."
  [CS] pos=0 id=53 bold=false spacing=0% ratio=100% char=" "
  [CS] pos=1 id=119 bold=false spacing=-1% ratio=100% char="업"
  [CS] pos=5 id=120 bold=false spacing=-1% ratio=100% char="투"
  [CS] pos=11 id=119 bold=false spacing=-1% ratio=100% char="금"
  [CS] pos=16 id=136 bold=false spacing=-1% ratio=100% char="("
  [CS] pos=26 id=120 bold=false spacing=-1% ratio=100% char=","
  [CS] pos=28 id=119 bold=false spacing=-1% ratio=100% char="제"
  [CS] pos=31 id=136 bold=false spacing=-1% ratio=100% char="("
  [CS] pos=41 id=120 bold=false spacing=-1% ratio=100% char=","
  [CS] pos=43 id=119 bold=false spacing=-1% ratio=100% char="부"
  [CS] pos=47 id=115 bold=false spacing=0% ratio=100% char="("
  [CS] pos=57 id=53 bold=false spacing=0% ratio=100% char=","
  [CS] pos=59 id=121 bold=false spacing=0% ratio=100% char="전"
  [CS] pos=66 id=115 bold=false spacing=0% ratio=100% char="("
  [CS] pos=75 id=53 bold=false spacing=0% ratio=100% char=" "
  [CS] pos=81 id=121 bold=false spacing=0% ratio=100% char="금"
  [CS] pos=92 id=53 bold=false spacing=0% ratio=100% char="의"
  [CS] pos=93 id=121 bold=false spacing=0% ratio=100% char=" "
  [CS] pos=101 id=53 bold=false spacing=0% ratio=100% char="된"
  [CS] pos=107 id=121 bold=false spacing=0% ratio=100% char="부"
  [CS] pos=128 id=53 bold=false spacing=0% ratio=100% char="하"
  [PS] ps_id=78 align=Justify spacing: before=0 after=0 line=150/Percent
       margins: left=0 right=0 indent=0 border_fill_id=2
       border_spacing: left=0 right=0 top=0 bottom=0
       tab_def_id=0 auto_left=false auto_right=false tabs=[(없음)]
  ls[0]: ts=0, vpos=32205, lh=1400, th=1400, bl=1190, ls=700, cs=0, sw=48188, tag=0x00060000
  ls[1]: ts=47, vpos=34305, lh=1400, th=1400, bl=1190, ls=700, cs=0, sw=48188, tag=0x00060000
  ls[2]: ts=94, vpos=36405, lh=1400, th=1400, bl=1190, ls=700, cs=0, sw=48188, tag=0x00060000

--- 문단 0.12 --- cc=1, text_len=0, controls=0 
  텍스트: (빈 문단)
  [PS] ps_id=81 align=Justify spacing: before=0 after=0 line=90/Percent
       margins: left=0 right=0 indent=0 border_fill_id=2
       border_spacing: left=0 right=0 top=0 bottom=0
       tab_def_id=0 auto_left=false auto_right=false tabs=[(없음)]
  ls[0]: ts=0, vpos=38505, lh=800, th=800, bl=680, ls=-80, cs=0, sw=48188, tag=0x00060000

--- 문단 0.13 --- cc=20, text_len=19, controls=0 
  텍스트: "< 업종별 동향(억 달러, %) >"
  [CS] pos=0 id=161 bold=false spacing=0% ratio=100% char="<"
  [CS] pos=2 id=147 bold=false spacing=0% ratio=100% char="업"
  [CS] pos=8 id=149 bold=false spacing=0% ratio=100% char="("
  [CS] pos=17 id=148 bold=false spacing=0% ratio=100% char=" "
  [CS] pos=18 id=161 bold=false spacing=0% ratio=100% char=">"
  [PS] ps_id=83 align=Center spacing: before=0 after=0 line=120/Percent
       margins: left=0 right=0 indent=0 border_fill_id=2
       border_spacing: left=0 right=0 top=0 bottom=0
       tab_def_id=0 auto_left=false auto_right=false tabs=[(없음)]
  ls[0]: ts=0, vpos=39225, lh=1000, th=1000, bl=850, ls=200, cs=0, sw=48188, tag=0x00060000

--- 문단 0.14 --- cc=13, text_len=4, controls=1 
  텍스트: "    "
  [CS] pos=8 id=116 bold=false spacing=0% ratio=100% char=" "
  [PS] ps_id=78 align=Justify spacing: before=0 after=0 line=150/Percent
       margins: left=0 right=0 indent=0 border_fill_id=2
       border_spacing: left=0 right=0 top=0 bottom=0
       tab_def_id=0 auto_left=false auto_right=false tabs=[(없음)]
  ls[0]: ts=0, vpos=40425, lh=600, th=600, bl=510, ls=300, cs=0, sw=48188, tag=0x00060000
  [0] 표: 4행×6열, 셀=24, 쪽나눔=None (attr=0x00000000), padding=(141,141,140,140), cs=0
  [0]   [common] treat_as_char=false, wrap=위아래, vert=문단(289=1.0mm), horz=문단(501=1.8mm)
  [0]   [common] size=46341×6252(163.5×22.1mm), valign=Top, halign=Left
  [0]   [outer_margin] left=0.5mm(141) right=0.5mm(141) top=0.5mm(141) bottom=0.5mm(141)
  [0]   셀[0] r=0,c=0 rs=1,cs=1 h=1563 w=4651 pad=(510,510,141,141) aim=false bf=48 paras=1 text="구분"
  [0]     p[0] ps_id=45 ctrls=0 text_len=6 ls[0] vpos=0 lh=1000 ls=600
  [0]   셀[1] r=0,c=1 rs=1,cs=1 h=1563 w=8338 pad=(510,510,141,141) aim=false bf=81 paras=1 text="금융보험업"
  [0]     p[0] ps_id=41 ctrls=0 text_len=15 ls[0] vpos=0 lh=1000 ls=0
  [0]   셀[2] r=0,c=2 rs=1,cs=1 h=1563 w=8338 pad=(510,510,141,141) aim=false bf=81 paras=1 text="제조업"
  [0]     p[0] ps_id=41 ctrls=0 text_len=9 ls[0] vpos=0 lh=1000 ls=0
  [0]   셀[3] r=0,c=3 rs=1,cs=1 h=1563 w=8338 pad=(510,510,141,141) aim=false bf=81 paras=1 text="부동산업"
  [0]     p[0] ps_id=41 ctrls=0 text_len=12 ls[0] vpos=0 lh=1000 ls=0
  [0]   셀[4] r=0,c=4 rs=1,cs=1 h=1563 w=8338 pad=(510,510,141,141) aim=false bf=81 paras=1 text="전문과학기술업"
  [0]     p[0] ps_id=41 ctrls=0 text_len=21 ls[0] vpos=0 lh=1000 ls=0
  [0]   셀[5] r=0,c=5 rs=1,cs=1 h=1563 w=8338 pad=(510,510,141,141) aim=false bf=82 paras=1 text="광업"
  [0]     p[0] ps_id=41 ctrls=0 text_len=6 ls[0] vpos=0 lh=1000 ls=0
  [0]   셀[6] r=1,c=0 rs=1,cs=1 h=1563 w=4651 pad=(510,510,141,141) aim=false bf=57 paras=1 text="‘23.1Q"
  [0]     p[0] ps_id=41 ctrls=0 text_len=8 ls[0] vpos=0 lh=1000 ls=0
  [0]   셀[7] r=1,c=1 rs=1,cs=1 h=1563 w=8338 pad=(510,510,141,141) aim=false bf=58 paras=1 text="66.8"
  [0]     p[0] ps_id=69 ctrls=0 text_len=4 ls[0] vpos=0 lh=1000 ls=600
  [0]   셀[8] r=1,c=2 rs=1,cs=1 h=1563 w=8338 pad=(510,510,141,141) aim=false bf=58 paras=1 text="63.2"
  [0]     p[0] ps_id=69 ctrls=0 text_len=4 ls[0] vpos=0 lh=1000 ls=600
  [0]   셀[9] r=1,c=3 rs=1,cs=1 h=1563 w=8338 pad=(510,510,141,141) aim=false bf=58 paras=1 text="8.1"
  [0]     p[0] ps_id=69 ctrls=0 text_len=3 ls[0] vpos=0 lh=1000 ls=600
  [0]   셀[10] r=1,c=4 rs=1,cs=1 h=1563 w=8338 pad=(510,510,141,141) aim=false bf=58 paras=1 text="3.6"
  [0]     p[0] ps_id=69 ctrls=0 text_len=3 ls[0] vpos=0 lh=1000 ls=600
  [0]   셀[11] r=1,c=5 rs=1,cs=1 h=1563 w=8338 pad=(510,510,141,141) aim=false bf=78 paras=1 text="11.7"
  [0]     p[0] ps_id=69 ctrls=0 text_len=4 ls[0] vpos=0 lh=1000 ls=600
  [0]   셀[12] r=2,c=0 rs=1,cs=1 h=1563 w=4651 pad=(510,510,141,141) aim=false bf=76 paras=1 text="‘24.1Q"
  [0]     p[0] ps_id=41 ctrls=0 text_len=8 ls[0] vpos=0 lh=1000 ls=0
  [0]   셀[13] r=2,c=1 rs=1,cs=1 h=1563 w=8338 pad=(510,510,141,141) aim=false bf=77 paras=1 text="55.0"
  [0]     p[0] ps_id=69 ctrls=0 text_len=4 ls[0] vpos=0 lh=1000 ls=600
  [0]   셀[14] r=2,c=2 rs=1,cs=1 h=1563 w=8338 pad=(510,510,141,141) aim=false bf=77 paras=1 text="40.5"
  [0]     p[0] ps_id=69 ctrls=0 text_len=4 ls[0] vpos=0 lh=1000 ls=600
  [0]   셀[15] r=2,c=3 rs=1,cs=1 h=1563 w=8338 pad=(510,510,141,141) aim=false bf=77 paras=1 text="22.4"
  [0]     p[0] ps_id=69 ctrls=0 text_len=4 ls[0] vpos=0 lh=1000 ls=600
  [0]   셀[16] r=2,c=4 rs=1,cs=1 h=1563 w=8338 pad=(510,510,141,141) aim=false bf=77 paras=1 text="9.3"
  [0]     p[0] ps_id=69 ctrls=0 text_len=3 ls[0] vpos=0 lh=1000 ls=600
  [0]   셀[17] r=2,c=5 rs=1,cs=1 h=1563 w=8338 pad=(510,510,141,141) aim=false bf=79 paras=1 text="6.3"
  [0]     p[0] ps_id=69 ctrls=0 text_len=3 ls[0] vpos=0 lh=1000 ls=600
  [0]   셀[18] r=3,c=0 rs=1,cs=1 h=1563 w=4651 pad=(510,510,141,141) aim=false bf=61 paras=1 text="증감률(%)"
  [0]     p[0] ps_id=71 ctrls=0 text_len=12 ls[0] vpos=0 lh=1000 ls=0
  [0]   셀[19] r=3,c=1 rs=1,cs=1 h=1563 w=8338 pad=(510,510,141,141) aim=false bf=62 paras=1 text="(17.8)"
  [0]     p[0] ps_id=73 ctrls=0 text_len=6 ls[0] vpos=0 lh=1000 ls=0
  [0]   셀[20] r=3,c=2 rs=1,cs=1 h=1563 w=8338 pad=(510,510,141,141) aim=false bf=62 paras=1 text="(35.9)"
  [0]     p[0] ps_id=73 ctrls=0 text_len=6 ls[0] vpos=0 lh=1000 ls=0
  [0]   셀[21] r=3,c=3 rs=1,cs=1 h=1563 w=8338 pad=(510,510,141,141) aim=false bf=62 paras=1 text="(177.3)"
  [0]     p[0] ps_id=73 ctrls=0 text_len=7 ls[0] vpos=0 lh=1000 ls=0
  [0]   셀[22] r=3,c=4 rs=1,cs=1 h=1563 w=8338 pad=(510,510,141,141) aim=false bf=62 paras=1 text="(156.9)"
  [0]     p[0] ps_id=73 ctrls=0 text_len=7 ls[0] vpos=0 lh=1000 ls=0
  [0]   셀[23] r=3,c=5 rs=1,cs=1 h=1563 w=8338 pad=(510,510,141,141) aim=false bf=80 paras=1 text="(△46.3)"
  [0]     p[0] ps_id=73 ctrls=0 text_len=9 ls[0] vpos=0 lh=1000 ls=0

--- 문단 0.15 --- cc=1, text_len=0, controls=0 
  텍스트: (빈 문단)
  [PS] ps_id=78 align=Justify spacing: before=0 after=0 line=150/Percent
       margins: left=0 right=0 indent=0 border_fill_id=2
       border_spacing: left=0 right=0 top=0 bottom=0
       tab_def_id=0 auto_left=false auto_right=false tabs=[(없음)]
  ls[0]: ts=0, vpos=47248, lh=500, th=500, bl=425, ls=252, cs=0, sw=48188, tag=0x00060000

--- 문단 0.16 --- cc=197, text_len=196, controls=0 
  텍스트: " 지역별로는 북미(67.5억 달러), 유럽(37.0억 달러), 아시아(21.5억 달러), ..."
  [CS] pos=0 id=53 bold=false spacing=0% ratio=100% char=" "
  [CS] pos=1 id=139 bold=false spacing=-1% ratio=100% char="지"
  [CS] pos=4 id=140 bold=false spacing=-1% ratio=100% char="로"
  [CS] pos=7 id=139 bold=false spacing=-1% ratio=100% char="북"
  [CS] pos=9 id=136 bold=false spacing=-1% ratio=100% char="("
  [CS] pos=19 id=140 bold=false spacing=-1% ratio=100% char=","
  [CS] pos=21 id=139 bold=false spacing=-1% ratio=100% char="유"
  [CS] pos=23 id=136 bold=false spacing=-1% ratio=100% char="("
  [CS] pos=33 id=140 bold=false spacing=-1% ratio=100% char=","
  [CS] pos=35 id=139 bold=false spacing=-1% ratio=100% char="아"
  [CS] pos=38 id=136 bold=false spacing=-1% ratio=100% char="("
  [CS] pos=48 id=139 bold=false spacing=-1% ratio=100% char=","
  [CS] pos=53 id=115 bold=false spacing=0% ratio=100% char="("
  [CS] pos=63 id=137 bold=false spacing=0% ratio=100% char=" "
  [CS] pos=64 id=86 bold=false spacing=0% ratio=100% char="순"
  [CS] pos=68 id=93 bold=false spacing=0% ratio=100% char="유"
  [CS] pos=70 id=86 bold=false spacing=0% ratio=100% char="은"
  [CS] pos=71 id=93 bold=false spacing=0% ratio=100% char=" "
  [CS] pos=72 id=86 bold=false spacing=0% ratio=100% char="전"
  [CS] pos=80 id=93 bold=false spacing=0% ratio=100% char="투"
  [CS] pos=86 id=86 bold=false spacing=0% ratio=100% char="를"
  [CS] pos=94 id=93 bold=false spacing=0% ratio=100% char="국"
  [CS] pos=97 id=86 bold=false spacing=0% ratio=100% char="로"
  [CS] pos=100 id=93 bold=false spacing=0% ratio=100% char="미"
  [CS] pos=102 id=115 bold=false spacing=0% ratio=100% char="("
  [CS] pos=112 id=86 bold=false spacing=0% ratio=100% char=","
  [CS] pos=114 id=93 bold=false spacing=0% ratio=100% char="룩"
  [CS] pos=119 id=115 bold=false spacing=0% ratio=100% char="("
  [CS] pos=129 id=137 bold=false spacing=0% ratio=100% char=","
  [CS] pos=131 id=93 bold=false spacing=0% ratio=100% char="케"
  [CS] pos=136 id=115 bold=false spacing=0% ratio=100% char="("
  [CS] pos=148 id=91 bold=false spacing=-2% ratio=100% char="저"
  [CS] pos=150 id=141 bold=false spacing=-2% ratio=100% char="*"
  [CS] pos=151 id=142 bold=false spacing=-2% ratio=100% char="("
  [CS] pos=160 id=91 bold=false spacing=-2% ratio=100% char=","
  [CS] pos=165 id=142 bold=false spacing=-2% ratio=100% char="("
  [CS] pos=174 id=143 bold=false spacing=-2% ratio=100% char=" "
  [CS] pos=175 id=92 bold=false spacing=-2% ratio=100% char="순"
  [CS] pos=179 id=91 bold=false spacing=-2% ratio=100% char="저"
  [PS] ps_id=78 align=Justify spacing: before=0 after=0 line=150/Percent
       margins: left=0 right=0 indent=0 border_fill_id=2
       border_spacing: left=0 right=0 top=0 bottom=0
       tab_def_id=0 auto_left=false auto_right=false tabs=[(없음)]
  ls[0]: ts=0, vpos=48000, lh=1400, th=1400, bl=1190, ls=700, cs=0, sw=48188, tag=0x00060000
  ls[1]: ts=53, vpos=50100, lh=1400, th=1400, bl=1190, ls=700, cs=0, sw=48188, tag=0x00060000
  ls[2]: ts=96, vpos=52200, lh=1400, th=1400, bl=1190, ls=700, cs=0, sw=48188, tag=0x00060000
  ls[3]: ts=148, vpos=54300, lh=1400, th=1400, bl=1190, ls=700, cs=0, sw=48188, tag=0x00060000

--- 문단 0.17 --- cc=1, text_len=0, controls=0 
  텍스트: (빈 문단)
  [PS] ps_id=32 align=Justify spacing: before=0 after=0 line=170/Percent
       margins: left=0 right=0 indent=0 border_fill_id=2
       border_spacing: left=0 right=0 top=0 bottom=0
       tab_def_id=0 auto_left=false auto_right=false tabs=[(없음)]
  ls[0]: ts=0, vpos=56400, lh=300, th=300, bl=255, ls=212, cs=0, sw=48188, tag=0x00060000

--- 문단 0.18 --- cc=51, text_len=50, controls=0 
  텍스트: "   * 저지(Jersey) 섬: 영국과 프랑스 사이의 영국해협에 위치한 영국령 조세회피처"
  [CS] pos=0 id=160 bold=false spacing=0% ratio=100% char=" "
  [CS] pos=3 id=117 bold=false spacing=0% ratio=100% char="*"
  [PS] ps_id=78 align=Justify spacing: before=0 after=0 line=150/Percent
       margins: left=0 right=0 indent=0 border_fill_id=2
       border_spacing: left=0 right=0 top=0 bottom=0
       tab_def_id=0 auto_left=false auto_right=false tabs=[(없음)]
  ls[0]: ts=0, vpos=56912, lh=1200, th=1200, bl=1020, ls=600, cs=0, sw=48188, tag=0x00060000

--- 문단 0.19 --- cc=1, text_len=0, controls=0 
  텍스트: (빈 문단)
  [PS] ps_id=78 align=Justify spacing: before=0 after=0 line=150/Percent
       margins: left=0 right=0 indent=0 border_fill_id=2
       border_spacing: left=0 right=0 top=0 bottom=0
       tab_def_id=0 auto_left=false auto_right=false tabs=[(없음)]
  ls[0]: ts=0, vpos=58712, lh=800, th=800, bl=680, ls=400, cs=0, sw=48188, tag=0x00060000

--- 문단 0.20 --- cc=20, text_len=19, controls=0 
  텍스트: "< 국가별 동향(억 달러, %) >"
  [CS] pos=0 id=161 bold=false spacing=0% ratio=100% char="<"
  [CS] pos=2 id=147 bold=false spacing=0% ratio=100% char="국"
  [CS] pos=8 id=149 bold=false spacing=0% ratio=100% char="("
  [CS] pos=17 id=148 bold=false spacing=0% ratio=100% char=" "
  [CS] pos=18 id=161 bold=false spacing=0% ratio=100% char=">"
  [PS] ps_id=83 align=Center spacing: before=0 after=0 line=120/Percent
       margins: left=0 right=0 indent=0 border_fill_id=2
       border_spacing: left=0 right=0 top=0 bottom=0
       tab_def_id=0 auto_left=false auto_right=false tabs=[(없음)]
  ls[0]: ts=0, vpos=59912, lh=1000, th=1000, bl=850, ls=200, cs=0, sw=48188, tag=0x00060000

--- 문단 0.21 --- cc=13, text_len=4, controls=1 
  텍스트: "    "
  [CS] pos=8 id=116 bold=false spacing=0% ratio=100% char=" "
  [PS] ps_id=78 align=Justify spacing: before=0 after=0 line=150/Percent
       margins: left=0 right=0 indent=0 border_fill_id=2
       border_spacing: left=0 right=0 top=0 bottom=0
       tab_def_id=0 auto_left=false auto_right=false tabs=[(없음)]
  ls[0]: ts=0, vpos=61112, lh=600, th=600, bl=510, ls=300, cs=0, sw=48188, tag=0x00060000
  [0] 표: 4행×6열, 셀=24, 쪽나눔=None (attr=0x00000000), padding=(141,141,140,140), cs=0
  [0]   [common] treat_as_char=false, wrap=위아래, vert=문단(289=1.0mm), horz=문단(501=1.8mm)
  [0]   [common] size=46341×5120(163.5×18.1mm), valign=Top, halign=Left
  [0]   [outer_margin] left=0.5mm(141) right=0.5mm(141) top=0.5mm(141) bottom=0.5mm(141)
  [0]   셀[0] r=0,c=0 rs=1,cs=1 h=1280 w=4651 pad=(510,510,141,141) aim=false bf=48 paras=1 text="구분"
  [0]     p[0] ps_id=45 ctrls=0 text_len=6 ls[0] vpos=0 lh=1000 ls=600
  [0]   셀[1] r=0,c=1 rs=1,cs=1 h=1280 w=8338 pad=(510,510,141,141) aim=false bf=81 paras=1 text="미국"
  [0]     p[0] ps_id=41 ctrls=0 text_len=6 ls[0] vpos=0 lh=1000 ls=0
  [0]   셀[2] r=0,c=2 rs=1,cs=1 h=1280 w=8338 pad=(510,510,141,141) aim=false bf=81 paras=1 text="룩셈부르크"
  [0]     p[0] ps_id=41 ctrls=0 text_len=15 ls[0] vpos=0 lh=1000 ls=0
  [0]   셀[3] r=0,c=3 rs=1,cs=1 h=1280 w=8338 pad=(510,510,141,141) aim=false bf=81 paras=1 text="케이맨제도"
  [0]     p[0] ps_id=41 ctrls=0 text_len=15 ls[0] vpos=0 lh=1000 ls=0
  [0]   셀[4] r=0,c=4 rs=1,cs=1 h=1280 w=8338 pad=(510,510,141,141) aim=false bf=81 paras=1 text="저지"
  [0]     p[0] ps_id=41 ctrls=0 text_len=6 ls[0] vpos=0 lh=1000 ls=0
  [0]   셀[5] r=0,c=5 rs=1,cs=1 h=1280 w=8338 pad=(510,510,141,141) aim=false bf=82 paras=1 text="베트남"
  [0]     p[0] ps_id=41 ctrls=0 text_len=9 ls[0] vpos=0 lh=1000 ls=0
  [0]   셀[6] r=1,c=0 rs=1,cs=1 h=1280 w=4651 pad=(510,510,141,141) aim=false bf=57 paras=1 text="‘23.1Q"
  [0]     p[0] ps_id=41 ctrls=0 text_len=8 ls[0] vpos=0 lh=1000 ls=0
  [0]   셀[7] r=1,c=1 rs=1,cs=1 h=1280 w=8338 pad=(510,510,141,141) aim=false bf=58 paras=1 text="87.1"
  [0]     p[0] ps_id=69 ctrls=0 text_len=4 ls[0] vpos=0 lh=1000 ls=600
  [0]   셀[8] r=1,c=2 rs=1,cs=1 h=1280 w=8338 pad=(510,510,141,141) aim=false bf=58 paras=1 text="9.5"
  [0]     p[0] ps_id=69 ctrls=0 text_len=3 ls[0] vpos=0 lh=1000 ls=600
  [0]   셀[9] r=1,c=3 rs=1,cs=1 h=1280 w=8338 pad=(510,510,141,141) aim=false bf=58 paras=1 text="15.0"
  [0]     p[0] ps_id=69 ctrls=0 text_len=4 ls[0] vpos=0 lh=1000 ls=600
  [0]   셀[10] r=1,c=4 rs=1,cs=1 h=1280 w=8338 pad=(510,510,141,141) aim=false bf=58 paras=1 text="0.3"
  [0]     p[0] ps_id=69 ctrls=0 text_len=3 ls[0] vpos=0 lh=1000 ls=600
  [0]   셀[11] r=1,c=5 rs=1,cs=1 h=1280 w=8338 pad=(510,510,141,141) aim=false bf=78 paras=1 text="4.5"
  [0]     p[0] ps_id=69 ctrls=0 text_len=3 ls[0] vpos=0 lh=1000 ls=600
  [0]   셀[12] r=2,c=0 rs=1,cs=1 h=0 w=4651 pad=(510,510,141,141) aim=false bf=76 paras=1 text="‘24.1Q"
  [0]     p[0] ps_id=41 ctrls=0 text_len=8 ls[0] vpos=0 lh=1000 ls=0
  [0]   셀[13] r=2,c=1 rs=1,cs=1 h=1280 w=8338 pad=(510,510,141,141) aim=false bf=77 paras=1 text="61.2"
  [0]     p[0] ps_id=69 ctrls=0 text_len=4 ls[0] vpos=0 lh=1000 ls=600
  [0]   셀[14] r=2,c=2 rs=1,cs=1 h=1280 w=8338 pad=(510,510,141,141) aim=false bf=77 paras=1 text="16.4"
  [0]     p[0] ps_id=69 ctrls=0 text_len=4 ls[0] vpos=0 lh=1000 ls=600
  [0]   셀[15] r=2,c=3 rs=1,cs=1 h=1280 w=8338 pad=(510,510,141,141) aim=false bf=77 paras=1 text="12.6"
  [0]     p[0] ps_id=69 ctrls=0 text_len=4 ls[0] vpos=0 lh=1000 ls=600
  [0]   셀[16] r=2,c=4 rs=1,cs=1 h=1280 w=8338 pad=(510,510,141,141) aim=false bf=77 paras=1 text="9.3"
  [0]     p[0] ps_id=69 ctrls=0 text_len=3 ls[0] vpos=0 lh=1000 ls=600
  [0]   셀[17] r=2,c=5 rs=1,cs=1 h=1280 w=8338 pad=(510,510,141,141) aim=false bf=79 paras=1 text="6.7"
  [0]     p[0] ps_id=69 ctrls=0 text_len=3 ls[0] vpos=0 lh=1000 ls=600
  [0]   셀[18] r=3,c=0 rs=1,cs=1 h=1280 w=4651 pad=(510,510,141,141) aim=false bf=61 paras=1 text="증감률(%)"
  [0]     p[0] ps_id=71 ctrls=0 text_len=12 ls[0] vpos=0 lh=1000 ls=0
  [0]   셀[19] r=3,c=1 rs=1,cs=1 h=1280 w=8338 pad=(510,510,141,141) aim=false bf=62 paras=1 text="(△29.8)"
  [0]     p[0] ps_id=69 ctrls=0 text_len=9 ls[0] vpos=0 lh=1000 ls=600
  [0]   셀[20] r=3,c=2 rs=1,cs=1 h=1280 w=8338 pad=(510,510,141,141) aim=false bf=62 paras=1 text="(71.8)"
  [0]     p[0] ps_id=69 ctrls=0 text_len=6 ls[0] vpos=0 lh=1000 ls=600
  [0]   셀[21] r=3,c=3 rs=1,cs=1 h=1280 w=8338 pad=(510,510,141,141) aim=false bf=62 paras=1 text="(△16.2)"
  [0]     p[0] ps_id=69 ctrls=0 text_len=9 ls[0] vpos=0 lh=1000 ls=600
  [0]   셀[22] r=3,c=4 rs=1,cs=1 h=1280 w=8338 pad=(510,510,141,141) aim=false bf=62 paras=1 text="(3,236.4)"
  [0]     p[0] ps_id=69 ctrls=0 text_len=9 ls[0] vpos=0 lh=1000 ls=600
  [0]   셀[23] r=3,c=5 rs=1,cs=1 h=1280 w=8338 pad=(510,510,141,141) aim=false bf=80 paras=1 text="(47.4)"
  [0]     p[0] ps_id=69 ctrls=0 text_len=6 ls[0] vpos=0 lh=1000 ls=600

--- 문단 0.22 --- cc=20, text_len=19, controls=0 [쪽나누기]
  텍스트: "< 지역별 동향(억 달러, %) >"
  [CS] pos=0 id=161 bold=false spacing=0% ratio=100% char="<"
  [CS] pos=2 id=147 bold=false spacing=0% ratio=100% char="지"
  [CS] pos=8 id=149 bold=false spacing=0% ratio=100% char="("
  [CS] pos=17 id=148 bold=false spacing=0% ratio=100% char=" "
  [CS] pos=18 id=161 bold=false spacing=0% ratio=100% char=">"
  [PS] ps_id=79 align=Center spacing: before=0 after=0 line=110/Percent
       margins: left=0 right=0 indent=0 border_fill_id=2
       border_spacing: left=0 right=0 top=0 bottom=0
       tab_def_id=0 auto_left=false auto_right=false tabs=[(없음)]
  ls[0]: ts=0, vpos=66803, lh=1000, th=1000, bl=850, ls=100, cs=0, sw=48188, tag=0x00060000

--- 문단 0.23 --- cc=13, text_len=4, controls=1 
  텍스트: "    "
  [CS] pos=8 id=116 bold=false spacing=0% ratio=100% char=" "
  [PS] ps_id=74 align=Justify spacing: before=0 after=0 line=140/Percent
       margins: left=0 right=0 indent=0 border_fill_id=2
       border_spacing: left=0 right=0 top=0 bottom=0
       tab_def_id=0 auto_left=false auto_right=false tabs=[(없음)]
  ls[0]: ts=0, vpos=67903, lh=600, th=600, bl=510, ls=240, cs=0, sw=48188, tag=0x00060000
  [0] 표: 4행×8열, 셀=32, 쪽나눔=None (attr=0x00000000), padding=(141,141,140,140), cs=0
  [0]   [common] treat_as_char=false, wrap=위아래, vert=문단(289=1.0mm), horz=문단(501=1.8mm)
  [0]   [common] size=47078×5120(166.1×18.1mm), valign=Top, halign=Left
  [0]   [outer_margin] left=0.5mm(141) right=0.5mm(141) top=0.5mm(141) bottom=0.5mm(141)
  [0]   셀[0] r=0,c=0 rs=1,cs=1 h=1280 w=4651 pad=(510,510,141,141) aim=false bf=48 paras=1 text="구분"
  [0]     p[0] ps_id=45 ctrls=0 text_len=6 ls[0] vpos=0 lh=1000 ls=600
  [0]   셀[1] r=0,c=1 rs=1,cs=1 h=1280 w=6061 pad=(510,510,141,141) aim=false bf=81 paras=1 text="북미"
  [0]     p[0] ps_id=41 ctrls=0 text_len=6 ls[0] vpos=0 lh=1000 ls=0
  [0]   셀[2] r=0,c=2 rs=1,cs=1 h=1280 w=6061 pad=(510,510,141,141) aim=false bf=81 paras=1 text="유럽"
  [0]     p[0] ps_id=41 ctrls=0 text_len=6 ls[0] vpos=0 lh=1000 ls=0
  [0]   셀[3] r=0,c=3 rs=1,cs=1 h=1280 w=6061 pad=(510,510,141,141) aim=false bf=81 paras=1 text="아시아"
  [0]     p[0] ps_id=41 ctrls=0 text_len=9 ls[0] vpos=0 lh=1000 ls=0
  [0]   셀[4] r=0,c=4 rs=1,cs=1 h=1280 w=6061 pad=(510,510,141,141) aim=false bf=81 paras=1 text="중남미"
  [0]     p[0] ps_id=41 ctrls=0 text_len=9 ls[0] vpos=0 lh=1000 ls=0
  [0]   셀[5] r=0,c=5 rs=1,cs=1 h=1280 w=6061 pad=(510,510,141,141) aim=false bf=81 paras=1 text="대양주"
  [0]     p[0] ps_id=41 ctrls=0 text_len=9 ls[0] vpos=0 lh=1000 ls=0
  [0]   셀[6] r=0,c=6 rs=1,cs=1 h=1280 w=6061 pad=(510,510,141,141) aim=false bf=81 paras=1 text="아프리카"
  [0]     p[0] ps_id=41 ctrls=0 text_len=12 ls[0] vpos=0 lh=1000 ls=0
  [0]   셀[7] r=0,c=7 rs=1,cs=1 h=1280 w=6061 pad=(510,510,141,141) aim=false bf=82 paras=1 text="중동"
  [0]     p[0] ps_id=41 ctrls=0 text_len=6 ls[0] vpos=0 lh=1000 ls=0
  [0]   셀[8] r=1,c=0 rs=1,cs=1 h=1280 w=4651 pad=(510,510,141,141) aim=false bf=57 paras=1 text="‘23.1Q"
  [0]     p[0] ps_id=41 ctrls=0 text_len=8 ls[0] vpos=0 lh=1000 ls=0
  [0]   셀[9] r=1,c=1 rs=1,cs=1 h=1280 w=6061 pad=(510,510,141,141) aim=false bf=58 paras=1 text="97.8"
  [0]     p[0] ps_id=69 ctrls=0 text_len=4 ls[0] vpos=0 lh=1000 ls=600
  [0]   셀[10] r=1,c=2 rs=1,cs=1 h=1280 w=6061 pad=(510,510,141,141) aim=false bf=58 paras=1 text="23.4"
  [0]     p[0] ps_id=69 ctrls=0 text_len=4 ls[0] vpos=0 lh=1000 ls=600
  [0]   셀[11] r=1,c=3 rs=1,cs=1 h=1280 w=6061 pad=(510,510,141,141) aim=false bf=58 paras=1 text="23.9"
  [0]     p[0] ps_id=69 ctrls=0 text_len=4 ls[0] vpos=0 lh=1000 ls=600
  [0]   셀[12] r=1,c=4 rs=1,cs=1 h=1280 w=6061 pad=(510,510,141,141) aim=false bf=58 paras=1 text="30.8"
  [0]     p[0] ps_id=69 ctrls=0 text_len=4 ls[0] vpos=0 lh=1000 ls=600
  [0]   셀[13] r=1,c=5 rs=1,cs=1 h=1280 w=6061 pad=(510,510,141,141) aim=false bf=58 paras=1 text="0.6"
  [0]     p[0] ps_id=69 ctrls=0 text_len=3 ls[0] vpos=0 lh=1000 ls=600
  [0]   셀[14] r=1,c=6 rs=1,cs=1 h=1280 w=6061 pad=(510,510,141,141) aim=false bf=58 paras=1 text="0.3"
  [0]     p[0] ps_id=69 ctrls=0 text_len=3 ls[0] vpos=0 lh=1000 ls=600
  [0]   셀[15] r=1,c=7 rs=1,cs=1 h=1280 w=6061 pad=(510,510,141,141) aim=false bf=78 paras=1 text="0.1"
  [0]     p[0] ps_id=69 ctrls=0 text_len=3 ls[0] vpos=0 lh=1000 ls=600
  [0]   셀[16] r=2,c=0 rs=1,cs=1 h=0 w=4651 pad=(510,510,141,141) aim=false bf=76 paras=1 text="‘24.1Q"
  [0]     p[0] ps_id=41 ctrls=0 text_len=8 ls[0] vpos=0 lh=1000 ls=0
  [0]   셀[17] r=2,c=1 rs=1,cs=1 h=1280 w=6061 pad=(510,510,141,141) aim=false bf=77 paras=1 text="67.5"
  [0]     p[0] ps_id=69 ctrls=0 text_len=4 ls[0] vpos=0 lh=1000 ls=600
  [0]   셀[18] r=2,c=2 rs=1,cs=1 h=1280 w=6061 pad=(510,510,141,141) aim=false bf=77 paras=1 text="37.0"
  [0]     p[0] ps_id=69 ctrls=0 text_len=4 ls[0] vpos=0 lh=1000 ls=600
  [0]   셀[19] r=2,c=3 rs=1,cs=1 h=1280 w=6061 pad=(510,510,141,141) aim=false bf=77 paras=1 text="21.5"
  [0]     p[0] ps_id=69 ctrls=0 text_len=4 ls[0] vpos=0 lh=1000 ls=600
  [0]   셀[20] r=2,c=4 rs=1,cs=1 h=1280 w=6061 pad=(510,510,141,141) aim=false bf=77 paras=1 text="18.6"
  [0]     p[0] ps_id=69 ctrls=0 text_len=4 ls[0] vpos=0 lh=1000 ls=600
  [0]   셀[21] r=2,c=5 rs=1,cs=1 h=1280 w=6061 pad=(510,510,141,141) aim=false bf=77 paras=1 text="2.7"
  [0]     p[0] ps_id=69 ctrls=0 text_len=3 ls[0] vpos=0 lh=1000 ls=600
  [0]   셀[22] r=2,c=6 rs=1,cs=1 h=1280 w=6061 pad=(510,510,141,141) aim=false bf=77 paras=1 text="2.6"
  [0]     p[0] ps_id=69 ctrls=0 text_len=3 ls[0] vpos=0 lh=1000 ls=600
  [0]   셀[23] r=2,c=7 rs=1,cs=1 h=1280 w=6061 pad=(510,510,141,141) aim=false bf=79 paras=1 text="1.1"
  [0]     p[0] ps_id=69 ctrls=0 text_len=3 ls[0] vpos=0 lh=1000 ls=600
  [0]   셀[24] r=3,c=0 rs=1,cs=1 h=1280 w=4651 pad=(510,510,141,141) aim=false bf=61 paras=1 text="증감률(%)"
  [0]     p[0] ps_id=71 ctrls=0 text_len=12 ls[0] vpos=0 lh=1000 ls=0
  [0]   셀[25] r=3,c=1 rs=1,cs=1 h=1280 w=6061 pad=(510,510,141,141) aim=false bf=62 paras=1 text="(△31.0)"
  [0]     p[0] ps_id=69 ctrls=0 text_len=9 ls[0] vpos=0 lh=1000 ls=600
  [0]   셀[26] r=3,c=2 rs=1,cs=1 h=1280 w=6061 pad=(510,510,141,141) aim=false bf=62 paras=1 text="(58.2)"
  [0]     p[0] ps_id=69 ctrls=0 text_len=6 ls[0] vpos=0 lh=1000 ls=600
  [0]   셀[27] r=3,c=3 rs=1,cs=1 h=1280 w=6061 pad=(510,510,141,141) aim=false bf=62 paras=1 text="(△9.7)"
  [0]     p[0] ps_id=69 ctrls=0 text_len=8 ls[0] vpos=0 lh=1000 ls=600
  [0]   셀[28] r=3,c=4 rs=1,cs=1 h=1280 w=6061 pad=(510,510,141,141) aim=false bf=62 paras=1 text="(△39.6)"
  [0]     p[0] ps_id=69 ctrls=0 text_len=9 ls[0] vpos=0 lh=1000 ls=600
  [0]   셀[29] r=3,c=5 rs=1,cs=1 h=1280 w=6061 pad=(510,510,141,141) aim=false bf=62 paras=1 text="(353.0)"
  [0]     p[0] ps_id=69 ctrls=0 text_len=7 ls[0] vpos=0 lh=1000 ls=600
  [0]   셀[30] r=3,c=6 rs=1,cs=1 h=1280 w=6061 pad=(510,510,141,141) aim=false bf=62 paras=1 text="(773.5)"
  [0]     p[0] ps_id=69 ctrls=0 text_len=7 ls[0] vpos=0 lh=1000 ls=600
  [0]   셀[31] r=3,c=7 rs=1,cs=1 h=1280 w=6061 pad=(510,510,141,141) aim=false bf=80 paras=1 text="(616.9)"
  [0]     p[0] ps_id=69 ctrls=0 text_len=7 ls[0] vpos=0 lh=1000 ls=600

--- 문단 0.24 --- cc=1, text_len=0, controls=0 
  텍스트: (빈 문단)
  [PS] ps_id=84 align=Justify spacing: before=0 after=0 line=150/Percent
       margins: left=0 right=0 indent=0 border_fill_id=2
       border_spacing: left=0 right=0 top=0 bottom=0
       tab_def_id=0 auto_left=false auto_right=false tabs=[(없음)]
  ls[0]: ts=0, vpos=73594, lh=500, th=500, bl=425, ls=252, cs=0, sw=48188, tag=0x00060000

--- 문단 0.25 --- cc=335, text_len=334, controls=0 
  텍스트: " 2024년 1분기 해외직접투자(150.9억 달러)가 직전분기 회복세에서 주춤한 모습인데 ..."
  [CS] pos=0 id=86 bold=false spacing=0% ratio=100% char=" "
  [CS] pos=1 id=93 bold=false spacing=0% ratio=100% char="2"
  [CS] pos=17 id=115 bold=false spacing=0% ratio=100% char="("
  [CS] pos=28 id=86 bold=false spacing=0% ratio=100% char="가"
  [CS] pos=52 id=74 bold=false spacing=-3% ratio=100% char=" "
  [CS] pos=53 id=83 bold=false spacing=-3% ratio=100% char="고"
  [CS] pos=76 id=74 bold=false spacing=-3% ratio=100% char="에"
  [CS] pos=81 id=83 bold=false spacing=-3% ratio=100% char="투"
  [CS] pos=89 id=74 bold=false spacing=-3% ratio=100% char="등"
  [CS] pos=91 id=86 bold=false spacing=0% ratio=100% char=" "
  [CS] pos=107 id=92 bold=false spacing=-2% ratio=100% char="한"
  [CS] pos=111 id=91 bold=false spacing=-2% ratio=100% char="북"
  [CS] pos=113 id=92 bold=false spacing=-2% ratio=100% char=","
  [CS] pos=115 id=91 bold=false spacing=-2% ratio=100% char="유"
  [CS] pos=120 id=92 bold=false spacing=-2% ratio=100% char=" "
  [CS] pos=129 id=91 bold=false spacing=-2% ratio=100% char="항"
  [CS] pos=136 id=92 bold=false spacing=-2% ratio=100% char=","
  [CS] pos=138 id=91 bold=false spacing=-2% ratio=100% char="이"
  [CS] pos=142 id=93 bold=false spacing=0% ratio=100% char=" "
  [CS] pos=156 id=86 bold=false spacing=0% ratio=100% char="되"
  [CS] pos=184 id=93 bold=false spacing=0% ratio=100% char="대"
  [CS] pos=195 id=86 bold=false spacing=0% ratio=100% char="되"
  [CS] pos=215 id=92 bold=false spacing=-2% ratio=100% char="정"
  [CS] pos=219 id=91 bold=false spacing=-2% ratio=100% char="국"
  [CS] pos=228 id=92 bold=false spacing=-2% ratio=100% char=","
  [CS] pos=240 id=91 bold=false spacing=-2% ratio=100% char="복"
  [CS] pos=245 id=92 bold=false spacing=-2% ratio=100% char="가"
  [CS] pos=247 id=91 bold=false spacing=-2% ratio=100% char="고"
  [CS] pos=249 id=92 bold=false spacing=-2% ratio=100% char="되"
  [CS] pos=258 id=164 bold=false spacing=-4% ratio=100% char="서"
  [CS] pos=275 id=165 bold=false spacing=-4% ratio=100% char="안"
  [CS] pos=278 id=164 bold=false spacing=-4% ratio=100% char="으"
  [CS] pos=281 id=165 bold=false spacing=-4% ratio=100% char="경"
  [CS] pos=285 id=164 bold=false spacing=-4% ratio=100% char="을"
  [CS] pos=287 id=165 bold=false spacing=-4% ratio=100% char="영"
  [CS] pos=289 id=164 bold=false spacing=-4% ratio=100% char="할"
  [CS] pos=297 id=165 bold=false spacing=-4% ratio=100% char="주"
  [CS] pos=307 id=164 bold=false spacing=-4% ratio=100% char="와"
  [CS] pos=311 id=166 bold=false spacing=-12% ratio=100% char="도"
  [CS] pos=314 id=167 bold=false spacing=-12% ratio=100% char="소"
  [CS] pos=320 id=166 bold=false spacing=-12% ratio=100% char="을"
  [CS] pos=322 id=167 bold=false spacing=-12% ratio=100% char="강"
  [CS] pos=324 id=166 bold=false spacing=-12% ratio=100% char="해"
  [PS] ps_id=78 align=Justify spacing: before=0 after=0 line=150/Percent
       margins: left=0 right=0 indent=0 border_fill_id=2
       border_spacing: left=0 right=0 top=0 bottom=0
       tab_def_id=0 auto_left=false auto_right=false tabs=[(없음)]
  ls[0]: ts=0, vpos=74346, lh=1400, th=1400, bl=1190, ls=700, cs=0, sw=48188, tag=0x00060000
  ls[1]: ts=45, vpos=76446, lh=1400, th=1400, bl=1190, ls=700, cs=0, sw=48188, tag=0x00060000
  ls[2]: ts=86, vpos=78546, lh=1400, th=1400, bl=1190, ls=700, cs=0, sw=48188, tag=0x00060000
  ls[3]: ts=129, vpos=80646, lh=1400, th=1400, bl=1190, ls=700, cs=0, sw=48188, tag=0x00060000
  ls[4]: ts=169, vpos=82746, lh=1400, th=1400, bl=1190, ls=700, cs=0, sw=48188, tag=0x00060000
  ls[5]: ts=211, vpos=84846, lh=1400, th=1400, bl=1190, ls=700, cs=0, sw=48188, tag=0x00060000
  ls[6]: ts=252, vpos=86946, lh=1400, th=1400, bl=1190, ls=700, cs=0, sw=48188, tag=0x00060000
  ls[7]: ts=293, vpos=89046, lh=1400, th=1400, bl=1190, ls=700, cs=0, sw=48188, tag=0x00060000

--- 문단 0.26 --- cc=1, text_len=0, controls=0 
  텍스트: (빈 문단)
  [PS] ps_id=74 align=Justify spacing: before=0 after=0 line=140/Percent
       margins: left=0 right=0 indent=0 border_fill_id=2
       border_spacing: left=0 right=0 top=0 bottom=0
       tab_def_id=0 auto_left=false auto_right=false tabs=[(없음)]
  ls[0]: ts=0, vpos=91146, lh=1400, th=1400, bl=1190, ls=560, cs=0, sw=48188, tag=0x00060000

--- 문단 0.27 --- cc=1, text_len=0, controls=0 
  텍스트: (빈 문단)
  [PS] ps_id=54 align=Justify spacing: before=0 after=0 line=143/Percent
       margins: left=0 right=0 indent=0 border_fill_id=2
       border_spacing: left=0 right=0 top=0 bottom=0
       tab_def_id=0 auto_left=false auto_right=false tabs=[(없음)]
  ls[0]: ts=0, vpos=93106, lh=400, th=400, bl=340, ls=172, cs=0, sw=48188, tag=0x00060000

--- 문단 0.28 --- cc=147, text_len=138, controls=1 
  텍스트: "  ※ 2024년 해외직접투자 상세통계는 별첨 참고자료를 확인해주시기 바랍니다. 기타 해외..."
  [CS] pos=8 id=34 bold=false spacing=0% ratio=100% char=" "
  [CS] pos=12 id=50 bold=false spacing=0% ratio=100% char="2"
  [CS] pos=13 id=76 bold=false spacing=-10% ratio=100% char="0"
  [CS] pos=76 id=77 bold=false spacing=-10% ratio=100% char="국"
  [CS] pos=98 id=78 bold=false spacing=-10% ratio=100% char="h"
  [CS] pos=137 id=77 bold=false spacing=-10% ratio=100% char=" "
  [CS] pos=138 id=76 bold=false spacing=-10% ratio=100% char="참"
  [PS] ps_id=55 align=Justify spacing: before=0 after=0 line=143/Percent
       margins: left=0 right=0 indent=0 border_fill_id=2
       border_spacing: left=0 right=0 top=0 bottom=0
       tab_def_id=0 auto_left=false auto_right=false tabs=[(없음)]
  ls[0]: ts=0, vpos=93678, lh=1000, th=1000, bl=850, ls=432, cs=0, sw=48188, tag=0x00060000
  ls[1]: ts=71, vpos=95110, lh=1000, th=1000, bl=850, ls=432, cs=0, sw=48188, tag=0x00160000
  [0] 표: 2행×6열, 셀=12, 쪽나눔=CellBreak (attr=0x00000000), padding=(141,141,141,141), cs=0
  [0]   [common] treat_as_char=false, wrap=위아래, vert=문단(2770=9.8mm), horz=문단(0=0.0mm)
  [0]   [common] size=47697×3130(168.3×11.0mm), valign=Top, halign=Left
  [0]   [outer_margin] left=1.0mm(283) right=1.0mm(283) top=1.0mm(283) bottom=1.0mm(283)
  [0]   셀[0] r=0,c=0 rs=1,cs=1 h=1565 w=6236 pad=(510,510,141,141) aim=false bf=39 paras=1 text="담당 부서"
  [0]     p[0] ps_id=16 ctrls=0 text_len=13 ls[0] vpos=0 lh=1000 ls=600
  [0]   셀[1] r=0,c=1 rs=1,cs=1 h=1565 w=15167 pad=(510,510,141,141) aim=false bf=39 paras=1 text="대외경제국"
  [0]     p[0] ps_id=16 ctrls=0 text_len=15 ls[0] vpos=0 lh=1000 ls=600
  [0]   셀[2] r=0,c=2 rs=1,cs=1 h=1565 w=6081 pad=(510,510,141,141) aim=false bf=3 paras=1 text="책임자"
  [0]     p[0] ps_id=16 ctrls=0 text_len=9 ls[0] vpos=0 lh=1000 ls=600
  [0]   셀[3] r=0,c=3 rs=1,cs=1 h=1565 w=5322 pad=(510,510,141,141) aim=false bf=9 paras=1 text="과  장 "
  [0]     p[0] ps_id=9 ctrls=0 text_len=9 ls[0] vpos=0 lh=1000 ls=600
  [0]   셀[4] r=0,c=4 rs=1,cs=1 h=1565 w=4190 pad=(510,510,141,141) aim=false bf=38 paras=1 text="강병중"
  [0]     p[0] ps_id=9 ctrls=0 text_len=9 ls[0] vpos=0 lh=1000 ls=600
  [0]   셀[5] r=0,c=5 rs=1,cs=1 h=1565 w=10701 pad=(510,510,141,141) aim=false bf=8 paras=1 text="(044-215-7630)"
  [0]     p[0] ps_id=40 ctrls=0 text_len=14 ls[0] vpos=0 lh=1000 ls=600
  [0]   셀[6] r=1,c=0 rs=1,cs=1 h=1565 w=6236 pad=(510,510,141,141) aim=false bf=37 paras=1 text=""
  [0]     p[0] ps_id=16 ctrls=0 text_len=0 ls[0] vpos=0 lh=1000 ls=600
  [0]   셀[7] r=1,c=1 rs=1,cs=1 h=1565 w=15167 pad=(510,510,141,141) aim=false bf=37 paras=1 text="국제경제과"
  [0]     p[0] ps_id=16 ctrls=0 text_len=15 ls[0] vpos=0 lh=1000 ls=600
  [0]   셀[8] r=1,c=2 rs=1,cs=1 h=1565 w=6081 pad=(510,510,141,141) aim=false bf=3 paras=1 text="담당자"
  [0]     p[0] ps_id=16 ctrls=0 text_len=9 ls[0] vpos=0 lh=1000 ls=600
  [0]   셀[9] r=1,c=3 rs=1,cs=1 h=1565 w=5322 pad=(510,510,141,141) aim=false bf=9 paras=1 text="사무관"
  [0]     p[0] ps_id=9 ctrls=0 text_len=9 ls[0] vpos=0 lh=1000 ls=600
  [0]   셀[10] r=1,c=4 rs=1,cs=1 h=1565 w=4190 pad=(510,510,141,141) aim=false bf=38 paras=1 text="황예진"
  [0]     p[0] ps_id=9 ctrls=0 text_len=9 ls[0] vpos=0 lh=1000 ls=600
  [0]   셀[11] r=1,c=5 rs=1,cs=1 h=1565 w=10701 pad=(510,510,141,141) aim=false bf=8 paras=1 text="(yejin1210@korea.kr)"
  [0]     p[0] ps_id=40 ctrls=0 text_len=20 ls[0] vpos=0 lh=1000 ls=600

--- 문단 0.29 --- cc=9, text_len=0, controls=1 
  텍스트: (빈 문단)
  [CS] pos=8 id=54 bold=false spacing=0% ratio=100% char=""
  [PS] ps_id=54 align=Justify spacing: before=0 after=0 line=143/Percent
       margins: left=0 right=0 indent=0 border_fill_id=2
       border_spacing: left=0 right=0 top=0 bottom=0
       tab_def_id=0 auto_left=false auto_right=false tabs=[(없음)]
  ls[0]: ts=0, vpos=100144, lh=100, th=100, bl=85, ls=44, cs=0, sw=48188, tag=0x00060000
  [0]   [묶음] children=3
    크기: 167.6mm × 13.1mm (47509×3721 HU)
    위치: 가로=문단 오프셋=0.0mm(0), 세로=문단 오프셋=2.8mm(783)
    배치: 위아래, 글자처럼=false, z=4
    요소: orig=47509×3721, curr=0×0, M=[1.000,0.000,0; 0.000,1.000,0], offset=(0,0), eff=0.0mm×0.0mm
    child[0]     [그림] bin_data_id=3
      크기: 33.4mm × 11.6mm (9480×3300 HU)
      위치: 가로=용지 오프셋=15151689.1mm(4294966986), 세로=용지 오프셋=4.0mm(1133)
      배치: 위아래, 글자처럼=false, z=0
      요소: orig=9480×3300, curr=0×0, M=[0.724,0.000,0; 0.000,0.724,1133], offset=(-310,1133), eff=0.0mm×0.0mm
    child[1]     [그림] bin_data_id=4
      크기: 189.2mm × 29.4mm (53640×8340 HU)
      위치: 가로=용지 오프셋=33.0mm(9360), 세로=용지 오프셋=0.0mm(0)
      배치: 위아래, 글자처럼=false, z=0
      요소: orig=53640×8340, curr=0×0, M=[0.518,0.000,9360; 0.000,0.446,0], offset=(9360,0), eff=0.0mm×0.0mm
    child[2]     [그림] bin_data_id=5
      크기: 21.5mm × 8.7mm (6082×2457 HU)
      위치: 가로=용지 오프셋=137.9mm(39096), 세로=용지 오프셋=2.3mm(657)
      배치: 위아래, 글자처럼=false, z=0
      요소: orig=6082×2457, curr=0×0, M=[1.472,0.000,38559; 0.000,1.287,474], offset=(39096,657), eff=0.0mm×0.0mm

--- 문단 0.30 --- cc=9, text_len=0, controls=1 [쪽나누기]
  텍스트: (빈 문단)
  [CS] pos=8 id=56 bold=false spacing=-1% ratio=100% char=""
  [PS] ps_id=46 align=Justify spacing: before=0 after=0 line=140/Percent
       margins: left=0 right=0 indent=0 border_fill_id=2
       border_spacing: left=0 right=0 top=0 bottom=0
       tab_def_id=0 auto_left=false auto_right=false tabs=[(없음)]
  ls[0]: ts=0, vpos=100288, lh=3195, th=3195, bl=2716, ls=160, cs=0, sw=48188, tag=0x00060000
  [0] 표: 1행×3열, 셀=3, 쪽나눔=None (attr=0x00000000), padding=(140,140,140,140), cs=0
  [0]   [common] treat_as_char=true, wrap=위아래, vert=문단(0=0.0mm), horz=단(0=0.0mm)
  [0]   [common] size=47977×2915(169.3×10.3mm), valign=Top, halign=Left
  [0]   [outer_margin] left=0.5mm(140) right=0.5mm(140) top=0.5mm(140) bottom=0.5mm(140)
  [0]   셀[0] r=0,c=0 rs=1,cs=1 h=2915 w=5820 pad=(510,510,141,141) aim=false bf=11 paras=1 text="별첨"
  [0]     p[0] ps_id=16 ctrls=0 text_len=6 ls[0] vpos=0 lh=1600 ls=960
  [0]   셀[1] r=0,c=1 rs=1,cs=1 h=2915 w=598 pad=(510,510,141,141) aim=false bf=12 paras=1 text=""
  [0]     p[0] ps_id=0 ctrls=0 text_len=0 ls[0] vpos=0 lh=1600 ls=960
  [0]   셀[2] r=0,c=2 rs=1,cs=1 h=2915 w=41559 pad=(510,510,141,141) aim=false bf=13 paras=1 text="’24.1분기 해외직접투자 세부 통계(단위: 억 달러,"
  [0]     p[0] ps_id=15 ctrls=0 text_len=89 ls[0] vpos=0 lh=1600 ls=960

--- 문단 0.31 --- cc=33, text_len=0, controls=4 
  텍스트: (빈 문단)
  [CS] pos=32 id=44 bold=false spacing=0% ratio=100% char=""
  [PS] ps_id=47 align=Right spacing: before=0 after=0 line=140/Percent
       margins: left=0 right=0 indent=0 border_fill_id=2
       border_spacing: left=0 right=0 top=0 bottom=0
       tab_def_id=0 auto_left=false auto_right=false tabs=[(없음)]
  ls[0]: ts=0, vpos=103643, lh=200, th=200, bl=170, ls=80, cs=0, sw=48188, tag=0x00060000
  [0] 감추기: header=false, footer=false, master=false, border=true, fill=false, page_num=false
  [1] 감추기: header=false, footer=false, master=false, border=true, fill=false, page_num=false
  [2] 감추기: header=false, footer=false, master=false, border=true, fill=false, page_num=false
  [3] 감추기: header=false, footer=false, master=false, border=true, fill=false, page_num=false

--- 문단 0.32 --- cc=1, text_len=0, controls=0 
  텍스트: (빈 문단)
  [PS] ps_id=48 align=Justify spacing: before=0 after=0 line=110/Percent
       margins: left=0 right=0 indent=0 border_fill_id=2
       border_spacing: left=0 right=0 top=0 bottom=0
       tab_def_id=0 auto_left=false auto_right=false tabs=[(없음)]
  ls[0]: ts=0, vpos=103923, lh=800, th=800, bl=680, ls=80, cs=0, sw=48188, tag=0x00060000

--- 문단 0.33 --- cc=9, text_len=8, controls=0 
  텍스트: "(총투자 기준)"
  [CS] pos=0 id=94 bold=false spacing=0% ratio=100% char="("
  [PS] ps_id=15 align=Justify spacing: before=0 after=0 line=160/Percent
       margins: left=0 right=0 indent=0 border_fill_id=2
       border_spacing: left=0 right=0 top=0 bottom=0
       tab_def_id=0 auto_left=false auto_right=false tabs=[(없음)]
  ls[0]: ts=0, vpos=104803, lh=1600, th=1600, bl=1360, ls=960, cs=0, sw=48188, tag=0x00060000

--- 문단 0.34 --- cc=1, text_len=0, controls=0 
  텍스트: (빈 문단)
  [PS] ps_id=75 align=Justify spacing: before=0 after=0 line=80/Percent
       margins: left=0 right=0 indent=0 border_fill_id=2
       border_spacing: left=0 right=0 top=0 bottom=0
       tab_def_id=0 auto_left=false auto_right=false tabs=[(없음)]
  ls[0]: ts=0, vpos=107363, lh=500, th=500, bl=425, ls=-100, cs=0, sw=48188, tag=0x00060000

--- 문단 0.35 --- cc=10, text_len=9, controls=0 
  텍스트: "1. 분기별 동향"
  [CS] pos=0 id=52 bold=false spacing=0% ratio=100% char="1"
  [PS] ps_id=72 align=Justify spacing: before=0 after=0 line=130/Percent
       margins: left=0 right=0 indent=0 border_fill_id=2
       border_spacing: left=0 right=0 top=0 bottom=0
       tab_def_id=0 auto_left=false auto_right=false tabs=[(없음)]
  ls[0]: ts=0, vpos=107763, lh=1600, th=1600, bl=1360, ls=480, cs=0, sw=48188, tag=0x00060000

--- 문단 0.36 --- cc=1, text_len=0, controls=0 
  텍스트: (빈 문단)
  [PS] ps_id=48 align=Justify spacing: before=0 after=0 line=110/Percent
       margins: left=0 right=0 indent=0 border_fill_id=2
       border_spacing: left=0 right=0 top=0 bottom=0
       tab_def_id=0 auto_left=false auto_right=false tabs=[(없음)]
  ls[0]: ts=0, vpos=109843, lh=700, th=700, bl=595, ls=72, cs=0, sw=48188, tag=0x00060000

--- 문단 0.37 --- cc=9, text_len=0, controls=1 
  텍스트: (빈 문단)
  [CS] pos=8 id=46 bold=false spacing=0% ratio=100% char=""
  [PS] ps_id=48 align=Justify spacing: before=0 after=0 line=110/Percent
       margins: left=0 right=0 indent=0 border_fill_id=2
       border_spacing: left=0 right=0 top=0 bottom=0
       tab_def_id=0 auto_left=false auto_right=false tabs=[(없음)]
  ls[0]: ts=0, vpos=110615, lh=6186, th=6186, bl=5258, ls=132, cs=0, sw=48188, tag=0x00060000
  [0] 표: 4행×10열, 셀=32, 쪽나눔=None (attr=0x00000000), padding=(283,283,138,138), cs=0
  [0]   [common] treat_as_char=true, wrap=위아래, vert=문단(0=0.0mm), horz=단(0=0.0mm)
  [0]   [common] size=47225×5904(166.6×20.8mm), valign=Top, halign=Left
  [0]   [outer_margin] left=0.5mm(141) right=0.5mm(141) top=0.5mm(141) bottom=0.5mm(141)
  [0]   셀[0] r=0,c=0 rs=2,cs=1 h=2834 w=6473 pad=(510,510,141,141) aim=false bf=14 paras=1 text="구 분"
  [0]     p[0] ps_id=2 ctrls=0 text_len=7 ls[0] vpos=0 lh=1300 ls=780
  [0]   셀[1] r=0,c=1 rs=1,cs=4 h=1476 w=18112 pad=(510,510,141,141) aim=false bf=41 paras=1 text="2022년"
  [0]     p[0] ps_id=16 ctrls=0 text_len=7 ls[0] vpos=0 lh=1200 ls=720
  [0]   셀[2] r=0,c=5 rs=1,cs=4 h=1476 w=18112 pad=(510,510,141,141) aim=false bf=41 paras=1 text="2023년"
  [0]     p[0] ps_id=16 ctrls=0 text_len=7 ls[0] vpos=0 lh=1200 ls=720
  [0]   셀[3] r=0,c=9 rs=1,cs=1 h=1476 w=4528 pad=(510,510,141,141) aim=false bf=42 paras=1 text="2024년"
  [0]     p[0] ps_id=16 ctrls=0 text_len=7 ls[0] vpos=0 lh=1200 ls=720
  [0]   셀[4] r=1,c=1 rs=1,cs=1 h=1476 w=4528 pad=(510,510,141,141) aim=false bf=40 paras=1 text="1분기"
  [0]     p[0] ps_id=16 ctrls=0 text_len=7 ls[0] vpos=0 lh=1200 ls=720
  [0]   셀[5] r=1,c=2 rs=1,cs=1 h=1476 w=4528 pad=(510,510,141,141) aim=false bf=40 paras=1 text="2분기"
  [0]     p[0] ps_id=16 ctrls=1 text_len=7 ls[0] vpos=0 lh=1200 ls=720
  [0]   셀[6] r=1,c=3 rs=1,cs=1 h=1476 w=4528 pad=(510,510,141,141) aim=false bf=40 paras=1 text="3분기"
  [0]     p[0] ps_id=16 ctrls=1 text_len=7 ls[0] vpos=0 lh=1200 ls=720
  [0]   셀[7] r=1,c=4 rs=1,cs=1 h=1476 w=4528 pad=(510,510,141,141) aim=false bf=40 paras=1 text="4분기"
  [0]     p[0] ps_id=16 ctrls=1 text_len=7 ls[0] vpos=0 lh=1200 ls=720
  [0]   셀[8] r=1,c=5 rs=1,cs=1 h=1476 w=4528 pad=(510,510,141,141) aim=false bf=40 paras=1 text="1분기"
  [0]     p[0] ps_id=16 ctrls=0 text_len=7 ls[0] vpos=0 lh=1200 ls=720
  [0]   셀[9] r=1,c=6 rs=1,cs=1 h=1476 w=4528 pad=(510,510,141,141) aim=false bf=40 paras=1 text="2분기"
  [0]     p[0] ps_id=16 ctrls=1 text_len=7 ls[0] vpos=0 lh=1200 ls=720
  [0]   셀[10] r=1,c=7 rs=1,cs=1 h=1476 w=4528 pad=(510,510,141,141) aim=false bf=40 paras=1 text="3분기"
  [0]     p[0] ps_id=16 ctrls=1 text_len=7 ls[0] vpos=0 lh=1200 ls=720
  [0]   셀[11] r=1,c=8 rs=1,cs=1 h=1476 w=4528 pad=(510,510,141,141) aim=false bf=40 paras=1 text="4분기"
  [0]     p[0] ps_id=16 ctrls=1 text_len=7 ls[0] vpos=0 lh=1200 ls=720
  [0]   셀[12] r=1,c=9 rs=1,cs=1 h=1476 w=4528 pad=(510,510,141,141) aim=false bf=49 paras=1 text="1분기"
  [0]     p[0] ps_id=16 ctrls=0 text_len=7 ls[0] vpos=0 lh=1200 ls=720
  [0]   셀[13] r=2,c=0 rs=2,cs=1 h=2716 w=6473 pad=(510,510,141,141) aim=false bf=65 paras=1 text="전 체"
  [0]     p[0] ps_id=2 ctrls=1 text_len=7 ls[0] vpos=0 lh=1300 ls=780
  [0]   셀[14] r=2,c=1 rs=1,cs=1 h=1476 w=4528 pad=(510,510,141,141) aim=false bf=19 paras=1 text="282.3"
  [0]     p[0] ps_id=41 ctrls=0 text_len=5 ls[0] vpos=0 lh=1200 ls=0
  [0]   셀[15] r=2,c=2 rs=1,cs=1 h=1476 w=4528 pad=(510,510,141,141) aim=false bf=19 paras=1 text="198.5"
  [0]     p[0] ps_id=41 ctrls=0 text_len=5 ls[0] vpos=0 lh=1200 ls=0
  [0]   셀[16] r=2,c=3 rs=1,cs=1 h=1476 w=4528 pad=(510,510,141,141) aim=false bf=19 paras=1 text="184.8"
  [0]     p[0] ps_id=41 ctrls=0 text_len=5 ls[0] vpos=0 lh=1200 ls=0
  [0]   셀[17] r=2,c=4 rs=1,cs=1 h=1476 w=4528 pad=(510,510,141,141) aim=false bf=19 paras=1 text="150.9"
  [0]     p[0] ps_id=41 ctrls=0 text_len=5 ls[0] vpos=0 lh=1200 ls=0
  [0]   셀[18] r=2,c=5 rs=1,cs=1 h=1476 w=4528 pad=(510,510,141,141) aim=false bf=19 paras=1 text="176.8"
  [0]     p[0] ps_id=41 ctrls=0 text_len=5 ls[0] vpos=0 lh=1200 ls=0
  [0]   셀[19] r=2,c=6 rs=1,cs=1 h=1476 w=4528 pad=(510,510,141,141) aim=false bf=19 paras=1 text="159.8"
  [0]     p[0] ps_id=41 ctrls=0 text_len=5 ls[0] vpos=0 lh=1200 ls=0
  [0]   셀[20] r=2,c=7 rs=1,cs=1 h=1476 w=4528 pad=(510,510,141,141) aim=false bf=19 paras=1 text="150.5"
  [0]     p[0] ps_id=41 ctrls=0 text_len=5 ls[0] vpos=0 lh=1200 ls=0
  [0]   셀[21] r=2,c=8 rs=1,cs=1 h=1476 w=4528 pad=(510,510,141,141) aim=false bf=19 paras=1 text="157.7"
  [0]     p[0] ps_id=41 ctrls=0 text_len=5 ls[0] vpos=0 lh=1200 ls=0
  [0]   셀[22] r=2,c=9 rs=1,cs=1 h=1476 w=4528 pad=(510,510,141,141) aim=false bf=28 paras=1 text="150.9"
  [0]     p[0] ps_id=41 ctrls=0 text_len=5 ls[0] vpos=0 lh=1200 ls=0
  [0]   셀[23] r=3,c=1 rs=1,cs=1 h=1476 w=4528 pad=(510,510,141,141) aim=false bf=66 paras=1 text="(147.8)"
  [0]     p[0] ps_id=41 ctrls=0 text_len=7 ls[0] vpos=0 lh=1200 ls=0
  [0]   셀[24] r=3,c=2 rs=1,cs=1 h=1476 w=4528 pad=(510,510,141,141) aim=false bf=66 paras=1 text="(16.6)"
  [0]     p[0] ps_id=41 ctrls=0 text_len=6 ls[0] vpos=0 lh=1200 ls=0
  [0]   셀[25] r=3,c=3 rs=1,cs=1 h=1476 w=4528 pad=(510,510,141,141) aim=false bf=66 paras=1 text="(5.2)"
  [0]     p[0] ps_id=41 ctrls=0 text_len=5 ls[0] vpos=0 lh=1200 ls=0
  [0]   셀[26] r=3,c=4 rs=1,cs=1 h=1476 w=4528 pad=(510,510,141,141) aim=false bf=66 paras=1 text="(△51.2)"
  [0]     p[0] ps_id=41 ctrls=0 text_len=9 ls[0] vpos=0 lh=1200 ls=0
  [0]   셀[27] r=3,c=5 rs=1,cs=1 h=1476 w=4528 pad=(510,510,141,141) aim=false bf=66 paras=1 text="(△37.4)"
  [0]     p[0] ps_id=41 ctrls=0 text_len=9 ls[0] vpos=0 lh=1200 ls=0
  [0]   셀[28] r=3,c=6 rs=1,cs=1 h=1476 w=4528 pad=(510,510,141,141) aim=false bf=66 paras=1 text="(△19.5)"
  [0]     p[0] ps_id=41 ctrls=0 text_len=9 ls[0] vpos=0 lh=1200 ls=0
  [0]   셀[29] r=3,c=7 rs=1,cs=1 h=1476 w=4528 pad=(510,510,141,141) aim=false bf=66 paras=1 text="(△18.5)"
  [0]     p[0] ps_id=41 ctrls=0 text_len=9 ls[0] vpos=0 lh=1200 ls=0
  [0]   셀[30] r=3,c=8 rs=1,cs=1 h=1476 w=4528 pad=(510,510,141,141) aim=false bf=66 paras=1 text="(4.5)"
  [0]     p[0] ps_id=41 ctrls=0 text_len=5 ls[0] vpos=0 lh=1200 ls=0
  [0]   셀[31] r=3,c=9 rs=1,cs=1 h=1476 w=4528 pad=(510,510,141,141) aim=false bf=67 paras=1 text="(△14.6)"
  [0]     p[0] ps_id=41 ctrls=0 text_len=9 ls[0] vpos=0 lh=1200 ls=0

--- 문단 0.38 --- cc=1, text_len=0, controls=0 
  텍스트: (빈 문단)
  [PS] ps_id=48 align=Justify spacing: before=0 after=0 line=110/Percent
       margins: left=0 right=0 indent=0 border_fill_id=2
       border_spacing: left=0 right=0 top=0 bottom=0
       tab_def_id=0 auto_left=false auto_right=false tabs=[(없음)]
  ls[0]: ts=0, vpos=116933, lh=1300, th=1300, bl=1105, ls=132, cs=0, sw=48188, tag=0x00060000

--- 문단 0.39 --- cc=16, text_len=15, controls=0 
  텍스트: "□ 업종별 동향(상위 5개)"
  [CS] pos=0 id=59 bold=false spacing=0% ratio=100% char="□"
  [CS] pos=2 id=57 bold=false spacing=0% ratio=100% char="업"
  [CS] pos=8 id=46 bold=false spacing=0% ratio=100% char="("
  [PS] ps_id=48 align=Justify spacing: before=0 after=0 line=110/Percent
       margins: left=0 right=0 indent=0 border_fill_id=2
       border_spacing: left=0 right=0 top=0 bottom=0
       tab_def_id=0 auto_left=false auto_right=false tabs=[(없음)]
  ls[0]: ts=0, vpos=118365, lh=1500, th=1500, bl=1275, ls=152, cs=0, sw=48188, tag=0x00060000

--- 문단 0.40 --- cc=1, text_len=0, controls=0 
  텍스트: (빈 문단)
  [PS] ps_id=48 align=Justify spacing: before=0 after=0 line=110/Percent
       margins: left=0 right=0 indent=0 border_fill_id=2
       border_spacing: left=0 right=0 top=0 bottom=0
       tab_def_id=0 auto_left=false auto_right=false tabs=[(없음)]
  ls[0]: ts=0, vpos=120017, lh=400, th=400, bl=340, ls=40, cs=0, sw=48188, tag=0x00060000

--- 문단 0.41 --- cc=9, text_len=0, controls=1 
  텍스트: (빈 문단)
  [CS] pos=8 id=62 bold=false spacing=0% ratio=100% char=""
  [PS] ps_id=48 align=Justify spacing: before=0 after=0 line=110/Percent
       margins: left=0 right=0 indent=0 border_fill_id=2
       border_spacing: left=0 right=0 top=0 bottom=0
       tab_def_id=0 auto_left=false auto_right=false tabs=[(없음)]
  ls[0]: ts=0, vpos=120457, lh=21780, th=21780, bl=18513, ls=120, cs=0, sw=48188, tag=0x00060000
  [0] 표: 12행×10열, 셀=108, 쪽나눔=None (attr=0x00000000), padding=(283,283,138,138), cs=0
  [0]   [common] treat_as_char=true, wrap=위아래, vert=문단(0=0.0mm), horz=문단(0=0.0mm)
  [0]   [common] size=47225×21504(166.6×75.9mm), valign=Top, halign=Left
  [0]   [outer_margin] left=0.5mm(138) right=0.5mm(138) top=0.5mm(138) bottom=0.5mm(138)
  [0]   셀[0] r=0,c=0 rs=2,cs=1 h=3282 w=6473 pad=(510,510,141,141) aim=false bf=14 paras=1 text="구 분"
  [0]     p[0] ps_id=2 ctrls=0 text_len=7 ls[0] vpos=0 lh=1300 ls=780
  [0]   셀[1] r=0,c=1 rs=1,cs=4 h=1641 w=18112 pad=(510,510,141,141) aim=false bf=41 paras=1 text="2022년"
  [0]     p[0] ps_id=16 ctrls=0 text_len=7 ls[0] vpos=0 lh=1200 ls=720
  [0]   셀[2] r=0,c=5 rs=1,cs=4 h=1641 w=18112 pad=(510,510,141,141) aim=false bf=41 paras=1 text="2023년"
  [0]     p[0] ps_id=16 ctrls=0 text_len=7 ls[0] vpos=0 lh=1200 ls=720
  [0]   셀[3] r=0,c=9 rs=1,cs=1 h=1641 w=4528 pad=(510,510,141,141) aim=false bf=42 paras=1 text="2024년"
  [0]     p[0] ps_id=16 ctrls=0 text_len=7 ls[0] vpos=0 lh=1200 ls=720
  [0]   셀[4] r=1,c=1 rs=1,cs=1 h=1641 w=4528 pad=(510,510,141,141) aim=false bf=40 paras=1 text="1분기"
  [0]     p[0] ps_id=16 ctrls=0 text_len=7 ls[0] vpos=0 lh=1200 ls=720
  [0]   셀[5] r=1,c=2 rs=1,cs=1 h=1641 w=4528 pad=(510,510,141,141) aim=false bf=40 paras=1 text="2분기"
  [0]     p[0] ps_id=16 ctrls=1 text_len=7 ls[0] vpos=0 lh=1200 ls=720
  [0]   셀[6] r=1,c=3 rs=1,cs=1 h=1641 w=4528 pad=(510,510,141,141) aim=false bf=40 paras=1 text="3분기"
  [0]     p[0] ps_id=16 ctrls=1 text_len=7 ls[0] vpos=0 lh=1200 ls=720
  [0]   셀[7] r=1,c=4 rs=1,cs=1 h=1641 w=4528 pad=(510,510,141,141) aim=false bf=40 paras=1 text="4분기"
  [0]     p[0] ps_id=16 ctrls=1 text_len=7 ls[0] vpos=0 lh=1200 ls=720
  [0]   셀[8] r=1,c=5 rs=1,cs=1 h=1641 w=4528 pad=(510,510,141,141) aim=false bf=40 paras=1 text="1분기"
  [0]     p[0] ps_id=16 ctrls=0 text_len=7 ls[0] vpos=0 lh=1200 ls=720
  [0]   셀[9] r=1,c=6 rs=1,cs=1 h=1641 w=4528 pad=(510,510,141,141) aim=false bf=40 paras=1 text="2분기"
  [0]     p[0] ps_id=16 ctrls=1 text_len=7 ls[0] vpos=0 lh=1200 ls=720
  [0]   셀[10] r=1,c=7 rs=1,cs=1 h=1641 w=4528 pad=(510,510,141,141) aim=false bf=40 paras=1 text="3분기"
  [0]     p[0] ps_id=16 ctrls=1 text_len=7 ls[0] vpos=0 lh=1200 ls=720
  [0]   셀[11] r=1,c=8 rs=1,cs=1 h=1641 w=4528 pad=(510,510,141,141) aim=false bf=40 paras=1 text="4분기"
  [0]     p[0] ps_id=16 ctrls=1 text_len=7 ls[0] vpos=0 lh=1200 ls=720
  [0]   셀[12] r=1,c=9 rs=1,cs=1 h=1641 w=4528 pad=(510,510,141,141) aim=false bf=49 paras=1 text="1분기"
  [0]     p[0] ps_id=16 ctrls=0 text_len=7 ls[0] vpos=0 lh=1200 ls=720
  [0]   셀[13] r=2,c=0 rs=2,cs=1 h=3834 w=6473 pad=(510,510,141,141) aim=false bf=52 paras=2 text="금융|보험업"
  [0]     p[0] ps_id=4 ctrls=1 text_len=6 ls[0] vpos=0 lh=1300 ls=392
  [0]     p[1] ps_id=4 ctrls=0 text_len=9 ls[0] vpos=1692 lh=1300 ls=392
  [0]   셀[14] r=2,c=1 rs=1,cs=1 h=1759 w=4528 pad=(510,510,141,141) aim=false bf=53 paras=1 text="85.0"
  [0]     p[0] ps_id=41 ctrls=0 text_len=4 ls[0] vpos=0 lh=1200 ls=0
  [0]   셀[15] r=2,c=2 rs=1,cs=1 h=1759 w=4528 pad=(510,510,141,141) aim=false bf=53 paras=1 text="73.6"
  [0]     p[0] ps_id=41 ctrls=0 text_len=4 ls[0] vpos=0 lh=1200 ls=0
  [0]   셀[16] r=2,c=3 rs=1,cs=1 h=1759 w=4528 pad=(510,510,141,141) aim=false bf=53 paras=1 text="84.6"
  [0]     p[0] ps_id=41 ctrls=0 text_len=4 ls[0] vpos=0 lh=1200 ls=0
  [0]   셀[17] r=2,c=4 rs=1,cs=1 h=1759 w=4528 pad=(510,510,141,141) aim=false bf=53 paras=1 text="60.9"
  [0]     p[0] ps_id=41 ctrls=0 text_len=4 ls[0] vpos=0 lh=1200 ls=0
  [0]   셀[18] r=2,c=5 rs=1,cs=1 h=1759 w=4528 pad=(510,510,141,141) aim=false bf=53 paras=1 text="66.8"
  [0]     p[0] ps_id=41 ctrls=0 text_len=4 ls[0] vpos=0 lh=1200 ls=0
  [0]   셀[19] r=2,c=6 rs=1,cs=1 h=1759 w=4528 pad=(510,510,141,141) aim=false bf=53 paras=1 text="63.6"
  [0]     p[0] ps_id=41 ctrls=0 text_len=4 ls[0] vpos=0 lh=1200 ls=0
  [0]   셀[20] r=2,c=7 rs=1,cs=1 h=1759 w=4528 pad=(510,510,141,141) aim=false bf=53 paras=1 text="70.3"
  [0]     p[0] ps_id=41 ctrls=0 text_len=4 ls[0] vpos=0 lh=1200 ls=0
  [0]   셀[21] r=2,c=8 rs=1,cs=1 h=1759 w=4528 pad=(510,510,141,141) aim=false bf=53 paras=1 text="63.0"
  [0]     p[0] ps_id=41 ctrls=0 text_len=4 ls[0] vpos=0 lh=1200 ls=0
  [0]   셀[22] r=2,c=9 rs=1,cs=1 h=1759 w=4528 pad=(510,510,141,141) aim=false bf=54 paras=1 text="55.0"
  [0]     p[0] ps_id=41 ctrls=0 text_len=4 ls[0] vpos=0 lh=1200 ls=0
  [0]   셀[23] r=3,c=1 rs=1,cs=1 h=2075 w=4528 pad=(510,510,141,141) aim=false bf=45 paras=1 text="(54.4)"
  [0]     p[0] ps_id=41 ctrls=0 text_len=6 ls[0] vpos=0 lh=1200 ls=0
  [0]   셀[24] r=3,c=2 rs=1,cs=1 h=2075 w=4528 pad=(510,510,141,141) aim=false bf=45 paras=1 text="(17.0)"
  [0]     p[0] ps_id=41 ctrls=0 text_len=6 ls[0] vpos=0 lh=1200 ls=0
  [0]   셀[25] r=3,c=3 rs=1,cs=1 h=2075 w=4528 pad=(510,510,141,141) aim=false bf=45 paras=1 text="(13.5)"
  [0]     p[0] ps_id=41 ctrls=0 text_len=6 ls[0] vpos=0 lh=1200 ls=0
  [0]   셀[26] r=3,c=4 rs=1,cs=1 h=2075 w=4528 pad=(510,510,141,141) aim=false bf=45 paras=1 text="(△43.5)"
  [0]     p[0] ps_id=41 ctrls=0 text_len=9 ls[0] vpos=0 lh=1200 ls=0
  [0]   셀[27] r=3,c=5 rs=1,cs=1 h=2075 w=4528 pad=(510,510,141,141) aim=false bf=45 paras=1 text="(△21.4)"
  [0]     p[0] ps_id=41 ctrls=0 text_len=9 ls[0] vpos=0 lh=1200 ls=0
  [0]   셀[28] r=3,c=6 rs=1,cs=1 h=2075 w=4528 pad=(510,510,141,141) aim=false bf=45 paras=1 text="(△13.5)"
  [0]     p[0] ps_id=41 ctrls=0 text_len=9 ls[0] vpos=0 lh=1200 ls=0
  [0]   셀[29] r=3,c=7 rs=1,cs=1 h=2075 w=4528 pad=(510,510,141,141) aim=false bf=45 paras=1 text="(△17.0)"
  [0]     p[0] ps_id=41 ctrls=0 text_len=9 ls[0] vpos=0 lh=1200 ls=0
  [0]   셀[30] r=3,c=8 rs=1,cs=1 h=2075 w=4528 pad=(510,510,141,141) aim=false bf=45 paras=1 text="(3.4)"
  [0]     p[0] ps_id=41 ctrls=0 text_len=5 ls[0] vpos=0 lh=1200 ls=0
  [0]   셀[31] r=3,c=9 rs=1,cs=1 h=2075 w=4528 pad=(510,510,141,141) aim=false bf=51 paras=1 text="(△17.8)"
  [0]     p[0] ps_id=41 ctrls=0 text_len=9 ls[0] vpos=0 lh=1200 ls=0
  [0]   셀[32] r=4,c=0 rs=2,cs=1 h=3518 w=6473 pad=(510,510,141,141) aim=false bf=46 paras=1 text="제조업"
  [0]     p[0] ps_id=2 ctrls=1 text_len=9 ls[0] vpos=0 lh=1300 ls=780
  [0]   셀[33] r=4,c=1 rs=1,cs=1 h=1759 w=4528 pad=(510,510,141,141) aim=false bf=44 paras=1 text="111.8"
  [0]     p[0] ps_id=41 ctrls=0 text_len=5 ls[0] vpos=0 lh=1200 ls=0
  [0]   셀[34] r=4,c=2 rs=1,cs=1 h=1759 w=4528 pad=(510,510,141,141) aim=false bf=44 paras=1 text="59.7"
  [0]     p[0] ps_id=41 ctrls=0 text_len=4 ls[0] vpos=0 lh=1200 ls=0
  [0]   셀[35] r=4,c=3 rs=1,cs=1 h=1759 w=4528 pad=(510,510,141,141) aim=false bf=44 paras=1 text="44.3"
  [0]     p[0] ps_id=41 ctrls=0 text_len=4 ls[0] vpos=0 lh=1200 ls=0
  [0]   셀[36] r=4,c=4 rs=1,cs=1 h=1759 w=4528 pad=(510,510,141,141) aim=false bf=44 paras=1 text="37.4"
  [0]     p[0] ps_id=41 ctrls=0 text_len=4 ls[0] vpos=0 lh=1200 ls=0
  [0]   셀[37] r=4,c=5 rs=1,cs=1 h=1759 w=4528 pad=(510,510,141,141) aim=false bf=44 paras=1 text="63.2"
  [0]     p[0] ps_id=41 ctrls=0 text_len=4 ls[0] vpos=0 lh=1200 ls=0
  [0]   셀[38] r=4,c=6 rs=1,cs=1 h=1759 w=4528 pad=(510,510,141,141) aim=false bf=44 paras=1 text="40.1"
  [0]     p[0] ps_id=41 ctrls=0 text_len=4 ls[0] vpos=0 lh=1200 ls=0
  [0]   셀[39] r=4,c=7 rs=1,cs=1 h=1759 w=4528 pad=(510,510,141,141) aim=false bf=44 paras=1 text="49.6"
  [0]     p[0] ps_id=41 ctrls=0 text_len=4 ls[0] vpos=0 lh=1200 ls=0
  [0]   셀[40] r=4,c=8 rs=1,cs=1 h=1759 w=4528 pad=(510,510,141,141) aim=false bf=44 paras=1 text="51.7"
  [0]     p[0] ps_id=41 ctrls=0 text_len=4 ls[0] vpos=0 lh=1200 ls=0
  [0]   셀[41] r=4,c=9 rs=1,cs=1 h=1759 w=4528 pad=(510,510,141,141) aim=false bf=50 paras=1 text="40.5"
  [0]     p[0] ps_id=41 ctrls=0 text_len=4 ls[0] vpos=0 lh=1200 ls=0
  [0]   셀[42] r=5,c=1 rs=1,cs=1 h=1759 w=4528 pad=(510,510,141,141) aim=false bf=45 paras=1 text="(288.4)"
  [0]     p[0] ps_id=41 ctrls=0 text_len=7 ls[0] vpos=0 lh=1200 ls=0
  [0]   셀[43] r=5,c=2 rs=1,cs=1 h=1759 w=4528 pad=(510,510,141,141) aim=false bf=45 paras=1 text="(85.2)"
  [0]     p[0] ps_id=41 ctrls=0 text_len=6 ls[0] vpos=0 lh=1200 ls=0
  [0]   셀[44] r=5,c=3 rs=1,cs=1 h=1759 w=4528 pad=(510,510,141,141) aim=false bf=45 paras=1 text="(18.8)"
  [0]     p[0] ps_id=41 ctrls=0 text_len=6 ls[0] vpos=0 lh=1200 ls=0
  [0]   셀[45] r=5,c=4 rs=1,cs=1 h=1759 w=4528 pad=(510,510,141,141) aim=false bf=45 paras=1 text="(△53.9)"
  [0]     p[0] ps_id=41 ctrls=0 text_len=9 ls[0] vpos=0 lh=1200 ls=0
  [0]   셀[46] r=5,c=5 rs=1,cs=1 h=1759 w=4528 pad=(510,510,141,141) aim=false bf=45 paras=1 text="(△43.5)"
  [0]     p[0] ps_id=41 ctrls=0 text_len=9 ls[0] vpos=0 lh=1200 ls=0
  [0]   셀[47] r=5,c=6 rs=1,cs=1 h=1759 w=4528 pad=(510,510,141,141) aim=false bf=45 paras=1 text="(△32.9)"
  [0]     p[0] ps_id=41 ctrls=0 text_len=9 ls[0] vpos=0 lh=1200 ls=0
  [0]   셀[48] r=5,c=7 rs=1,cs=1 h=1759 w=4528 pad=(510,510,141,141) aim=false bf=45 paras=1 text="(12.1)"
  [0]     p[0] ps_id=41 ctrls=0 text_len=6 ls[0] vpos=0 lh=1200 ls=0
  [0]   셀[49] r=5,c=8 rs=1,cs=1 h=1759 w=4528 pad=(510,510,141,141) aim=false bf=45 paras=1 text="(38.2)"
  [0]     p[0] ps_id=41 ctrls=0 text_len=6 ls[0] vpos=0 lh=1200 ls=0
  [0]   셀[50] r=5,c=9 rs=1,cs=1 h=1759 w=4528 pad=(510,510,141,141) aim=false bf=51 paras=1 text="(△35.9)"
  [0]     p[0] ps_id=41 ctrls=0 text_len=9 ls[0] vpos=0 lh=1200 ls=0
  [0]   셀[51] r=6,c=0 rs=2,cs=1 h=3518 w=6473 pad=(510,510,141,141) aim=false bf=46 paras=1 text="부동산업"
  [0]     p[0] ps_id=2 ctrls=1 text_len=12 ls[0] vpos=0 lh=1300 ls=780
  [0]   셀[52] r=6,c=1 rs=1,cs=1 h=1759 w=4528 pad=(510,510,141,141) aim=false bf=44 paras=1 text="27.4"
  [0]     p[0] ps_id=41 ctrls=0 text_len=4 ls[0] vpos=0 lh=1200 ls=0
  [0]   셀[53] r=6,c=2 rs=1,cs=1 h=1759 w=4528 pad=(510,510,141,141) aim=false bf=44 paras=1 text="15.7"
  [0]     p[0] ps_id=41 ctrls=0 text_len=4 ls[0] vpos=0 lh=1200 ls=0
  [0]   셀[54] r=6,c=3 rs=1,cs=1 h=1759 w=4528 pad=(510,510,141,141) aim=false bf=44 paras=1 text="14.6"
  [0]     p[0] ps_id=41 ctrls=0 text_len=4 ls[0] vpos=0 lh=1200 ls=0
  [0]   셀[55] r=6,c=4 rs=1,cs=1 h=1759 w=4528 pad=(510,510,141,141) aim=false bf=44 paras=1 text="16.2"
  [0]     p[0] ps_id=41 ctrls=0 text_len=4 ls[0] vpos=0 lh=1200 ls=0
  [0]   셀[56] r=6,c=5 rs=1,cs=1 h=1759 w=4528 pad=(510,510,141,141) aim=false bf=44 paras=1 text="8.1"
  [0]     p[0] ps_id=41 ctrls=0 text_len=3 ls[0] vpos=0 lh=1200 ls=0
  [0]   셀[57] r=6,c=6 rs=1,cs=1 h=1759 w=4528 pad=(510,510,141,141) aim=false bf=44 paras=1 text="12.3"
  [0]     p[0] ps_id=41 ctrls=0 text_len=4 ls[0] vpos=0 lh=1200 ls=0
  [0]   셀[58] r=6,c=7 rs=1,cs=1 h=1759 w=4528 pad=(510,510,141,141) aim=false bf=44 paras=1 text="9.3"
  [0]     p[0] ps_id=41 ctrls=0 text_len=3 ls[0] vpos=0 lh=1200 ls=0
  [0]   셀[59] r=6,c=8 rs=1,cs=1 h=1759 w=4528 pad=(510,510,141,141) aim=false bf=44 paras=1 text="12.9"
  [0]     p[0] ps_id=41 ctrls=0 text_len=4 ls[0] vpos=0 lh=1200 ls=0
  [0]   셀[60] r=6,c=9 rs=1,cs=1 h=1759 w=4528 pad=(510,510,141,141) aim=false bf=50 paras=1 text="22.4"
  [0]     p[0] ps_id=41 ctrls=0 text_len=4 ls[0] vpos=0 lh=1200 ls=0
  [0]   셀[61] r=7,c=1 rs=1,cs=1 h=1759 w=4528 pad=(510,510,141,141) aim=false bf=45 paras=1 text="(192.1)"
  [0]     p[0] ps_id=41 ctrls=0 text_len=7 ls[0] vpos=0 lh=1200 ls=0
  [0]   셀[62] r=7,c=2 rs=1,cs=1 h=1759 w=4528 pad=(510,510,141,141) aim=false bf=45 paras=1 text="(27.3)"
  [0]     p[0] ps_id=41 ctrls=0 text_len=6 ls[0] vpos=0 lh=1200 ls=0
  [0]   셀[63] r=7,c=3 rs=1,cs=1 h=1759 w=4528 pad=(510,510,141,141) aim=false bf=45 paras=1 text="(△36.7)"
  [0]     p[0] ps_id=41 ctrls=0 text_len=9 ls[0] vpos=0 lh=1200 ls=0
  [0]   셀[64] r=7,c=4 rs=1,cs=1 h=1759 w=4528 pad=(510,510,141,141) aim=false bf=45 paras=1 text="(△36.3)"
  [0]     p[0] ps_id=41 ctrls=0 text_len=9 ls[0] vpos=0 lh=1200 ls=0
  [0]   셀[65] r=7,c=5 rs=1,cs=1 h=1759 w=4528 pad=(510,510,141,141) aim=false bf=45 paras=1 text="(△70.4)"
  [0]     p[0] ps_id=41 ctrls=0 text_len=9 ls[0] vpos=0 lh=1200 ls=0
  [0]   셀[66] r=7,c=6 rs=1,cs=1 h=1759 w=4528 pad=(510,510,141,141) aim=false bf=45 paras=1 text="(△21.8)"
  [0]     p[0] ps_id=41 ctrls=0 text_len=9 ls[0] vpos=0 lh=1200 ls=0
  [0]   셀[67] r=7,c=7 rs=1,cs=1 h=1759 w=4528 pad=(510,510,141,141) aim=false bf=45 paras=1 text="(△36.4)"
  [0]     p[0] ps_id=41 ctrls=0 text_len=9 ls[0] vpos=0 lh=1200 ls=0
  [0]   셀[68] r=7,c=8 rs=1,cs=1 h=1759 w=4528 pad=(510,510,141,141) aim=false bf=45 paras=1 text="(△20.8)"
  [0]     p[0] ps_id=41 ctrls=0 text_len=9 ls[0] vpos=0 lh=1200 ls=0
  [0]   셀[69] r=7,c=9 rs=1,cs=1 h=1759 w=4528 pad=(510,510,141,141) aim=false bf=51 paras=1 text="(177.3)"
  [0]     p[0] ps_id=41 ctrls=0 text_len=7 ls[0] vpos=0 lh=1200 ls=0
  [0]   셀[70] r=8,c=0 rs=2,cs=1 h=3518 w=6473 pad=(510,510,141,141) aim=false bf=46 paras=2 text="전문과학|기술업"
  [0]     p[0] ps_id=4 ctrls=1 text_len=12 ls[0] vpos=0 lh=1300 ls=392
  [0]     p[1] ps_id=4 ctrls=0 text_len=9 ls[0] vpos=1692 lh=1300 ls=392
  [0]   셀[71] r=8,c=1 rs=1,cs=1 h=1759 w=4528 pad=(510,510,141,141) aim=false bf=44 paras=1 text="6.6"
  [0]     p[0] ps_id=41 ctrls=0 text_len=3 ls[0] vpos=0 lh=1200 ls=0
  [0]   셀[72] r=8,c=2 rs=1,cs=1 h=1759 w=4528 pad=(510,510,141,141) aim=false bf=44 paras=1 text="5.8"
  [0]     p[0] ps_id=41 ctrls=0 text_len=3 ls[0] vpos=0 lh=1200 ls=0
  [0]   셀[73] r=8,c=3 rs=1,cs=1 h=1759 w=4528 pad=(510,510,141,141) aim=false bf=44 paras=1 text="7.7"
  [0]     p[0] ps_id=41 ctrls=0 text_len=3 ls[0] vpos=0 lh=1200 ls=0
  [0]   셀[74] r=8,c=4 rs=1,cs=1 h=1759 w=4528 pad=(510,510,141,141) aim=false bf=44 paras=1 text="7.2"
  [0]     p[0] ps_id=41 ctrls=0 text_len=3 ls[0] vpos=0 lh=1200 ls=0
  [0]   셀[75] r=8,c=5 rs=1,cs=1 h=1759 w=4528 pad=(510,510,141,141) aim=false bf=44 paras=1 text="3.6"
  [0]     p[0] ps_id=41 ctrls=0 text_len=3 ls[0] vpos=0 lh=1200 ls=0
  [0]   셀[76] r=8,c=6 rs=1,cs=1 h=1759 w=4528 pad=(510,510,141,141) aim=false bf=44 paras=1 text="7.4"
  [0]     p[0] ps_id=41 ctrls=0 text_len=3 ls[0] vpos=0 lh=1200 ls=0
  [0]   셀[77] r=8,c=7 rs=1,cs=1 h=1759 w=4528 pad=(510,510,141,141) aim=false bf=44 paras=1 text="4.6"
  [0]     p[0] ps_id=41 ctrls=0 text_len=3 ls[0] vpos=0 lh=1200 ls=0
  [0]   셀[78] r=8,c=8 rs=1,cs=1 h=1759 w=4528 pad=(510,510,141,141) aim=false bf=44 paras=1 text="2.7"
  [0]     p[0] ps_id=41 ctrls=0 text_len=3 ls[0] vpos=0 lh=1200 ls=0
  [0]   셀[79] r=8,c=9 rs=1,cs=1 h=1759 w=4528 pad=(510,510,141,141) aim=false bf=50 paras=1 text="9.3"
  [0]     p[0] ps_id=41 ctrls=0 text_len=3 ls[0] vpos=0 lh=1200 ls=0
  [0]   셀[80] r=9,c=1 rs=1,cs=1 h=1759 w=4528 pad=(510,510,141,141) aim=false bf=45 paras=1 text="(84.5)"
  [0]     p[0] ps_id=41 ctrls=0 text_len=6 ls[0] vpos=0 lh=1200 ls=0
  [0]   셀[81] r=9,c=2 rs=1,cs=1 h=1759 w=4528 pad=(510,510,141,141) aim=false bf=45 paras=1 text="(△64.5)"
  [0]     p[0] ps_id=41 ctrls=0 text_len=9 ls[0] vpos=0 lh=1200 ls=0
  [0]   셀[82] r=9,c=3 rs=1,cs=1 h=1759 w=4528 pad=(510,510,141,141) aim=false bf=45 paras=1 text="(59.6)"
  [0]     p[0] ps_id=41 ctrls=0 text_len=6 ls[0] vpos=0 lh=1200 ls=0
  [0]   셀[83] r=9,c=4 rs=1,cs=1 h=1759 w=4528 pad=(510,510,141,141) aim=false bf=45 paras=1 text="(61.2)"
  [0]     p[0] ps_id=41 ctrls=0 text_len=6 ls[0] vpos=0 lh=1200 ls=0
  [0]   셀[84] r=9,c=5 rs=1,cs=1 h=1759 w=4528 pad=(510,510,141,141) aim=false bf=45 paras=1 text="(△45.5)"
  [0]     p[0] ps_id=41 ctrls=0 text_len=9 ls[0] vpos=0 lh=1200 ls=0
  [0]   셀[85] r=9,c=6 rs=1,cs=1 h=1759 w=4528 pad=(510,510,141,141) aim=false bf=45 paras=1 text="(27.8)"
  [0]     p[0] ps_id=41 ctrls=0 text_len=6 ls[0] vpos=0 lh=1200 ls=0
  [0]   셀[86] r=9,c=7 rs=1,cs=1 h=1759 w=4528 pad=(510,510,141,141) aim=false bf=45 paras=1 text="(△39.8)"
  [0]     p[0] ps_id=41 ctrls=0 text_len=9 ls[0] vpos=0 lh=1200 ls=0
  [0]   셀[87] r=9,c=8 rs=1,cs=1 h=1759 w=4528 pad=(510,510,141,141) aim=false bf=45 paras=1 text="(△62.2)"
  [0]     p[0] ps_id=41 ctrls=0 text_len=9 ls[0] vpos=0 lh=1200 ls=0
  [0]   셀[88] r=9,c=9 rs=1,cs=1 h=1759 w=4528 pad=(510,510,141,141) aim=false bf=51 paras=1 text="(156.9)"
  [0]     p[0] ps_id=41 ctrls=0 text_len=7 ls[0] vpos=0 lh=1200 ls=0
  [0]   셀[89] r=10,c=0 rs=2,cs=1 h=3834 w=6473 pad=(510,510,141,141) aim=false bf=43 paras=1 text="광업"
  [0]     p[0] ps_id=4 ctrls=1 text_len=6 ls[0] vpos=0 lh=1300 ls=392
  [0]   셀[90] r=10,c=1 rs=1,cs=1 h=1924 w=4528 pad=(510,510,141,141) aim=false bf=44 paras=1 text="9.8"
  [0]     p[0] ps_id=41 ctrls=0 text_len=3 ls[0] vpos=0 lh=1200 ls=0
  [0]   셀[91] r=10,c=2 rs=1,cs=1 h=1924 w=4528 pad=(510,510,141,141) aim=false bf=44 paras=1 text="4.7"
  [0]     p[0] ps_id=41 ctrls=0 text_len=3 ls[0] vpos=0 lh=1200 ls=0
  [0]   셀[92] r=10,c=3 rs=1,cs=1 h=1924 w=4528 pad=(510,510,141,141) aim=false bf=44 paras=1 text="4.7"
  [0]     p[0] ps_id=41 ctrls=0 text_len=3 ls[0] vpos=0 lh=1200 ls=0
  [0]   셀[93] r=10,c=4 rs=1,cs=1 h=1924 w=4528 pad=(510,510,141,141) aim=false bf=44 paras=1 text="4.9"
  [0]     p[0] ps_id=41 ctrls=0 text_len=3 ls[0] vpos=0 lh=1200 ls=0
  [0]   셀[94] r=10,c=5 rs=1,cs=1 h=1924 w=4528 pad=(510,510,141,141) aim=false bf=44 paras=1 text="11.7"
  [0]     p[0] ps_id=41 ctrls=0 text_len=4 ls[0] vpos=0 lh=1200 ls=0
  [0]   셀[95] r=10,c=6 rs=1,cs=1 h=1924 w=4528 pad=(510,510,141,141) aim=false bf=44 paras=1 text="11.2"
  [0]     p[0] ps_id=41 ctrls=0 text_len=4 ls[0] vpos=0 lh=1200 ls=0
  [0]   셀[96] r=10,c=7 rs=1,cs=1 h=1924 w=4528 pad=(510,510,141,141) aim=false bf=44 paras=1 text="4.9"
  [0]     p[0] ps_id=41 ctrls=0 text_len=3 ls[0] vpos=0 lh=1200 ls=0
  [0]   셀[97] r=10,c=8 rs=1,cs=1 h=1924 w=4528 pad=(510,510,141,141) aim=false bf=44 paras=1 text="7.3"
  [0]     p[0] ps_id=41 ctrls=0 text_len=3 ls[0] vpos=0 lh=1200 ls=0
  [0]   셀[98] r=10,c=9 rs=1,cs=1 h=1924 w=4528 pad=(510,510,141,141) aim=false bf=50 paras=1 text="6.3"
  [0]     p[0] ps_id=41 ctrls=0 text_len=3 ls[0] vpos=0 lh=1200 ls=0
  [0]   셀[99] r=11,c=1 rs=1,cs=1 h=1910 w=4528 pad=(510,510,141,141) aim=false bf=23 paras=1 text="(156.6)"
  [0]     p[0] ps_id=41 ctrls=0 text_len=7 ls[0] vpos=0 lh=1200 ls=0
  [0]   셀[100] r=11,c=2 rs=1,cs=1 h=1910 w=4528 pad=(510,510,141,141) aim=false bf=23 paras=1 text="(23.2)"
  [0]     p[0] ps_id=41 ctrls=0 text_len=6 ls[0] vpos=0 lh=1200 ls=0
  [0]   셀[101] r=11,c=3 rs=1,cs=1 h=1910 w=4528 pad=(510,510,141,141) aim=false bf=23 paras=1 text="(△2.2)"
  [0]     p[0] ps_id=41 ctrls=0 text_len=8 ls[0] vpos=0 lh=1200 ls=0
  [0]   셀[102] r=11,c=4 rs=1,cs=1 h=1910 w=4528 pad=(510,510,141,141) aim=false bf=23 paras=1 text="(△27.5)"
  [0]     p[0] ps_id=41 ctrls=0 text_len=9 ls[0] vpos=0 lh=1200 ls=0
  [0]   셀[103] r=11,c=5 rs=1,cs=1 h=1910 w=4528 pad=(510,510,141,141) aim=false bf=23 paras=1 text="(18.7)"
  [0]     p[0] ps_id=41 ctrls=0 text_len=6 ls[0] vpos=0 lh=1200 ls=0
  [0]   셀[104] r=11,c=6 rs=1,cs=1 h=1910 w=4528 pad=(510,510,141,141) aim=false bf=23 paras=1 text="(139.4)"
  [0]     p[0] ps_id=41 ctrls=0 text_len=7 ls[0] vpos=0 lh=1200 ls=0
  [0]   셀[105] r=11,c=7 rs=1,cs=1 h=1910 w=4528 pad=(510,510,141,141) aim=false bf=23 paras=1 text="(4.4)"
  [0]     p[0] ps_id=41 ctrls=0 text_len=5 ls[0] vpos=0 lh=1200 ls=0
  [0]   셀[106] r=11,c=8 rs=1,cs=1 h=1910 w=4528 pad=(510,510,141,141) aim=false bf=23 paras=1 text="(47.6)"
  [0]     p[0] ps_id=41 ctrls=0 text_len=6 ls[0] vpos=0 lh=1200 ls=0
  [0]   셀[107] r=11,c=9 rs=1,cs=1 h=1910 w=4528 pad=(510,510,141,141) aim=false bf=35 paras=1 text="(△46.4)"
  [0]     p[0] ps_id=41 ctrls=0 text_len=9 ls[0] vpos=0 lh=1200 ls=0

--- 문단 0.42 --- cc=1, text_len=0, controls=0 
  텍스트: (빈 문단)
  [PS] ps_id=32 align=Justify spacing: before=0 after=0 line=170/Percent
       margins: left=0 right=0 indent=0 border_fill_id=2
       border_spacing: left=0 right=0 top=0 bottom=0
       tab_def_id=0 auto_left=false auto_right=false tabs=[(없음)]
  ls[0]: ts=0, vpos=142357, lh=800, th=800, bl=680, ls=560, cs=0, sw=48188, tag=0x00060000

--- 문단 0.43 --- cc=16, text_len=15, controls=0 
  텍스트: "□ 국가별 동향(상위 5개)"
  [CS] pos=0 id=59 bold=false spacing=0% ratio=100% char="□"
  [CS] pos=2 id=57 bold=false spacing=0% ratio=100% char="국"
  [CS] pos=8 id=46 bold=false spacing=0% ratio=100% char="("
  [PS] ps_id=72 align=Justify spacing: before=0 after=0 line=130/Percent
       margins: left=0 right=0 indent=0 border_fill_id=2
       border_spacing: left=0 right=0 top=0 bottom=0
       tab_def_id=0 auto_left=false auto_right=false tabs=[(없음)]
  ls[0]: ts=0, vpos=143717, lh=1500, th=1500, bl=1275, ls=452, cs=0, sw=48188, tag=0x00060000

--- 문단 0.44 --- cc=9, text_len=0, controls=1 
  텍스트: (빈 문단)
  [CS] pos=8 id=125 bold=false spacing=0% ratio=100% char=""
  [PS] ps_id=48 align=Justify spacing: before=0 after=0 line=110/Percent
       margins: left=0 right=0 indent=0 border_fill_id=2
       border_spacing: left=0 right=0 top=0 bottom=0
       tab_def_id=0 auto_left=false auto_right=false tabs=[(없음)]
  ls[0]: ts=0, vpos=145669, lh=200, th=200, bl=170, ls=20, cs=0, sw=0, tag=0x00060000
  [0] 표: 12행×10열, 셀=108, 쪽나눔=None (attr=0x00000000), padding=(283,283,138,138), cs=0
  [0]   [common] treat_as_char=false, wrap=어울림, vert=문단(0=0.0mm), horz=문단(0=0.0mm)
  [0]   [common] size=47225×23979(166.6×84.6mm), valign=Top, halign=Left
  [0]   [outer_margin] left=0.5mm(138) right=0.5mm(138) top=0.5mm(138) bottom=0.5mm(138)
  [0]   셀[0] r=0,c=0 rs=2,cs=1 h=3518 w=6473 pad=(510,510,141,141) aim=false bf=14 paras=1 text="구 분"
  [0]     p[0] ps_id=2 ctrls=0 text_len=7 ls[0] vpos=0 lh=1300 ls=780
  [0]   셀[1] r=0,c=1 rs=1,cs=4 h=1759 w=18112 pad=(510,510,141,141) aim=false bf=41 paras=1 text="2022년"
  [0]     p[0] ps_id=16 ctrls=0 text_len=7 ls[0] vpos=0 lh=1200 ls=720
  [0]   셀[2] r=0,c=5 rs=1,cs=4 h=1759 w=18112 pad=(510,510,141,141) aim=false bf=41 paras=1 text="2023년"
  [0]     p[0] ps_id=16 ctrls=0 text_len=7 ls[0] vpos=0 lh=1200 ls=720
  [0]   셀[3] r=0,c=9 rs=1,cs=1 h=1759 w=4528 pad=(510,510,141,141) aim=false bf=42 paras=1 text="2024년"
  [0]     p[0] ps_id=16 ctrls=0 text_len=7 ls[0] vpos=0 lh=1200 ls=720
  [0]   셀[4] r=1,c=1 rs=1,cs=1 h=1759 w=4528 pad=(510,510,141,141) aim=false bf=40 paras=1 text="1분기"
  [0]     p[0] ps_id=16 ctrls=0 text_len=7 ls[0] vpos=0 lh=1200 ls=720
  [0]   셀[5] r=1,c=2 rs=1,cs=1 h=1759 w=4528 pad=(510,510,141,141) aim=false bf=40 paras=1 text="2분기"
  [0]     p[0] ps_id=16 ctrls=1 text_len=7 ls[0] vpos=0 lh=1200 ls=720
  [0]   셀[6] r=1,c=3 rs=1,cs=1 h=1759 w=4528 pad=(510,510,141,141) aim=false bf=40 paras=1 text="3분기"
  [0]     p[0] ps_id=16 ctrls=1 text_len=7 ls[0] vpos=0 lh=1200 ls=720
  [0]   셀[7] r=1,c=4 rs=1,cs=1 h=1759 w=4528 pad=(510,510,141,141) aim=false bf=40 paras=1 text="4분기"
  [0]     p[0] ps_id=16 ctrls=1 text_len=7 ls[0] vpos=0 lh=1200 ls=720
  [0]   셀[8] r=1,c=5 rs=1,cs=1 h=1759 w=4528 pad=(510,510,141,141) aim=false bf=40 paras=1 text="1분기"
  [0]     p[0] ps_id=16 ctrls=0 text_len=7 ls[0] vpos=0 lh=1200 ls=720
  [0]   셀[9] r=1,c=6 rs=1,cs=1 h=1759 w=4528 pad=(510,510,141,141) aim=false bf=40 paras=1 text="2분기"
  [0]     p[0] ps_id=16 ctrls=1 text_len=7 ls[0] vpos=0 lh=1200 ls=720
  [0]   셀[10] r=1,c=7 rs=1,cs=1 h=1759 w=4528 pad=(510,510,141,141) aim=false bf=40 paras=1 text="3분기"
  [0]     p[0] ps_id=16 ctrls=1 text_len=7 ls[0] vpos=0 lh=1200 ls=720
  [0]   셀[11] r=1,c=8 rs=1,cs=1 h=1759 w=4528 pad=(510,510,141,141) aim=false bf=40 paras=1 text="4분기"
  [0]     p[0] ps_id=16 ctrls=1 text_len=7 ls[0] vpos=0 lh=1200 ls=720
  [0]   셀[12] r=1,c=9 rs=1,cs=1 h=1759 w=4528 pad=(510,510,141,141) aim=false bf=49 paras=1 text="1분기"
  [0]     p[0] ps_id=16 ctrls=0 text_len=7 ls[0] vpos=0 lh=1200 ls=720
  [0]   셀[13] r=2,c=0 rs=2,cs=1 h=4125 w=6473 pad=(510,510,141,141) aim=false bf=52 paras=1 text="미국"
  [0]     p[0] ps_id=2 ctrls=1 text_len=6 ls[0] vpos=0 lh=1300 ls=780
  [0]   셀[14] r=2,c=1 rs=1,cs=1 h=2042 w=4528 pad=(510,510,141,141) aim=false bf=53 paras=1 text="91.8"
  [0]     p[0] ps_id=41 ctrls=0 text_len=4 ls[0] vpos=0 lh=1200 ls=0
  [0]   셀[15] r=2,c=2 rs=1,cs=1 h=2042 w=4528 pad=(510,510,141,141) aim=false bf=53 paras=1 text="72.4"
  [0]     p[0] ps_id=41 ctrls=0 text_len=4 ls[0] vpos=0 lh=1200 ls=0
  [0]   셀[16] r=2,c=3 rs=1,cs=1 h=2042 w=4528 pad=(510,510,141,141) aim=false bf=53 paras=1 text="75.5"
  [0]     p[0] ps_id=41 ctrls=0 text_len=4 ls[0] vpos=0 lh=1200 ls=0
  [0]   셀[17] r=2,c=4 rs=1,cs=1 h=2042 w=4528 pad=(510,510,141,141) aim=false bf=53 paras=1 text="55.3"
  [0]     p[0] ps_id=41 ctrls=0 text_len=4 ls[0] vpos=0 lh=1200 ls=0
  [0]   셀[18] r=2,c=5 rs=1,cs=1 h=2042 w=4528 pad=(510,510,141,141) aim=false bf=53 paras=1 text="87.1"
  [0]     p[0] ps_id=41 ctrls=0 text_len=4 ls[0] vpos=0 lh=1200 ls=0
  [0]   셀[19] r=2,c=6 rs=1,cs=1 h=2042 w=4528 pad=(510,510,141,141) aim=false bf=53 paras=1 text="64.0"
  [0]     p[0] ps_id=41 ctrls=0 text_len=4 ls[0] vpos=0 lh=1200 ls=0
  [0]   셀[20] r=2,c=7 rs=1,cs=1 h=2042 w=4528 pad=(510,510,141,141) aim=false bf=53 paras=1 text="68.2"
  [0]     p[0] ps_id=41 ctrls=0 text_len=4 ls[0] vpos=0 lh=1200 ls=0
  [0]   셀[21] r=2,c=8 rs=1,cs=1 h=2042 w=4528 pad=(510,510,141,141) aim=false bf=53 paras=1 text="59.1"
  [0]     p[0] ps_id=41 ctrls=0 text_len=4 ls[0] vpos=0 lh=1200 ls=0
  [0]   셀[22] r=2,c=9 rs=1,cs=1 h=2042 w=4528 pad=(510,510,141,141) aim=false bf=54 paras=1 text="61.2"
  [0]     p[0] ps_id=41 ctrls=0 text_len=4 ls[0] vpos=0 lh=1200 ls=0
  [0]   셀[23] r=3,c=1 rs=1,cs=1 h=2083 w=4528 pad=(510,510,141,141) aim=false bf=45 paras=1 text="(113.5)"
  [0]     p[0] ps_id=41 ctrls=0 text_len=7 ls[0] vpos=0 lh=1200 ls=0
  [0]   셀[24] r=3,c=2 rs=1,cs=1 h=2083 w=4528 pad=(510,510,141,141) aim=false bf=45 paras=1 text="(15.7)"
  [0]     p[0] ps_id=41 ctrls=0 text_len=6 ls[0] vpos=0 lh=1200 ls=0
  [0]   셀[25] r=3,c=3 rs=1,cs=1 h=2083 w=4528 pad=(510,510,141,141) aim=false bf=45 paras=1 text="(5.8)"
  [0]     p[0] ps_id=41 ctrls=0 text_len=5 ls[0] vpos=0 lh=1200 ls=0
  [0]   셀[26] r=3,c=4 rs=1,cs=1 h=2083 w=4528 pad=(510,510,141,141) aim=false bf=45 paras=1 text="(△46.0)"
  [0]     p[0] ps_id=41 ctrls=0 text_len=9 ls[0] vpos=0 lh=1200 ls=0
  [0]   셀[27] r=3,c=5 rs=1,cs=1 h=2083 w=4528 pad=(510,510,141,141) aim=false bf=45 paras=1 text="(△5.2)"
  [0]     p[0] ps_id=41 ctrls=0 text_len=8 ls[0] vpos=0 lh=1200 ls=0
  [0]   셀[28] r=3,c=6 rs=1,cs=1 h=2083 w=4528 pad=(510,510,141,141) aim=false bf=45 paras=1 text="(△11.6)"
  [0]     p[0] ps_id=41 ctrls=0 text_len=9 ls[0] vpos=0 lh=1200 ls=0
  [0]   셀[29] r=3,c=7 rs=1,cs=1 h=2083 w=4528 pad=(510,510,141,141) aim=false bf=45 paras=1 text="(△9.7)"
  [0]     p[0] ps_id=41 ctrls=0 text_len=8 ls[0] vpos=0 lh=1200 ls=0
  [0]   셀[30] r=3,c=8 rs=1,cs=1 h=2083 w=4528 pad=(510,510,141,141) aim=false bf=45 paras=1 text="(7.0)"
  [0]     p[0] ps_id=41 ctrls=0 text_len=5 ls[0] vpos=0 lh=1200 ls=0
  [0]   셀[31] r=3,c=9 rs=1,cs=1 h=2083 w=4528 pad=(510,510,141,141) aim=false bf=51 paras=1 text="(△29.8)"
  [0]     p[0] ps_id=41 ctrls=0 text_len=9 ls[0] vpos=0 lh=1200 ls=0
  [0]   셀[32] r=4,c=0 rs=2,cs=1 h=4084 w=6473 pad=(510,510,141,141) aim=false bf=46 paras=1 text="룩셈부르크"
  [0]     p[0] ps_id=2 ctrls=1 text_len=15 ls[0] vpos=0 lh=1300 ls=780
  [0]   셀[33] r=4,c=1 rs=1,cs=1 h=2042 w=4528 pad=(510,510,141,141) aim=false bf=44 paras=1 text="16.1"
  [0]     p[0] ps_id=41 ctrls=0 text_len=4 ls[0] vpos=0 lh=1200 ls=0
  [0]   셀[34] r=4,c=2 rs=1,cs=1 h=2042 w=4528 pad=(510,510,141,141) aim=false bf=44 paras=1 text="14.4"
  [0]     p[0] ps_id=41 ctrls=0 text_len=4 ls[0] vpos=0 lh=1200 ls=0
  [0]   셀[35] r=4,c=3 rs=1,cs=1 h=2042 w=4528 pad=(510,510,141,141) aim=false bf=44 paras=1 text="8.7"
  [0]     p[0] ps_id=41 ctrls=0 text_len=3 ls[0] vpos=0 lh=1200 ls=0
  [0]   셀[36] r=4,c=4 rs=1,cs=1 h=2042 w=4528 pad=(510,510,141,141) aim=false bf=44 paras=1 text="10.4"
  [0]     p[0] ps_id=41 ctrls=0 text_len=4 ls[0] vpos=0 lh=1200 ls=0
  [0]   셀[37] r=4,c=5 rs=1,cs=1 h=2042 w=4528 pad=(510,510,141,141) aim=false bf=44 paras=1 text="9.5"
  [0]     p[0] ps_id=41 ctrls=0 text_len=3 ls[0] vpos=0 lh=1200 ls=0
  [0]   셀[38] r=4,c=6 rs=1,cs=1 h=2042 w=4528 pad=(510,510,141,141) aim=false bf=44 paras=1 text="11.3"
  [0]     p[0] ps_id=41 ctrls=0 text_len=4 ls[0] vpos=0 lh=1200 ls=0
  [0]   셀[39] r=4,c=7 rs=1,cs=1 h=2042 w=4528 pad=(510,510,141,141) aim=false bf=44 paras=1 text="12.8"
  [0]     p[0] ps_id=41 ctrls=0 text_len=4 ls[0] vpos=0 lh=1200 ls=0
  [0]   셀[40] r=4,c=8 rs=1,cs=1 h=2042 w=4528 pad=(510,510,141,141) aim=false bf=44 paras=1 text="16.5"
  [0]     p[0] ps_id=41 ctrls=0 text_len=4 ls[0] vpos=0 lh=1200 ls=0
  [0]   셀[41] r=4,c=9 rs=1,cs=1 h=2042 w=4528 pad=(510,510,141,141) aim=false bf=50 paras=1 text="16.4"
  [0]     p[0] ps_id=41 ctrls=0 text_len=4 ls[0] vpos=0 lh=1200 ls=0
  [0]   셀[42] r=5,c=1 rs=1,cs=1 h=2042 w=4528 pad=(510,510,141,141) aim=false bf=45 paras=1 text="(76.6)"
  [0]     p[0] ps_id=41 ctrls=0 text_len=6 ls[0] vpos=0 lh=1200 ls=0
  [0]   셀[43] r=5,c=2 rs=1,cs=1 h=2042 w=4528 pad=(510,510,141,141) aim=false bf=45 paras=1 text="(56.3)"
  [0]     p[0] ps_id=41 ctrls=0 text_len=6 ls[0] vpos=0 lh=1200 ls=0
  [0]   셀[44] r=5,c=3 rs=1,cs=1 h=2042 w=4528 pad=(510,510,141,141) aim=false bf=45 paras=1 text="(4.7)"
  [0]     p[0] ps_id=41 ctrls=0 text_len=5 ls[0] vpos=0 lh=1200 ls=0
  [0]   셀[45] r=5,c=4 rs=1,cs=1 h=2042 w=4528 pad=(510,510,141,141) aim=false bf=45 paras=1 text="(△39.9)"
  [0]     p[0] ps_id=41 ctrls=0 text_len=9 ls[0] vpos=0 lh=1200 ls=0
  [0]   셀[46] r=5,c=5 rs=1,cs=1 h=2042 w=4528 pad=(510,510,141,141) aim=false bf=45 paras=1 text="(△40.9)"
  [0]     p[0] ps_id=41 ctrls=0 text_len=9 ls[0] vpos=0 lh=1200 ls=0
  [0]   셀[47] r=5,c=6 rs=1,cs=1 h=2042 w=4528 pad=(510,510,141,141) aim=false bf=45 paras=1 text="(△21.1)"
  [0]     p[0] ps_id=41 ctrls=0 text_len=9 ls[0] vpos=0 lh=1200 ls=0
  [0]   셀[48] r=5,c=7 rs=1,cs=1 h=2042 w=4528 pad=(510,510,141,141) aim=false bf=45 paras=1 text="(46.5)"
  [0]     p[0] ps_id=41 ctrls=0 text_len=6 ls[0] vpos=0 lh=1200 ls=0
  [0]   셀[49] r=5,c=8 rs=1,cs=1 h=2042 w=4528 pad=(510,510,141,141) aim=false bf=45 paras=1 text="(59.0)"
  [0]     p[0] ps_id=41 ctrls=0 text_len=6 ls[0] vpos=0 lh=1200 ls=0
  [0]   셀[50] r=5,c=9 rs=1,cs=1 h=2042 w=4528 pad=(510,510,141,141) aim=false bf=51 paras=1 text="(71.8)"
  [0]     p[0] ps_id=41 ctrls=0 text_len=6 ls[0] vpos=0 lh=1200 ls=0
  [0]   셀[51] r=6,c=0 rs=2,cs=1 h=4084 w=6473 pad=(510,510,141,141) aim=false bf=46 paras=1 text="케이맨제도"
  [0]     p[0] ps_id=2 ctrls=0 text_len=15 ls[0] vpos=0 lh=1300 ls=780
  [0]   셀[52] r=6,c=1 rs=1,cs=1 h=2042 w=4528 pad=(510,510,141,141) aim=false bf=44 paras=1 text="22.5"
  [0]     p[0] ps_id=41 ctrls=0 text_len=4 ls[0] vpos=0 lh=1200 ls=0
  [0]   셀[53] r=6,c=2 rs=1,cs=1 h=2042 w=4528 pad=(510,510,141,141) aim=false bf=44 paras=1 text="27.6"
  [0]     p[0] ps_id=41 ctrls=0 text_len=4 ls[0] vpos=0 lh=1200 ls=0
  [0]   셀[54] r=6,c=3 rs=1,cs=1 h=2042 w=4528 pad=(510,510,141,141) aim=false bf=44 paras=1 text="26.3"
  [0]     p[0] ps_id=41 ctrls=0 text_len=4 ls[0] vpos=0 lh=1200 ls=0
  [0]   셀[55] r=6,c=4 rs=1,cs=1 h=2042 w=4528 pad=(510,510,141,141) aim=false bf=44 paras=1 text="18.4"
  [0]     p[0] ps_id=41 ctrls=0 text_len=4 ls[0] vpos=0 lh=1200 ls=0
  [0]   셀[56] r=6,c=5 rs=1,cs=1 h=2042 w=4528 pad=(510,510,141,141) aim=false bf=44 paras=1 text="15.0"
  [0]     p[0] ps_id=41 ctrls=0 text_len=4 ls[0] vpos=0 lh=1200 ls=0
  [0]   셀[57] r=6,c=6 rs=1,cs=1 h=2042 w=4528 pad=(510,510,141,141) aim=false bf=44 paras=1 text="14.7"
  [0]     p[0] ps_id=41 ctrls=0 text_len=4 ls[0] vpos=0 lh=1200 ls=0
  [0]   셀[58] r=6,c=7 rs=1,cs=1 h=2042 w=4528 pad=(510,510,141,141) aim=false bf=44 paras=1 text="14.2"
  [0]     p[0] ps_id=41 ctrls=0 text_len=4 ls[0] vpos=0 lh=1200 ls=0
  [0]   셀[59] r=6,c=8 rs=1,cs=1 h=2042 w=4528 pad=(510,510,141,141) aim=false bf=44 paras=1 text="20.4"
  [0]     p[0] ps_id=41 ctrls=0 text_len=4 ls[0] vpos=0 lh=1200 ls=0
  [0]   셀[60] r=6,c=9 rs=1,cs=1 h=2042 w=4528 pad=(510,510,141,141) aim=false bf=50 paras=1 text="12.6"
  [0]     p[0] ps_id=41 ctrls=0 text_len=4 ls[0] vpos=0 lh=1200 ls=0
  [0]   셀[61] r=7,c=1 rs=1,cs=1 h=2042 w=4528 pad=(510,510,141,141) aim=false bf=45 paras=1 text="(74.8)"
  [0]     p[0] ps_id=41 ctrls=0 text_len=6 ls[0] vpos=0 lh=1200 ls=0
  [0]   셀[62] r=7,c=2 rs=1,cs=1 h=2042 w=4528 pad=(510,510,141,141) aim=false bf=45 paras=1 text="(29.5)"
  [0]     p[0] ps_id=41 ctrls=0 text_len=6 ls[0] vpos=0 lh=1200 ls=0
  [0]   셀[63] r=7,c=3 rs=1,cs=1 h=2042 w=4528 pad=(510,510,141,141) aim=false bf=45 paras=1 text="(22.5)"
  [0]     p[0] ps_id=41 ctrls=0 text_len=6 ls[0] vpos=0 lh=1200 ls=0
  [0]   셀[64] r=7,c=4 rs=1,cs=1 h=2042 w=4528 pad=(510,510,141,141) aim=false bf=45 paras=1 text="(△65.6)"
  [0]     p[0] ps_id=41 ctrls=0 text_len=9 ls[0] vpos=0 lh=1200 ls=0
  [0]   셀[65] r=7,c=5 rs=1,cs=1 h=2042 w=4528 pad=(510,510,141,141) aim=false bf=45 paras=1 text="(△33.4)"
  [0]     p[0] ps_id=41 ctrls=0 text_len=9 ls[0] vpos=0 lh=1200 ls=0
  [0]   셀[66] r=7,c=6 rs=1,cs=1 h=2042 w=4528 pad=(510,510,141,141) aim=false bf=45 paras=1 text="(△46.8)"
  [0]     p[0] ps_id=41 ctrls=0 text_len=9 ls[0] vpos=0 lh=1200 ls=0
  [0]   셀[67] r=7,c=7 rs=1,cs=1 h=2042 w=4528 pad=(510,510,141,141) aim=false bf=45 paras=1 text="(△46.0)"
  [0]     p[0] ps_id=41 ctrls=0 text_len=9 ls[0] vpos=0 lh=1200 ls=0
  [0]   셀[68] r=7,c=8 rs=1,cs=1 h=2042 w=4528 pad=(510,510,141,141) aim=false bf=45 paras=1 text="(11.1)"
  [0]     p[0] ps_id=41 ctrls=0 text_len=6 ls[0] vpos=0 lh=1200 ls=0
  [0]   셀[69] r=7,c=9 rs=1,cs=1 h=2042 w=4528 pad=(510,510,141,141) aim=false bf=51 paras=1 text="(△16.2)"
  [0]     p[0] ps_id=41 ctrls=0 text_len=9 ls[0] vpos=0 lh=1200 ls=0
  [0]   셀[70] r=8,c=0 rs=2,cs=1 h=4084 w=6473 pad=(510,510,141,141) aim=false bf=46 paras=1 text="저지"
  [0]     p[0] ps_id=2 ctrls=1 text_len=6 ls[0] vpos=0 lh=1300 ls=780
  [0]   셀[71] r=8,c=1 rs=1,cs=1 h=2042 w=4528 pad=(510,510,141,141) aim=false bf=44 paras=1 text="14.0"
  [0]     p[0] ps_id=41 ctrls=0 text_len=4 ls[0] vpos=0 lh=1200 ls=0
  [0]   셀[72] r=8,c=2 rs=1,cs=1 h=2042 w=4528 pad=(510,510,141,141) aim=false bf=44 paras=1 text="0.4"
  [0]     p[0] ps_id=41 ctrls=0 text_len=3 ls[0] vpos=0 lh=1200 ls=0
  [0]   셀[73] r=8,c=3 rs=1,cs=1 h=2042 w=4528 pad=(510,510,141,141) aim=false bf=44 paras=1 text="0.7"
  [0]     p[0] ps_id=41 ctrls=0 text_len=3 ls[0] vpos=0 lh=1200 ls=0
  [0]   셀[74] r=8,c=4 rs=1,cs=1 h=2042 w=4528 pad=(510,510,141,141) aim=false bf=44 paras=1 text="0.8"
  [0]     p[0] ps_id=41 ctrls=0 text_len=3 ls[0] vpos=0 lh=1200 ls=0
  [0]   셀[75] r=8,c=5 rs=1,cs=1 h=2042 w=4528 pad=(510,510,141,141) aim=false bf=44 paras=1 text="0.3"
  [0]     p[0] ps_id=41 ctrls=0 text_len=3 ls[0] vpos=0 lh=1200 ls=0
  [0]   셀[76] r=8,c=6 rs=1,cs=1 h=2042 w=4528 pad=(510,510,141,141) aim=false bf=44 paras=1 text="1.5"
  [0]     p[0] ps_id=41 ctrls=0 text_len=3 ls[0] vpos=0 lh=1200 ls=0
  [0]   셀[77] r=8,c=7 rs=1,cs=1 h=2042 w=4528 pad=(510,510,141,141) aim=false bf=44 paras=1 text="0.2"
  [0]     p[0] ps_id=41 ctrls=0 text_len=3 ls[0] vpos=0 lh=1200 ls=0
  [0]   셀[78] r=8,c=8 rs=1,cs=1 h=2042 w=4528 pad=(510,510,141,141) aim=false bf=44 paras=1 text="0.8"
  [0]     p[0] ps_id=41 ctrls=0 text_len=3 ls[0] vpos=0 lh=1200 ls=0
  [0]   셀[79] r=8,c=9 rs=1,cs=1 h=2042 w=4528 pad=(510,510,141,141) aim=false bf=50 paras=1 text="9.3"
  [0]     p[0] ps_id=41 ctrls=0 text_len=3 ls[0] vpos=0 lh=1200 ls=0
  [0]   셀[80] r=9,c=1 rs=1,cs=1 h=2042 w=4528 pad=(510,510,141,141) aim=false bf=45 paras=1 text="(7,552.3)"
  [0]     p[0] ps_id=41 ctrls=0 text_len=9 ls[0] vpos=0 lh=1200 ls=0
  [0]   셀[81] r=9,c=2 rs=1,cs=1 h=2042 w=4528 pad=(510,510,141,141) aim=false bf=45 paras=1 text="(936.4)"
  [0]     p[0] ps_id=41 ctrls=0 text_len=7 ls[0] vpos=0 lh=1200 ls=0
  [0]   셀[82] r=9,c=3 rs=1,cs=1 h=2042 w=4528 pad=(510,510,141,141) aim=false bf=45 paras=1 text="(162.9)"
  [0]     p[0] ps_id=41 ctrls=0 text_len=7 ls[0] vpos=0 lh=1200 ls=0
  [0]   셀[83] r=9,c=4 rs=1,cs=1 h=2042 w=4528 pad=(510,510,141,141) aim=false bf=45 paras=1 text="(11.7)"
  [0]     p[0] ps_id=41 ctrls=0 text_len=6 ls[0] vpos=0 lh=1200 ls=0
  [0]   셀[84] r=9,c=5 rs=1,cs=1 h=2042 w=4528 pad=(510,510,141,141) aim=false bf=45 paras=1 text="(△98.0)"
  [0]     p[0] ps_id=41 ctrls=0 text_len=9 ls[0] vpos=0 lh=1200 ls=0
  [0]   셀[85] r=9,c=6 rs=1,cs=1 h=2042 w=4528 pad=(510,510,141,141) aim=false bf=45 paras=1 text="(276.1)"
  [0]     p[0] ps_id=41 ctrls=0 text_len=7 ls[0] vpos=0 lh=1200 ls=0
  [0]   셀[86] r=9,c=7 rs=1,cs=1 h=2042 w=4528 pad=(510,510,141,141) aim=false bf=45 paras=1 text="(△74.9)"
  [0]     p[0] ps_id=41 ctrls=0 text_len=9 ls[0] vpos=0 lh=1200 ls=0
  [0]   셀[87] r=9,c=8 rs=1,cs=1 h=2042 w=4528 pad=(510,510,141,141) aim=false bf=45 paras=1 text="(6.5)"
  [0]     p[0] ps_id=41 ctrls=0 text_len=5 ls[0] vpos=0 lh=1200 ls=0
  [0]   셀[88] r=9,c=9 rs=1,cs=1 h=2042 w=4528 pad=(510,510,141,141) aim=false bf=51 paras=1 text="(3,236.4)"
  [0]     p[0] ps_id=41 ctrls=0 text_len=9 ls[0] vpos=0 lh=1200 ls=0
  [0]   셀[89] r=10,c=0 rs=2,cs=1 h=4084 w=6473 pad=(510,510,141,141) aim=false bf=43 paras=1 text="베트남"
  [0]     p[0] ps_id=2 ctrls=1 text_len=9 ls[0] vpos=0 lh=1300 ls=780
  [0]   셀[90] r=10,c=1 rs=1,cs=1 h=2042 w=4528 pad=(510,510,141,141) aim=false bf=44 paras=1 text="4.0"
  [0]     p[0] ps_id=41 ctrls=0 text_len=3 ls[0] vpos=0 lh=1200 ls=0
  [0]   셀[91] r=10,c=2 rs=1,cs=1 h=2042 w=4528 pad=(510,510,141,141) aim=false bf=44 paras=1 text="8.6"
  [0]     p[0] ps_id=41 ctrls=0 text_len=3 ls[0] vpos=0 lh=1200 ls=0
  [0]   셀[92] r=10,c=3 rs=1,cs=1 h=2042 w=4528 pad=(510,510,141,141) aim=false bf=44 paras=1 text="5.4"
  [0]     p[0] ps_id=41 ctrls=0 text_len=3 ls[0] vpos=0 lh=1200 ls=0
  [0]   셀[93] r=10,c=4 rs=1,cs=1 h=2042 w=4528 pad=(510,510,141,141) aim=false bf=44 paras=1 text="10.4"
  [0]     p[0] ps_id=41 ctrls=0 text_len=4 ls[0] vpos=0 lh=1200 ls=0
  [0]   셀[94] r=10,c=5 rs=1,cs=1 h=2042 w=4528 pad=(510,510,141,141) aim=false bf=44 paras=1 text="4.5"
  [0]     p[0] ps_id=41 ctrls=0 text_len=3 ls[0] vpos=0 lh=1200 ls=0
  [0]   셀[95] r=10,c=6 rs=1,cs=1 h=2042 w=4528 pad=(510,510,141,141) aim=false bf=44 paras=1 text="8.6"
  [0]     p[0] ps_id=41 ctrls=0 text_len=3 ls[0] vpos=0 lh=1200 ls=0
  [0]   셀[96] r=10,c=7 rs=1,cs=1 h=2042 w=4528 pad=(510,510,141,141) aim=false bf=44 paras=1 text="5.9"
  [0]     p[0] ps_id=41 ctrls=0 text_len=3 ls[0] vpos=0 lh=1200 ls=0
  [0]   셀[97] r=10,c=8 rs=1,cs=1 h=2042 w=4528 pad=(510,510,141,141) aim=false bf=44 paras=1 text="7.4"
  [0]     p[0] ps_id=41 ctrls=0 text_len=3 ls[0] vpos=0 lh=1200 ls=0
  [0]   셀[98] r=10,c=9 rs=1,cs=1 h=2042 w=4528 pad=(510,510,141,141) aim=false bf=50 paras=1 text="6.7"
  [0]     p[0] ps_id=41 ctrls=0 text_len=3 ls[0] vpos=0 lh=1200 ls=0
  [0]   셀[99] r=11,c=1 rs=1,cs=1 h=2042 w=4528 pad=(510,510,141,141) aim=false bf=23 paras=1 text="(△45.6)"
  [0]     p[0] ps_id=41 ctrls=0 text_len=9 ls[0] vpos=0 lh=1200 ls=0
  [0]   셀[100] r=11,c=2 rs=1,cs=1 h=2042 w=4528 pad=(510,510,141,141) aim=false bf=23 paras=1 text="(70.5)"
  [0]     p[0] ps_id=41 ctrls=0 text_len=6 ls[0] vpos=0 lh=1200 ls=0
  [0]   셀[101] r=11,c=3 rs=1,cs=1 h=2042 w=4528 pad=(510,510,141,141) aim=false bf=23 paras=1 text="(26.0)"
  [0]     p[0] ps_id=41 ctrls=0 text_len=6 ls[0] vpos=0 lh=1200 ls=0
  [0]   셀[102] r=11,c=4 rs=1,cs=1 h=2042 w=4528 pad=(510,510,141,141) aim=false bf=23 paras=1 text="(23.7)"
  [0]     p[0] ps_id=41 ctrls=0 text_len=6 ls[0] vpos=0 lh=1200 ls=0
  [0]   셀[103] r=11,c=5 rs=1,cs=1 h=2042 w=4528 pad=(510,510,141,141) aim=false bf=23 paras=1 text="(12.9)"
  [0]     p[0] ps_id=41 ctrls=0 text_len=6 ls[0] vpos=0 lh=1200 ls=0
  [0]   셀[104] r=11,c=6 rs=1,cs=1 h=2042 w=4528 pad=(510,510,141,141) aim=false bf=23 paras=1 text="(0.8)"
  [0]     p[0] ps_id=41 ctrls=0 text_len=5 ls[0] vpos=0 lh=1200 ls=0
  [0]   셀[105] r=11,c=7 rs=1,cs=1 h=2042 w=4528 pad=(510,510,141,141) aim=false bf=23 paras=1 text="(9.2)"
  [0]     p[0] ps_id=41 ctrls=0 text_len=5 ls[0] vpos=0 lh=1200 ls=0
  [0]   셀[106] r=11,c=8 rs=1,cs=1 h=2042 w=4528 pad=(510,510,141,141) aim=false bf=23 paras=1 text="(△29.0)"
  [0]     p[0] ps_id=41 ctrls=0 text_len=9 ls[0] vpos=0 lh=1200 ls=0
  [0]   셀[107] r=11,c=9 rs=1,cs=1 h=2042 w=4528 pad=(510,510,141,141) aim=false bf=35 paras=1 text="(47.4)"
  [0]     p[0] ps_id=41 ctrls=0 text_len=6 ls[0] vpos=0 lh=1200 ls=0

--- 문단 0.45 --- cc=9, text_len=8, controls=0 [쪽나누기]
  텍스트: "□ 지역별 동향"
  [CS] pos=0 id=59 bold=false spacing=0% ratio=100% char="□"
  [CS] pos=2 id=57 bold=false spacing=0% ratio=100% char="지"
  [PS] ps_id=15 align=Justify spacing: before=0 after=0 line=160/Percent
       margins: left=0 right=0 indent=0 border_fill_id=2
       border_spacing: left=0 right=0 top=0 bottom=0
       tab_def_id=0 auto_left=false auto_right=false tabs=[(없음)]
  ls[0]: ts=0, vpos=145889, lh=1500, th=1500, bl=1275, ls=900, cs=0, sw=48188, tag=0x00060000

--- 문단 0.46 --- cc=1, text_len=0, controls=0 
  텍스트: (빈 문단)
  [PS] ps_id=77 align=Justify spacing: before=0 after=0 line=70/Percent
       margins: left=0 right=0 indent=0 border_fill_id=2
       border_spacing: left=0 right=0 top=0 bottom=0
       tab_def_id=0 auto_left=false auto_right=false tabs=[(없음)]
  ls[0]: ts=0, vpos=148289, lh=600, th=600, bl=510, ls=-180, cs=0, sw=48188, tag=0x00060000

--- 문단 0.47 --- cc=9, text_len=0, controls=1 
  텍스트: (빈 문단)
  [CS] pos=8 id=64 bold=false spacing=0% ratio=100% char=""
  [PS] ps_id=48 align=Justify spacing: before=0 after=0 line=110/Percent
       margins: left=0 right=0 indent=0 border_fill_id=2
       border_spacing: left=0 right=0 top=0 bottom=0
       tab_def_id=0 auto_left=false auto_right=false tabs=[(없음)]
  ls[0]: ts=0, vpos=148709, lh=27143, th=27143, bl=23072, ls=120, cs=0, sw=48188, tag=0x00060000
  [0] 표: 16행×10열, 셀=146, 쪽나눔=None (attr=0x00000000), padding=(283,283,138,138), cs=0
  [0]   [common] treat_as_char=true, wrap=위아래, vert=문단(0=0.0mm), horz=문단(0=0.0mm)
  [0]   [common] size=47225×26867(166.6×94.8mm), valign=Top, halign=Left
  [0]   [outer_margin] left=0.5mm(138) right=0.5mm(138) top=0.5mm(138) bottom=0.5mm(138)
  [0]   셀[0] r=0,c=0 rs=2,cs=1 h=3848 w=6473 pad=(510,510,141,141) aim=false bf=14 paras=1 text="구 분"
  [0]     p[0] ps_id=2 ctrls=0 text_len=7 ls[0] vpos=0 lh=1300 ls=780
  [0]   셀[1] r=0,c=1 rs=1,cs=4 h=1924 w=18112 pad=(510,510,141,141) aim=false bf=41 paras=1 text="2022년"
  [0]     p[0] ps_id=16 ctrls=1 text_len=7 ls[0] vpos=0 lh=1200 ls=720
  [0]   셀[2] r=0,c=5 rs=1,cs=4 h=1924 w=18112 pad=(510,510,141,141) aim=false bf=41 paras=1 text="2023년"
  [0]     p[0] ps_id=16 ctrls=0 text_len=7 ls[0] vpos=0 lh=1200 ls=720
  [0]   셀[3] r=0,c=9 rs=1,cs=1 h=1924 w=4528 pad=(510,510,141,141) aim=false bf=42 paras=1 text="2024년"
  [0]     p[0] ps_id=16 ctrls=0 text_len=7 ls[0] vpos=0 lh=1200 ls=720
  [0]   셀[4] r=1,c=1 rs=1,cs=1 h=1924 w=4528 pad=(510,510,141,141) aim=false bf=40 paras=1 text="1분기"
  [0]     p[0] ps_id=16 ctrls=0 text_len=7 ls[0] vpos=0 lh=1200 ls=720
  [0]   셀[5] r=1,c=2 rs=1,cs=1 h=1924 w=4528 pad=(510,510,141,141) aim=false bf=40 paras=1 text="2분기"
  [0]     p[0] ps_id=16 ctrls=1 text_len=7 ls[0] vpos=0 lh=1200 ls=720
  [0]   셀[6] r=1,c=3 rs=1,cs=1 h=1924 w=4528 pad=(510,510,141,141) aim=false bf=40 paras=1 text="3분기"
  [0]     p[0] ps_id=16 ctrls=1 text_len=7 ls[0] vpos=0 lh=1200 ls=720
  [0]   셀[7] r=1,c=4 rs=1,cs=1 h=1924 w=4528 pad=(510,510,141,141) aim=false bf=40 paras=1 text="4분기"
  [0]     p[0] ps_id=16 ctrls=1 text_len=7 ls[0] vpos=0 lh=1200 ls=720
  [0]   셀[8] r=1,c=5 rs=1,cs=1 h=1924 w=4528 pad=(510,510,141,141) aim=false bf=40 paras=1 text="1분기"
  [0]     p[0] ps_id=16 ctrls=0 text_len=7 ls[0] vpos=0 lh=1200 ls=720
  [0]   셀[9] r=1,c=6 rs=1,cs=1 h=1924 w=4528 pad=(510,510,141,141) aim=false bf=40 paras=1 text="2분기"
  [0]     p[0] ps_id=16 ctrls=1 text_len=7 ls[0] vpos=0 lh=1200 ls=720
  [0]   셀[10] r=1,c=7 rs=1,cs=1 h=1924 w=4528 pad=(510,510,141,141) aim=false bf=40 paras=1 text="3분기"
  [0]     p[0] ps_id=16 ctrls=1 text_len=7 ls[0] vpos=0 lh=1200 ls=720
  [0]   셀[11] r=1,c=8 rs=1,cs=1 h=1924 w=4528 pad=(510,510,141,141) aim=false bf=40 paras=1 text="4분기"
  [0]     p[0] ps_id=16 ctrls=1 text_len=7 ls[0] vpos=0 lh=1200 ls=720
  [0]   셀[12] r=1,c=9 rs=1,cs=1 h=1924 w=4528 pad=(510,510,141,141) aim=false bf=49 paras=1 text="1분기"
  [0]     p[0] ps_id=16 ctrls=0 text_len=7 ls[0] vpos=0 lh=1200 ls=720
  [0]   셀[13] r=2,c=0 rs=2,cs=1 h=3373 w=6473 pad=(510,510,141,141) aim=false bf=52 paras=1 text="북미"
  [0]     p[0] ps_id=2 ctrls=1 text_len=6 ls[0] vpos=0 lh=1300 ls=780
  [0]   셀[14] r=2,c=1 rs=1,cs=1 h=1573 w=4528 pad=(510,510,141,141) aim=false bf=53 paras=1 text="98.4"
  [0]     p[0] ps_id=41 ctrls=0 text_len=4 ls[0] vpos=0 lh=1200 ls=0
  [0]   셀[15] r=2,c=2 rs=1,cs=1 h=1573 w=4528 pad=(510,510,141,141) aim=false bf=53 paras=1 text="81.7"
  [0]     p[0] ps_id=41 ctrls=0 text_len=4 ls[0] vpos=0 lh=1200 ls=0
  [0]   셀[16] r=2,c=3 rs=1,cs=1 h=1573 w=4528 pad=(510,510,141,141) aim=false bf=53 paras=1 text="78.1"
  [0]     p[0] ps_id=41 ctrls=0 text_len=4 ls[0] vpos=0 lh=1200 ls=0
  [0]   셀[17] r=2,c=4 rs=1,cs=1 h=1573 w=4528 pad=(510,510,141,141) aim=false bf=53 paras=1 text="61.7"
  [0]     p[0] ps_id=41 ctrls=0 text_len=4 ls[0] vpos=0 lh=1200 ls=0
  [0]   셀[18] r=2,c=5 rs=1,cs=1 h=1573 w=4528 pad=(510,510,141,141) aim=false bf=53 paras=1 text="97.8"
  [0]     p[0] ps_id=41 ctrls=0 text_len=4 ls[0] vpos=0 lh=1200 ls=0
  [0]   셀[19] r=2,c=6 rs=1,cs=1 h=1573 w=4528 pad=(510,510,141,141) aim=false bf=53 paras=1 text="76.3"
  [0]     p[0] ps_id=41 ctrls=0 text_len=4 ls[0] vpos=0 lh=1200 ls=0
  [0]   셀[20] r=2,c=7 rs=1,cs=1 h=1573 w=4528 pad=(510,510,141,141) aim=false bf=53 paras=1 text="77.8"
  [0]     p[0] ps_id=41 ctrls=0 text_len=4 ls[0] vpos=0 lh=1200 ls=0
  [0]   셀[21] r=2,c=8 rs=1,cs=1 h=1573 w=4528 pad=(510,510,141,141) aim=false bf=53 paras=1 text="62.7"
  [0]     p[0] ps_id=41 ctrls=0 text_len=4 ls[0] vpos=0 lh=1200 ls=0
  [0]   셀[22] r=2,c=9 rs=1,cs=1 h=1573 w=4528 pad=(510,510,141,141) aim=false bf=54 paras=1 text="67.5"
  [0]     p[0] ps_id=41 ctrls=0 text_len=4 ls[0] vpos=0 lh=1200 ls=0
  [0]   셀[23] r=3,c=1 rs=1,cs=1 h=1800 w=4528 pad=(510,510,141,141) aim=false bf=45 paras=1 text="(115.1)"
  [0]     p[0] ps_id=41 ctrls=0 text_len=7 ls[0] vpos=0 lh=1200 ls=0
  [0]   셀[24] r=3,c=2 rs=1,cs=1 h=1800 w=4528 pad=(510,510,141,141) aim=false bf=45 paras=1 text="(10.8)"
  [0]     p[0] ps_id=41 ctrls=0 text_len=6 ls[0] vpos=0 lh=1200 ls=0
  [0]   셀[25] r=3,c=3 rs=1,cs=1 h=1800 w=4528 pad=(510,510,141,141) aim=false bf=45 paras=1 text="(0.0)"
  [0]     p[0] ps_id=41 ctrls=0 text_len=5 ls[0] vpos=0 lh=1200 ls=0
  [0]   셀[26] r=3,c=4 rs=1,cs=1 h=1800 w=4528 pad=(510,510,141,141) aim=false bf=45 paras=1 text="(△43.5)"
  [0]     p[0] ps_id=41 ctrls=0 text_len=9 ls[0] vpos=0 lh=1200 ls=0
  [0]   셀[27] r=3,c=5 rs=1,cs=1 h=1800 w=4528 pad=(510,510,141,141) aim=false bf=45 paras=1 text="(△0.7)"
  [0]     p[0] ps_id=41 ctrls=0 text_len=8 ls[0] vpos=0 lh=1200 ls=0
  [0]   셀[28] r=3,c=6 rs=1,cs=1 h=1800 w=4528 pad=(510,510,141,141) aim=false bf=45 paras=1 text="(△6.7)"
  [0]     p[0] ps_id=41 ctrls=0 text_len=8 ls[0] vpos=0 lh=1200 ls=0
  [0]   셀[29] r=3,c=7 rs=1,cs=1 h=1800 w=4528 pad=(510,510,141,141) aim=false bf=45 paras=1 text="(△0.3)"
  [0]     p[0] ps_id=41 ctrls=0 text_len=8 ls[0] vpos=0 lh=1200 ls=0
  [0]   셀[30] r=3,c=8 rs=1,cs=1 h=1800 w=4528 pad=(510,510,141,141) aim=false bf=45 paras=1 text="(1.6)"
  [0]     p[0] ps_id=41 ctrls=0 text_len=5 ls[0] vpos=0 lh=1200 ls=0
  [0]   셀[31] r=3,c=9 rs=1,cs=1 h=1800 w=4528 pad=(510,510,141,141) aim=false bf=51 paras=1 text="(△31.0)"
  [0]     p[0] ps_id=41 ctrls=0 text_len=9 ls[0] vpos=0 lh=1200 ls=0
  [0]   셀[32] r=4,c=0 rs=2,cs=1 h=3282 w=6473 pad=(510,510,141,141) aim=false bf=46 paras=1 text="유럽"
  [0]     p[0] ps_id=2 ctrls=1 text_len=6 ls[0] vpos=0 lh=1300 ls=780
  [0]   셀[33] r=4,c=1 rs=1,cs=1 h=1641 w=4528 pad=(510,510,141,141) aim=false bf=44 paras=1 text="59.8"
  [0]     p[0] ps_id=41 ctrls=0 text_len=4 ls[0] vpos=0 lh=1200 ls=0
  [0]   셀[34] r=4,c=2 rs=1,cs=1 h=1641 w=4528 pad=(510,510,141,141) aim=false bf=44 paras=1 text="33.9"
  [0]     p[0] ps_id=41 ctrls=0 text_len=4 ls[0] vpos=0 lh=1200 ls=0
  [0]   셀[35] r=4,c=3 rs=1,cs=1 h=1641 w=4528 pad=(510,510,141,141) aim=false bf=44 paras=1 text="35.6"
  [0]     p[0] ps_id=41 ctrls=0 text_len=4 ls[0] vpos=0 lh=1200 ls=0
  [0]   셀[36] r=4,c=4 rs=1,cs=1 h=1641 w=4528 pad=(510,510,141,141) aim=false bf=44 paras=1 text="27.7"
  [0]     p[0] ps_id=41 ctrls=0 text_len=4 ls[0] vpos=0 lh=1200 ls=0
  [0]   셀[37] r=4,c=5 rs=1,cs=1 h=1641 w=4528 pad=(510,510,141,141) aim=false bf=44 paras=1 text="23.4"
  [0]     p[0] ps_id=41 ctrls=0 text_len=4 ls[0] vpos=0 lh=1200 ls=0
  [0]   셀[38] r=4,c=6 rs=1,cs=1 h=1641 w=4528 pad=(510,510,141,141) aim=false bf=44 paras=1 text="23.7"
  [0]     p[0] ps_id=41 ctrls=0 text_len=4 ls[0] vpos=0 lh=1200 ls=0
  [0]   셀[39] r=4,c=7 rs=1,cs=1 h=1641 w=4528 pad=(510,510,141,141) aim=false bf=44 paras=1 text="28.6"
  [0]     p[0] ps_id=41 ctrls=0 text_len=4 ls[0] vpos=0 lh=1200 ls=0
  [0]   셀[40] r=4,c=8 rs=1,cs=1 h=1641 w=4528 pad=(510,510,141,141) aim=false bf=44 paras=1 text="34.2"
  [0]     p[0] ps_id=41 ctrls=0 text_len=4 ls[0] vpos=0 lh=1200 ls=0
  [0]   셀[41] r=4,c=9 rs=1,cs=1 h=1641 w=4528 pad=(510,510,141,141) aim=false bf=50 paras=1 text="37.0"
  [0]     p[0] ps_id=41 ctrls=0 text_len=4 ls[0] vpos=0 lh=1200 ls=0
  [0]   셀[42] r=5,c=1 rs=1,cs=1 h=1641 w=4528 pad=(510,510,141,141) aim=false bf=45 paras=1 text="(183.4)"
  [0]     p[0] ps_id=41 ctrls=0 text_len=7 ls[0] vpos=0 lh=1200 ls=0
  [0]   셀[43] r=5,c=2 rs=1,cs=1 h=1641 w=4528 pad=(510,510,141,141) aim=false bf=45 paras=1 text="(39.6)"
  [0]     p[0] ps_id=41 ctrls=0 text_len=6 ls[0] vpos=0 lh=1200 ls=0
  [0]   셀[44] r=5,c=3 rs=1,cs=1 h=1641 w=4528 pad=(510,510,141,141) aim=false bf=45 paras=1 text="(66.3)"
  [0]     p[0] ps_id=41 ctrls=0 text_len=6 ls[0] vpos=0 lh=1200 ls=0
  [0]   셀[45] r=5,c=4 rs=1,cs=1 h=1641 w=4528 pad=(510,510,141,141) aim=false bf=45 paras=1 text="(△51.3)"
  [0]     p[0] ps_id=41 ctrls=0 text_len=9 ls[0] vpos=0 lh=1200 ls=0
  [0]   셀[46] r=5,c=5 rs=1,cs=1 h=1641 w=4528 pad=(510,510,141,141) aim=false bf=45 paras=1 text="(△60.9)"
  [0]     p[0] ps_id=41 ctrls=0 text_len=9 ls[0] vpos=0 lh=1200 ls=0
  [0]   셀[47] r=5,c=6 rs=1,cs=1 h=1641 w=4528 pad=(510,510,141,141) aim=false bf=45 paras=1 text="(△30.0)"
  [0]     p[0] ps_id=41 ctrls=0 text_len=9 ls[0] vpos=0 lh=1200 ls=0
  [0]   셀[48] r=5,c=7 rs=1,cs=1 h=1641 w=4528 pad=(510,510,141,141) aim=false bf=45 paras=1 text="(△19.5)"
  [0]     p[0] ps_id=41 ctrls=0 text_len=9 ls[0] vpos=0 lh=1200 ls=0
  [0]   셀[49] r=5,c=8 rs=1,cs=1 h=1641 w=4528 pad=(510,510,141,141) aim=false bf=45 paras=1 text="(23.4)"
  [0]     p[0] ps_id=41 ctrls=0 text_len=6 ls[0] vpos=0 lh=1200 ls=0
  [0]   셀[50] r=5,c=9 rs=1,cs=1 h=1641 w=4528 pad=(510,510,141,141) aim=false bf=51 paras=1 text="(58.2)"
  [0]     p[0] ps_id=41 ctrls=0 text_len=6 ls[0] vpos=0 lh=1200 ls=0
  [0]   셀[51] r=6,c=0 rs=2,cs=1 h=3282 w=6473 pad=(510,510,141,141) aim=false bf=46 paras=1 text="아시아"
  [0]     p[0] ps_id=2 ctrls=0 text_len=9 ls[0] vpos=0 lh=1300 ls=780
  [0]   셀[52] r=6,c=1 rs=1,cs=1 h=1641 w=4528 pad=(510,510,141,141) aim=false bf=44 paras=1 text="90.0"
  [0]     p[0] ps_id=41 ctrls=0 text_len=4 ls[0] vpos=0 lh=1200 ls=0
  [0]   셀[53] r=6,c=2 rs=1,cs=1 h=1641 w=4528 pad=(510,510,141,141) aim=false bf=44 paras=1 text="40.0"
  [0]     p[0] ps_id=41 ctrls=0 text_len=4 ls[0] vpos=0 lh=1200 ls=0
  [0]   셀[54] r=6,c=3 rs=1,cs=1 h=1641 w=4528 pad=(510,510,141,141) aim=false bf=44 paras=1 text="37.5"
  [0]     p[0] ps_id=41 ctrls=0 text_len=4 ls[0] vpos=0 lh=1200 ls=0
  [0]   셀[55] r=6,c=4 rs=1,cs=1 h=1641 w=4528 pad=(510,510,141,141) aim=false bf=44 paras=1 text="35.0"
  [0]     p[0] ps_id=41 ctrls=0 text_len=4 ls[0] vpos=0 lh=1200 ls=0
  [0]   셀[56] r=6,c=5 rs=1,cs=1 h=1641 w=4528 pad=(510,510,141,141) aim=false bf=44 paras=1 text="23.9"
  [0]     p[0] ps_id=41 ctrls=0 text_len=4 ls[0] vpos=0 lh=1200 ls=0
  [0]   셀[57] r=6,c=6 rs=1,cs=1 h=1641 w=4528 pad=(510,510,141,141) aim=false bf=44 paras=1 text="34.1"
  [0]     p[0] ps_id=41 ctrls=0 text_len=4 ls[0] vpos=0 lh=1200 ls=0
  [0]   셀[58] r=6,c=7 rs=1,cs=1 h=1641 w=4528 pad=(510,510,141,141) aim=false bf=44 paras=1 text="22.1"
  [0]     p[0] ps_id=41 ctrls=0 text_len=4 ls[0] vpos=0 lh=1200 ls=0
  [0]   셀[59] r=6,c=8 rs=1,cs=1 h=1641 w=4528 pad=(510,510,141,141) aim=false bf=44 paras=1 text="29.1"
  [0]     p[0] ps_id=41 ctrls=0 text_len=4 ls[0] vpos=0 lh=1200 ls=0
  [0]   셀[60] r=6,c=9 rs=1,cs=1 h=1641 w=4528 pad=(510,510,141,141) aim=false bf=50 paras=1 text="21.5"
  [0]     p[0] ps_id=41 ctrls=0 text_len=4 ls[0] vpos=0 lh=1200 ls=0
  [0]   셀[61] r=7,c=1 rs=1,cs=1 h=1641 w=4528 pad=(510,510,141,141) aim=false bf=45 paras=1 text="(231.9)"
  [0]     p[0] ps_id=41 ctrls=0 text_len=7 ls[0] vpos=0 lh=1200 ls=0
  [0]   셀[62] r=7,c=2 rs=1,cs=1 h=1641 w=4528 pad=(510,510,141,141) aim=false bf=45 paras=1 text="(11.5)"
  [0]     p[0] ps_id=41 ctrls=0 text_len=6 ls[0] vpos=0 lh=1200 ls=0
  [0]   셀[63] r=7,c=3 rs=1,cs=1 h=1641 w=4528 pad=(510,510,141,141) aim=false bf=45 paras=1 text="(△18.9)"
  [0]     p[0] ps_id=41 ctrls=0 text_len=9 ls[0] vpos=0 lh=1200 ls=0
  [0]   셀[64] r=7,c=4 rs=1,cs=1 h=1641 w=4528 pad=(510,510,141,141) aim=false bf=45 paras=1 text="(△54.5)"
  [0]     p[0] ps_id=41 ctrls=0 text_len=9 ls[0] vpos=0 lh=1200 ls=0
  [0]   셀[65] r=7,c=5 rs=1,cs=1 h=1641 w=4528 pad=(510,510,141,141) aim=false bf=45 paras=1 text="(△73.5)"
  [0]     p[0] ps_id=41 ctrls=0 text_len=9 ls[0] vpos=0 lh=1200 ls=0
  [0]   셀[66] r=7,c=6 rs=1,cs=1 h=1641 w=4528 pad=(510,510,141,141) aim=false bf=45 paras=1 text="(△14.7)"
  [0]     p[0] ps_id=41 ctrls=0 text_len=9 ls[0] vpos=0 lh=1200 ls=0
  [0]   셀[67] r=7,c=7 rs=1,cs=1 h=1641 w=4528 pad=(510,510,141,141) aim=false bf=45 paras=1 text="(△41.2)"
  [0]     p[0] ps_id=41 ctrls=0 text_len=9 ls[0] vpos=0 lh=1200 ls=0
  [0]   셀[68] r=7,c=8 rs=1,cs=1 h=1641 w=4528 pad=(510,510,141,141) aim=false bf=45 paras=1 text="(△16.7)"
  [0]     p[0] ps_id=41 ctrls=0 text_len=9 ls[0] vpos=0 lh=1200 ls=0
  [0]   셀[69] r=7,c=9 rs=1,cs=1 h=1641 w=4528 pad=(510,510,141,141) aim=false bf=51 paras=1 text="(△9.7)"
  [0]     p[0] ps_id=41 ctrls=0 text_len=8 ls[0] vpos=0 lh=1200 ls=0
  [0]   셀[70] r=8,c=0 rs=2,cs=1 h=3282 w=6473 pad=(510,510,141,141) aim=false bf=46 paras=1 text="중남미"
  [0]     p[0] ps_id=2 ctrls=1 text_len=9 ls[0] vpos=0 lh=1300 ls=780
  [0]   셀[71] r=8,c=1 rs=1,cs=1 h=1641 w=4528 pad=(510,510,141,141) aim=false bf=44 paras=1 text="28.4"
  [0]     p[0] ps_id=41 ctrls=0 text_len=4 ls[0] vpos=0 lh=1200 ls=0
  [0]   셀[72] r=8,c=2 rs=1,cs=1 h=1641 w=4528 pad=(510,510,141,141) aim=false bf=44 paras=1 text="35.1"
  [0]     p[0] ps_id=41 ctrls=0 text_len=4 ls[0] vpos=0 lh=1200 ls=0
  [0]   셀[73] r=8,c=3 rs=1,cs=1 h=1641 w=4528 pad=(510,510,141,141) aim=false bf=44 paras=1 text="28.8"
  [0]     p[0] ps_id=41 ctrls=0 text_len=4 ls[0] vpos=0 lh=1200 ls=0
  [0]   셀[74] r=8,c=4 rs=1,cs=1 h=1641 w=4528 pad=(510,510,141,141) aim=false bf=44 paras=1 text="23.0"
  [0]     p[0] ps_id=41 ctrls=0 text_len=4 ls[0] vpos=0 lh=1200 ls=0
  [0]   셀[75] r=8,c=5 rs=1,cs=1 h=1641 w=4528 pad=(510,510,141,141) aim=false bf=44 paras=1 text="30.8"
  [0]     p[0] ps_id=41 ctrls=0 text_len=4 ls[0] vpos=0 lh=1200 ls=0
  [0]   셀[76] r=8,c=6 rs=1,cs=1 h=1641 w=4528 pad=(510,510,141,141) aim=false bf=44 paras=1 text="20.7"
  [0]     p[0] ps_id=41 ctrls=0 text_len=4 ls[0] vpos=0 lh=1200 ls=0
  [0]   셀[77] r=8,c=7 rs=1,cs=1 h=1641 w=4528 pad=(510,510,141,141) aim=false bf=44 paras=1 text="19.2"
  [0]     p[0] ps_id=41 ctrls=0 text_len=4 ls[0] vpos=0 lh=1200 ls=0
  [0]   셀[78] r=8,c=8 rs=1,cs=1 h=1641 w=4528 pad=(510,510,141,141) aim=false bf=44 paras=1 text="27.0"
  [0]     p[0] ps_id=41 ctrls=0 text_len=4 ls[0] vpos=0 lh=1200 ls=0
  [0]   셀[79] r=8,c=9 rs=1,cs=1 h=1641 w=4528 pad=(510,510,141,141) aim=false bf=50 paras=1 text="18.6"
  [0]     p[0] ps_id=41 ctrls=0 text_len=4 ls[0] vpos=0 lh=1200 ls=0
  [0]   셀[80] r=9,c=1 rs=1,cs=1 h=1641 w=4528 pad=(510,510,141,141) aim=false bf=45 paras=1 text="(72.1)"
  [0]     p[0] ps_id=41 ctrls=0 text_len=6 ls[0] vpos=0 lh=1200 ls=0
  [0]   셀[81] r=9,c=2 rs=1,cs=1 h=1641 w=4528 pad=(510,510,141,141) aim=false bf=45 paras=1 text="(26.1)"
  [0]     p[0] ps_id=41 ctrls=0 text_len=6 ls[0] vpos=0 lh=1200 ls=0
  [0]   셀[82] r=9,c=3 rs=1,cs=1 h=1641 w=4528 pad=(510,510,141,141) aim=false bf=45 paras=1 text="(17.4)"
  [0]     p[0] ps_id=41 ctrls=0 text_len=6 ls[0] vpos=0 lh=1200 ls=0
  [0]   셀[83] r=9,c=4 rs=1,cs=1 h=1641 w=4528 pad=(510,510,141,141) aim=false bf=45 paras=1 text="(△62.6)"
  [0]     p[0] ps_id=41 ctrls=0 text_len=9 ls[0] vpos=0 lh=1200 ls=0
  [0]   셀[84] r=9,c=5 rs=1,cs=1 h=1641 w=4528 pad=(510,510,141,141) aim=false bf=45 paras=1 text="(8.3)"
  [0]     p[0] ps_id=41 ctrls=0 text_len=5 ls[0] vpos=0 lh=1200 ls=0
  [0]   셀[85] r=9,c=6 rs=1,cs=1 h=1641 w=4528 pad=(510,510,141,141) aim=false bf=45 paras=1 text="(△40.8)"
  [0]     p[0] ps_id=41 ctrls=0 text_len=9 ls[0] vpos=0 lh=1200 ls=0
  [0]   셀[86] r=9,c=7 rs=1,cs=1 h=1641 w=4528 pad=(510,510,141,141) aim=false bf=45 paras=1 text="(△33.3)"
  [0]     p[0] ps_id=41 ctrls=0 text_len=9 ls[0] vpos=0 lh=1200 ls=0
  [0]   셀[87] r=9,c=8 rs=1,cs=1 h=1641 w=4528 pad=(510,510,141,141) aim=false bf=45 paras=1 text="(17.8)"
  [0]     p[0] ps_id=41 ctrls=0 text_len=6 ls[0] vpos=0 lh=1200 ls=0
  [0]   셀[88] r=9,c=9 rs=1,cs=1 h=1641 w=4528 pad=(510,510,141,141) aim=false bf=51 paras=1 text="(△39.6)"
  [0]     p[0] ps_id=41 ctrls=0 text_len=9 ls[0] vpos=0 lh=1200 ls=0
  [0]   셀[89] r=10,c=0 rs=2,cs=1 h=3282 w=6473 pad=(510,510,141,141) aim=false bf=46 paras=1 text="대양주"
  [0]     p[0] ps_id=2 ctrls=1 text_len=9 ls[0] vpos=0 lh=1300 ls=780
  [0]   셀[90] r=10,c=1 rs=1,cs=1 h=1641 w=4528 pad=(510,510,141,141) aim=false bf=44 paras=1 text="5.2"
  [0]     p[0] ps_id=41 ctrls=0 text_len=3 ls[0] vpos=0 lh=1200 ls=0
  [0]   셀[91] r=10,c=2 rs=1,cs=1 h=1641 w=4528 pad=(510,510,141,141) aim=false bf=44 paras=1 text="6.8"
  [0]     p[0] ps_id=41 ctrls=0 text_len=3 ls[0] vpos=0 lh=1200 ls=0
  [0]   셀[92] r=10,c=3 rs=1,cs=1 h=1641 w=4528 pad=(510,510,141,141) aim=false bf=44 paras=1 text="4.2"
  [0]     p[0] ps_id=41 ctrls=0 text_len=3 ls[0] vpos=0 lh=1200 ls=0
  [0]   셀[93] r=10,c=4 rs=1,cs=1 h=1641 w=4528 pad=(510,510,141,141) aim=false bf=44 paras=1 text="3.0"
  [0]     p[0] ps_id=41 ctrls=0 text_len=3 ls[0] vpos=0 lh=1200 ls=0
  [0]   셀[94] r=10,c=5 rs=1,cs=1 h=1641 w=4528 pad=(510,510,141,141) aim=false bf=44 paras=1 text="0.6"
  [0]     p[0] ps_id=41 ctrls=0 text_len=3 ls[0] vpos=0 lh=1200 ls=0
  [0]   셀[95] r=10,c=6 rs=1,cs=1 h=1641 w=4528 pad=(510,510,141,141) aim=false bf=44 paras=1 text="3.5"
  [0]     p[0] ps_id=41 ctrls=0 text_len=3 ls[0] vpos=0 lh=1200 ls=0
  [0]   셀[96] r=10,c=7 rs=1,cs=1 h=1641 w=4528 pad=(510,510,141,141) aim=false bf=44 paras=1 text="1.6"
  [0]     p[0] ps_id=41 ctrls=0 text_len=3 ls[0] vpos=0 lh=1200 ls=0
  [0]   셀[97] r=10,c=8 rs=1,cs=1 h=1641 w=4528 pad=(510,510,141,141) aim=false bf=44 paras=1 text="3.0"
  [0]     p[0] ps_id=41 ctrls=0 text_len=3 ls[0] vpos=0 lh=1200 ls=0
  [0]   셀[98] r=10,c=9 rs=1,cs=1 h=1641 w=4528 pad=(510,510,141,141) aim=false bf=50 paras=1 text="2.7"
  [0]     p[0] ps_id=41 ctrls=0 text_len=3 ls[0] vpos=0 lh=1200 ls=0
  [0]   셀[99] r=11,c=1 rs=1,cs=1 h=1641 w=4528 pad=(510,510,141,141) aim=false bf=45 paras=1 text="(146.3)"
  [0]     p[0] ps_id=41 ctrls=0 text_len=7 ls[0] vpos=0 lh=1200 ls=0
  [0]   셀[100] r=11,c=2 rs=1,cs=1 h=1641 w=4528 pad=(510,510,141,141) aim=false bf=45 paras=1 text="(6.9)"
  [0]     p[0] ps_id=41 ctrls=0 text_len=5 ls[0] vpos=0 lh=1200 ls=0
  [0]   셀[101] r=11,c=3 rs=1,cs=1 h=1641 w=4528 pad=(510,510,141,141) aim=false bf=45 paras=1 text="(△14.5)"
  [0]     p[0] ps_id=41 ctrls=0 text_len=9 ls[0] vpos=0 lh=1200 ls=0
  [0]   셀[102] r=11,c=4 rs=1,cs=1 h=1641 w=4528 pad=(510,510,141,141) aim=false bf=45 paras=1 text="(△12.1)"
  [0]     p[0] ps_id=41 ctrls=0 text_len=9 ls[0] vpos=0 lh=1200 ls=0
  [0]   셀[103] r=11,c=5 rs=1,cs=1 h=1641 w=4528 pad=(510,510,141,141) aim=false bf=45 paras=1 text="(△88.4)"
  [0]     p[0] ps_id=41 ctrls=0 text_len=9 ls[0] vpos=0 lh=1200 ls=0
  [0]   셀[104] r=11,c=6 rs=1,cs=1 h=1641 w=4528 pad=(510,510,141,141) aim=false bf=45 paras=1 text="(△48.4)"
  [0]     p[0] ps_id=41 ctrls=0 text_len=9 ls[0] vpos=0 lh=1200 ls=0
  [0]   셀[105] r=11,c=7 rs=1,cs=1 h=1641 w=4528 pad=(510,510,141,141) aim=false bf=45 paras=1 text="(△62.5)"
  [0]     p[0] ps_id=41 ctrls=0 text_len=9 ls[0] vpos=0 lh=1200 ls=0
  [0]   셀[106] r=11,c=8 rs=1,cs=1 h=1641 w=4528 pad=(510,510,141,141) aim=false bf=45 paras=1 text="(3.2)"
  [0]     p[0] ps_id=41 ctrls=0 text_len=5 ls[0] vpos=0 lh=1200 ls=0
  [0]   셀[107] r=11,c=9 rs=1,cs=1 h=1641 w=4528 pad=(510,510,141,141) aim=false bf=51 paras=1 text="(353.0)"
  [0]     p[0] ps_id=41 ctrls=0 text_len=7 ls[0] vpos=0 lh=1200 ls=0
  [0]   셀[108] r=12,c=0 rs=2,cs=1 h=3282 w=6473 pad=(510,510,141,141) aim=false bf=46 paras=1 text="아프리카"
  [0]     p[0] ps_id=2 ctrls=1 text_len=12 ls[0] vpos=0 lh=1300 ls=780
  [0]   셀[109] r=12,c=1 rs=1,cs=1 h=1641 w=4528 pad=(510,510,141,141) aim=false bf=44 paras=1 text="0.2"
  [0]     p[0] ps_id=41 ctrls=0 text_len=3 ls[0] vpos=0 lh=1200 ls=0
  [0]   셀[110] r=12,c=2 rs=1,cs=1 h=1641 w=4528 pad=(510,510,141,141) aim=false bf=44 paras=1 text="0.5"
  [0]     p[0] ps_id=41 ctrls=0 text_len=3 ls[0] vpos=0 lh=1200 ls=0
  [0]   셀[111] r=12,c=3 rs=1,cs=1 h=1641 w=4528 pad=(510,510,141,141) aim=false bf=44 paras=1 text="0.2"
  [0]     p[0] ps_id=41 ctrls=0 text_len=3 ls[0] vpos=0 lh=1200 ls=0
  [0]   셀[112] r=12,c=4 rs=1,cs=1 h=1641 w=4528 pad=(510,510,141,141) aim=false bf=44 paras=1 text="0.3"
  [0]     p[0] ps_id=41 ctrls=0 text_len=3 ls[0] vpos=0 lh=1200 ls=0
  [0]   셀[113] r=12,c=5 rs=1,cs=1 h=1641 w=4528 pad=(510,510,141,141) aim=false bf=44 paras=1 text="0.3"
  [0]     p[0] ps_id=41 ctrls=0 text_len=3 ls[0] vpos=0 lh=1200 ls=0
  [0]   셀[114] r=12,c=6 rs=1,cs=1 h=1641 w=4528 pad=(510,510,141,141) aim=false bf=44 paras=1 text="1.0"
  [0]     p[0] ps_id=41 ctrls=0 text_len=3 ls[0] vpos=0 lh=1200 ls=0
  [0]   셀[115] r=12,c=7 rs=1,cs=1 h=1641 w=4528 pad=(510,510,141,141) aim=false bf=44 paras=1 text="0.8"
  [0]     p[0] ps_id=41 ctrls=0 text_len=3 ls[0] vpos=0 lh=1200 ls=0
  [0]   셀[116] r=12,c=8 rs=1,cs=1 h=1641 w=4528 pad=(510,510,141,141) aim=false bf=44 paras=1 text="1.3"
  [0]     p[0] ps_id=41 ctrls=0 text_len=3 ls[0] vpos=0 lh=1200 ls=0
  [0]   셀[117] r=12,c=9 rs=1,cs=1 h=1641 w=4528 pad=(510,510,141,141) aim=false bf=50 paras=1 text="2.6"
  [0]     p[0] ps_id=41 ctrls=0 text_len=3 ls[0] vpos=0 lh=1200 ls=0
  [0]   셀[118] r=13,c=1 rs=1,cs=1 h=1641 w=4528 pad=(510,510,141,141) aim=false bf=45 paras=1 text="(△68.1)"
  [0]     p[0] ps_id=41 ctrls=0 text_len=9 ls[0] vpos=0 lh=1200 ls=0
  [0]   셀[119] r=13,c=2 rs=1,cs=1 h=1641 w=4528 pad=(510,510,141,141) aim=false bf=45 paras=1 text="(△72.9)"
  [0]     p[0] ps_id=41 ctrls=0 text_len=9 ls[0] vpos=0 lh=1200 ls=0
  [0]   셀[120] r=13,c=3 rs=1,cs=1 h=1641 w=4528 pad=(510,510,141,141) aim=false bf=45 paras=1 text="(△24.4)"
  [0]     p[0] ps_id=41 ctrls=0 text_len=9 ls[0] vpos=0 lh=1200 ls=0
  [0]   셀[121] r=13,c=4 rs=1,cs=1 h=1641 w=4528 pad=(510,510,141,141) aim=false bf=45 paras=1 text="(△10.4)"
  [0]     p[0] ps_id=41 ctrls=0 text_len=9 ls[0] vpos=0 lh=1200 ls=0
  [0]   셀[122] r=13,c=5 rs=1,cs=1 h=1641 w=4528 pad=(510,510,141,141) aim=false bf=45 paras=1 text="(26.0)"
  [0]     p[0] ps_id=41 ctrls=0 text_len=6 ls[0] vpos=0 lh=1200 ls=0
  [0]   셀[123] r=13,c=6 rs=1,cs=1 h=1641 w=4528 pad=(510,510,141,141) aim=false bf=45 paras=1 text="(109.2)"
  [0]     p[0] ps_id=41 ctrls=0 text_len=7 ls[0] vpos=0 lh=1200 ls=0
  [0]   셀[124] r=13,c=7 rs=1,cs=1 h=1641 w=4528 pad=(510,510,141,141) aim=false bf=45 paras=1 text="(238.1)"
  [0]     p[0] ps_id=41 ctrls=0 text_len=7 ls[0] vpos=0 lh=1200 ls=0
  [0]   셀[125] r=13,c=8 rs=1,cs=1 h=1641 w=4528 pad=(510,510,141,141) aim=false bf=45 paras=1 text="(341.3)"
  [0]     p[0] ps_id=41 ctrls=0 text_len=7 ls[0] vpos=0 lh=1200 ls=0
  [0]   셀[126] r=13,c=9 rs=1,cs=1 h=1641 w=4528 pad=(510,510,141,141) aim=false bf=51 paras=1 text="(773.5)"
  [0]     p[0] ps_id=41 ctrls=0 text_len=7 ls[0] vpos=0 lh=1200 ls=0
  [0]   셀[127] r=14,c=0 rs=2,cs=1 h=3236 w=6473 pad=(510,510,141,141) aim=false bf=43 paras=1 text="중동"
  [0]     p[0] ps_id=2 ctrls=1 text_len=6 ls[0] vpos=0 lh=1300 ls=780
  [0]   셀[128] r=14,c=1 rs=1,cs=1 h=1641 w=4528 pad=(510,510,141,141) aim=false bf=44 paras=1 text="0.3"
  [0]     p[0] ps_id=41 ctrls=0 text_len=3 ls[0] vpos=0 lh=1200 ls=0
  [0]   셀[129] r=14,c=2 rs=1,cs=1 h=1641 w=4528 pad=(510,510,141,141) aim=false bf=44 paras=1 text="0.5"
  [0]     p[0] ps_id=41 ctrls=0 text_len=3 ls[0] vpos=0 lh=1200 ls=0
  [0]   셀[130] r=14,c=3 rs=1,cs=1 h=1641 w=4528 pad=(510,510,141,141) aim=false bf=44 paras=1 text="0.3"
  [0]     p[0] ps_id=41 ctrls=0 text_len=3 ls[0] vpos=0 lh=1200 ls=0
  [0]   셀[131] r=14,c=4 rs=1,cs=1 h=1641 w=4528 pad=(510,510,141,141) aim=false bf=44 paras=1 text="0.3"
  [0]     p[0] ps_id=41 ctrls=0 text_len=3 ls[0] vpos=0 lh=1200 ls=0
  [0]   셀[132] r=14,c=5 rs=1,cs=1 h=1641 w=4528 pad=(510,510,141,141) aim=false bf=44 paras=1 text="0.1"
  [0]     p[0] ps_id=41 ctrls=0 text_len=3 ls[0] vpos=0 lh=1200 ls=0
  [0]   셀[133] r=14,c=6 rs=1,cs=1 h=1641 w=4528 pad=(510,510,141,141) aim=false bf=44 paras=1 text="0.4"
  [0]     p[0] ps_id=41 ctrls=0 text_len=3 ls[0] vpos=0 lh=1200 ls=0
  [0]   셀[134] r=14,c=7 rs=1,cs=1 h=1641 w=4528 pad=(510,510,141,141) aim=false bf=44 paras=1 text="0.4"
  [0]     p[0] ps_id=41 ctrls=0 text_len=3 ls[0] vpos=0 lh=1200 ls=0
  [0]   셀[135] r=14,c=8 rs=1,cs=1 h=1641 w=4528 pad=(510,510,141,141) aim=false bf=44 paras=1 text="0.3"
  [0]     p[0] ps_id=41 ctrls=0 text_len=3 ls[0] vpos=0 lh=1200 ls=0
  [0]   셀[136] r=14,c=9 rs=1,cs=1 h=1641 w=4528 pad=(510,510,141,141) aim=false bf=50 paras=1 text="1.1"
  [0]     p[0] ps_id=41 ctrls=0 text_len=3 ls[0] vpos=0 lh=1200 ls=0
  [0]   셀[137] r=15,c=1 rs=1,cs=1 h=1595 w=4528 pad=(510,510,141,141) aim=false bf=23 paras=1 text="(△51.4)"
  [0]     p[0] ps_id=41 ctrls=0 text_len=9 ls[0] vpos=0 lh=1200 ls=0
  [0]   셀[138] r=15,c=2 rs=1,cs=1 h=1595 w=4528 pad=(510,510,141,141) aim=false bf=23 paras=1 text="(15.1)"
  [0]     p[0] ps_id=41 ctrls=0 text_len=6 ls[0] vpos=0 lh=1200 ls=0
  [0]   셀[139] r=15,c=3 rs=1,cs=1 h=1595 w=4528 pad=(510,510,141,141) aim=false bf=23 paras=1 text="(552.1)"
  [0]     p[0] ps_id=41 ctrls=0 text_len=7 ls[0] vpos=0 lh=1200 ls=0
  [0]   셀[140] r=15,c=4 rs=1,cs=1 h=1595 w=4528 pad=(510,510,141,141) aim=false bf=23 paras=1 text="(△76.0)"
  [0]     p[0] ps_id=41 ctrls=0 text_len=9 ls[0] vpos=0 lh=1200 ls=0
  [0]   셀[141] r=15,c=5 rs=1,cs=1 h=1595 w=4528 pad=(510,510,141,141) aim=false bf=23 paras=1 text="(△50.9)"
  [0]     p[0] ps_id=41 ctrls=0 text_len=9 ls[0] vpos=0 lh=1200 ls=0
  [0]   셀[142] r=15,c=6 rs=1,cs=1 h=1595 w=4528 pad=(510,510,141,141) aim=false bf=23 paras=1 text="(△18.1)"
  [0]     p[0] ps_id=41 ctrls=0 text_len=9 ls[0] vpos=0 lh=1200 ls=0
  [0]   셀[143] r=15,c=7 rs=1,cs=1 h=1595 w=4528 pad=(510,510,141,141) aim=false bf=23 paras=1 text="(35.8)"
  [0]     p[0] ps_id=41 ctrls=0 text_len=6 ls[0] vpos=0 lh=1200 ls=0
  [0]   셀[144] r=15,c=8 rs=1,cs=1 h=1595 w=4528 pad=(510,510,141,141) aim=false bf=23 paras=1 text="(8.5)"
  [0]     p[0] ps_id=41 ctrls=0 text_len=5 ls[0] vpos=0 lh=1200 ls=0
  [0]   셀[145] r=15,c=9 rs=1,cs=1 h=1595 w=4528 pad=(510,510,141,141) aim=false bf=35 paras=1 text="(616.9)"
  [0]     p[0] ps_id=41 ctrls=0 text_len=7 ls[0] vpos=0 lh=1200 ls=0

--- 문단 0.48 --- cc=1, text_len=0, controls=0 
  텍스트: (빈 문단)
  [PS] ps_id=48 align=Justify spacing: before=0 after=0 line=110/Percent
       margins: left=0 right=0 indent=0 border_fill_id=2
       border_spacing: left=0 right=0 top=0 bottom=0
       tab_def_id=0 auto_left=false auto_right=false tabs=[(없음)]
  ls[0]: ts=0, vpos=175972, lh=1200, th=1200, bl=1020, ls=120, cs=0, sw=48188, tag=0x00060000

--- 문단 0.49 --- cc=1, text_len=0, controls=0 
  텍스트: (빈 문단)
  [PS] ps_id=48 align=Justify spacing: before=0 after=0 line=110/Percent
       margins: left=0 right=0 indent=0 border_fill_id=2
       border_spacing: left=0 right=0 top=0 bottom=0
       tab_def_id=0 auto_left=false auto_right=false tabs=[(없음)]
  ls[0]: ts=0, vpos=177292, lh=1200, th=1200, bl=1020, ls=120, cs=0, sw=48188, tag=0x00060000

--- 문단 0.50 --- cc=10, text_len=9, controls=0 
  텍스트: "2. 연도별 동향"
  [CS] pos=0 id=49 bold=false spacing=0% ratio=100% char="2"
  [PS] ps_id=48 align=Justify spacing: before=0 after=0 line=110/Percent
       margins: left=0 right=0 indent=0 border_fill_id=2
       border_spacing: left=0 right=0 top=0 bottom=0
       tab_def_id=0 auto_left=false auto_right=false tabs=[(없음)]
  ls[0]: ts=0, vpos=178612, lh=1500, th=1500, bl=1275, ls=152, cs=0, sw=48188, tag=0x00060000

--- 문단 0.51 --- cc=1, text_len=0, controls=0 
  텍스트: (빈 문단)
  [PS] ps_id=76 align=Justify spacing: before=0 after=0 line=90/Percent
       margins: left=0 right=0 indent=0 border_fill_id=2
       border_spacing: left=0 right=0 top=0 bottom=0
       tab_def_id=0 auto_left=false auto_right=false tabs=[(없음)]
  ls[0]: ts=0, vpos=180264, lh=800, th=800, bl=680, ls=-80, cs=0, sw=48188, tag=0x00060000

--- 문단 0.52 --- cc=9, text_len=0, controls=1 
  텍스트: (빈 문단)
  [CS] pos=8 id=47 bold=false spacing=0% ratio=100% char=""
  [PS] ps_id=42 align=Justify spacing: before=0 after=0 line=120/Percent
       margins: left=0 right=0 indent=0 border_fill_id=2
       border_spacing: left=0 right=0 top=0 bottom=0
       tab_def_id=0 auto_left=false auto_right=false tabs=[(없음)]
  ls[0]: ts=0, vpos=180984, lh=800, th=800, bl=680, ls=160, cs=0, sw=0, tag=0x00060000
  [0] 표: 3행×7열, 셀=21, 쪽나눔=None (attr=0x00000000), padding=(512,512,140,140), cs=0
  [0]   [common] treat_as_char=false, wrap=위아래, vert=문단(54=0.2mm), horz=단(0=0.0mm)
  [0]   [common] size=47737×6238(168.4×22.0mm), valign=Top, halign=Left
  [0]   [outer_margin] left=0.5mm(141) right=0.5mm(141) top=0.5mm(141) bottom=0.5mm(141)
  [0]   셀[0] r=0,c=0 rs=1,cs=1 h=2146 w=5947 pad=(510,510,141,141) aim=false bf=14 paras=1 text="구 분"
  [0]     p[0] ps_id=2 ctrls=1 text_len=7 ls[0] vpos=0 lh=1300 ls=780
  [0]   셀[1] r=0,c=1 rs=1,cs=1 h=2146 w=6856 pad=(510,510,141,141) aim=false bf=15 paras=1 text="2019년"
  [0]     p[0] ps_id=43 ctrls=0 text_len=7 ls[0] vpos=0 lh=1200 ls=0
  [0]   셀[2] r=0,c=2 rs=1,cs=1 h=2146 w=6856 pad=(510,510,141,141) aim=false bf=15 paras=1 text="2020년"
  [0]     p[0] ps_id=43 ctrls=1 text_len=7 ls[0] vpos=0 lh=1200 ls=0
  [0]   셀[3] r=0,c=3 rs=1,cs=1 h=2146 w=6856 pad=(510,510,141,141) aim=false bf=15 paras=1 text="2021년"
  [0]     p[0] ps_id=43 ctrls=1 text_len=7 ls[0] vpos=0 lh=1200 ls=0
  [0]   셀[4] r=0,c=4 rs=1,cs=1 h=2146 w=6856 pad=(510,510,141,141) aim=false bf=15 paras=1 text="2022년"
  [0]     p[0] ps_id=43 ctrls=1 text_len=7 ls[0] vpos=0 lh=1200 ls=0
  [0]   셀[5] r=0,c=5 rs=1,cs=1 h=2146 w=6522 pad=(510,510,141,141) aim=false bf=16 paras=1 text="2023년"
  [0]     p[0] ps_id=43 ctrls=1 text_len=7 ls[0] vpos=0 lh=1200 ls=0
  [0]   셀[6] r=0,c=6 rs=1,cs=1 h=2146 w=7844 pad=(510,510,141,141) aim=false bf=17 paras=1 text="2024년 1분기"
  [0]     p[0] ps_id=43 ctrls=1 text_len=15 ls[0] vpos=0 lh=1200 ls=0
  [0]   셀[7] r=1,c=0 rs=1,cs=1 h=2046 w=5947 pad=(510,510,141,141) aim=false bf=18 paras=1 text="투자액"
  [0]     p[0] ps_id=3 ctrls=0 text_len=9 ls[0] vpos=0 lh=1200 ls=720
  [0]   셀[8] r=1,c=1 rs=1,cs=1 h=2046 w=6856 pad=(510,510,141,141) aim=false bf=19 paras=1 text="656.3"
  [0]     p[0] ps_id=41 ctrls=0 text_len=5 ls[0] vpos=0 lh=1200 ls=0
  [0]   셀[9] r=1,c=2 rs=1,cs=1 h=2046 w=6856 pad=(510,510,141,141) aim=false bf=19 paras=1 text="582.0"
  [0]     p[0] ps_id=41 ctrls=0 text_len=5 ls[0] vpos=0 lh=1200 ls=0
  [0]   셀[10] r=1,c=3 rs=1,cs=1 h=2046 w=6856 pad=(510,510,141,141) aim=false bf=19 paras=1 text="769.0"
  [0]     p[0] ps_id=41 ctrls=0 text_len=5 ls[0] vpos=0 lh=1200 ls=0
  [0]   셀[11] r=1,c=4 rs=1,cs=1 h=2046 w=6856 pad=(510,510,141,141) aim=false bf=19 paras=1 text="816.5"
  [0]     p[0] ps_id=41 ctrls=0 text_len=5 ls[0] vpos=0 lh=1200 ls=0
  [0]   셀[12] r=1,c=5 rs=1,cs=1 h=2046 w=6522 pad=(510,510,141,141) aim=false bf=20 paras=1 text="644.8"
  [0]     p[0] ps_id=41 ctrls=0 text_len=5 ls[0] vpos=0 lh=1200 ls=0
  [0]   셀[13] r=1,c=6 rs=1,cs=1 h=2046 w=7844 pad=(510,510,141,141) aim=false bf=21 paras=1 text="150.9"
  [0]     p[0] ps_id=41 ctrls=0 text_len=5 ls[0] vpos=0 lh=1200 ls=0
  [0]   셀[14] r=2,c=0 rs=1,cs=1 h=2046 w=5947 pad=(510,510,141,141) aim=false bf=22 paras=1 text="증감률"
  [0]     p[0] ps_id=3 ctrls=0 text_len=9 ls[0] vpos=0 lh=1200 ls=720
  [0]   셀[15] r=2,c=1 rs=1,cs=1 h=2046 w=6856 pad=(510,510,141,141) aim=false bf=23 paras=1 text="(26.6)"
  [0]     p[0] ps_id=41 ctrls=0 text_len=6 ls[0] vpos=0 lh=1200 ls=0
  [0]   셀[16] r=2,c=2 rs=1,cs=1 h=2046 w=6856 pad=(510,510,141,141) aim=false bf=23 paras=1 text="(△11.3)"
  [0]     p[0] ps_id=41 ctrls=0 text_len=9 ls[0] vpos=0 lh=1200 ls=0
  [0]   셀[17] r=2,c=3 rs=1,cs=1 h=2046 w=6856 pad=(510,510,141,141) aim=false bf=23 paras=1 text="(32.1)"
  [0]     p[0] ps_id=41 ctrls=0 text_len=6 ls[0] vpos=0 lh=1200 ls=0
  [0]   셀[18] r=2,c=4 rs=1,cs=1 h=2046 w=6856 pad=(510,510,141,141) aim=false bf=23 paras=1 text="(6.2)"
  [0]     p[0] ps_id=41 ctrls=0 text_len=5 ls[0] vpos=0 lh=1200 ls=0
  [0]   셀[19] r=2,c=5 rs=1,cs=1 h=2046 w=6522 pad=(510,510,141,141) aim=false bf=24 paras=1 text="(△21.0)"
  [0]     p[0] ps_id=41 ctrls=0 text_len=9 ls[0] vpos=0 lh=1200 ls=0
  [0]   셀[20] r=2,c=6 rs=1,cs=1 h=2046 w=7844 pad=(510,510,141,141) aim=false bf=25 paras=1 text="(△14.6)"
  [0]     p[0] ps_id=41 ctrls=0 text_len=9 ls[0] vpos=0 lh=1200 ls=0

--- 문단 0.53 --- cc=1, text_len=0, controls=0 
  텍스트: (빈 문단)
  [PS] ps_id=78 align=Justify spacing: before=0 after=0 line=150/Percent
       margins: left=0 right=0 indent=0 border_fill_id=2
       border_spacing: left=0 right=0 top=0 bottom=0
       tab_def_id=0 auto_left=false auto_right=false tabs=[(없음)]
  ls[0]: ts=0, vpos=187558, lh=1500, th=1500, bl=1275, ls=752, cs=0, sw=48188, tag=0x00060000

--- 문단 0.54 --- cc=16, text_len=15, controls=0 
  텍스트: "□ 업종별 동향(상위 5개)"
  [CS] pos=0 id=59 bold=false spacing=0% ratio=100% char="□"
  [CS] pos=2 id=57 bold=false spacing=0% ratio=100% char="업"
  [CS] pos=8 id=46 bold=false spacing=0% ratio=100% char="("
  [PS] ps_id=48 align=Justify spacing: before=0 after=0 line=110/Percent
       margins: left=0 right=0 indent=0 border_fill_id=2
       border_spacing: left=0 right=0 top=0 bottom=0
       tab_def_id=0 auto_left=false auto_right=false tabs=[(없음)]
  ls[0]: ts=0, vpos=189810, lh=1500, th=1500, bl=1275, ls=152, cs=0, sw=48188, tag=0x00060000

--- 문단 0.55 --- cc=1, text_len=0, controls=0 
  텍스트: (빈 문단)
  [PS] ps_id=74 align=Justify spacing: before=0 after=0 line=140/Percent
       margins: left=0 right=0 indent=0 border_fill_id=2
       border_spacing: left=0 right=0 top=0 bottom=0
       tab_def_id=0 auto_left=false auto_right=false tabs=[(없음)]
  ls[0]: ts=0, vpos=191462, lh=700, th=700, bl=595, ls=280, cs=0, sw=48188, tag=0x00060000

--- 문단 0.56 --- cc=9, text_len=0, controls=1 
  텍스트: (빈 문단)
  [CS] pos=8 id=60 bold=false spacing=0% ratio=100% char=""
  [PS] ps_id=42 align=Justify spacing: before=0 after=0 line=120/Percent
       margins: left=0 right=0 indent=0 border_fill_id=2
       border_spacing: left=0 right=0 top=0 bottom=0
       tab_def_id=0 auto_left=false auto_right=false tabs=[(없음)]
  ls[0]: ts=0, vpos=192442, lh=23169, th=23169, bl=19694, ls=240, cs=0, sw=48188, tag=0x00060000
  [0] 표: 11행×7열, 셀=72, 쪽나눔=None (attr=0x00000000), padding=(512,512,140,140), cs=0
  [0]   [common] treat_as_char=true, wrap=위아래, vert=문단(0=0.0mm), horz=문단(0=0.0mm)
  [0]   [common] size=47947×22889(169.1×80.7mm), valign=Top, halign=Left
  [0]   [outer_margin] left=0.5mm(140) right=0.5mm(140) top=0.5mm(140) bottom=0.5mm(140)
  [0]   셀[0] r=0,c=0 rs=1,cs=1 h=2429 w=6958 pad=(510,510,141,141) aim=false bf=14 paras=1 text="구 분"
  [0]     p[0] ps_id=2 ctrls=1 text_len=7 ls[0] vpos=0 lh=1300 ls=780
  [0]   셀[1] r=0,c=1 rs=1,cs=1 h=2429 w=6832 pad=(510,510,141,141) aim=false bf=15 paras=1 text="2019년"
  [0]     p[0] ps_id=43 ctrls=0 text_len=7 ls[0] vpos=0 lh=1200 ls=0
  [0]   셀[2] r=0,c=2 rs=1,cs=1 h=2429 w=6832 pad=(510,510,141,141) aim=false bf=15 paras=1 text="2020년"
  [0]     p[0] ps_id=43 ctrls=1 text_len=7 ls[0] vpos=0 lh=1200 ls=0
  [0]   셀[3] r=0,c=3 rs=1,cs=1 h=2429 w=6832 pad=(510,510,141,141) aim=false bf=15 paras=1 text="2021년"
  [0]     p[0] ps_id=43 ctrls=1 text_len=7 ls[0] vpos=0 lh=1200 ls=0
  [0]   셀[4] r=0,c=4 rs=1,cs=1 h=2429 w=6832 pad=(510,510,141,141) aim=false bf=15 paras=1 text="2022년"
  [0]     p[0] ps_id=43 ctrls=1 text_len=7 ls[0] vpos=0 lh=1200 ls=0
  [0]   셀[5] r=0,c=5 rs=1,cs=1 h=2429 w=6832 pad=(510,510,141,141) aim=false bf=15 paras=1 text="2023년"
  [0]     p[0] ps_id=43 ctrls=1 text_len=7 ls[0] vpos=0 lh=1200 ls=0
  [0]   셀[6] r=0,c=6 rs=1,cs=1 h=2429 w=6829 pad=(510,510,141,141) aim=false bf=26 paras=1 text="2024년 1분기"
  [0]     p[0] ps_id=43 ctrls=1 text_len=15 ls[0] vpos=0 lh=1200 ls=0
  [0]   셀[7] r=1,c=0 rs=2,cs=1 h=4092 w=6958 pad=(510,510,141,141) aim=false bf=27 paras=2 text="금융|보험업 "
  [0]     p[0] ps_id=44 ctrls=1 text_len=6 ls[0] vpos=0 lh=1300 ls=0
  [0]     p[1] ps_id=44 ctrls=0 text_len=10 ls[0] vpos=1300 lh=1300 ls=0
  [0]   셀[8] r=1,c=1 rs=1,cs=1 h=2046 w=6832 pad=(510,510,141,141) aim=false bf=19 paras=1 text="266.6"
  [0]     p[0] ps_id=41 ctrls=0 text_len=5 ls[0] vpos=0 lh=1200 ls=0
  [0]   셀[9] r=1,c=2 rs=1,cs=1 h=2046 w=6832 pad=(510,510,141,141) aim=false bf=19 paras=1 text="191.6"
  [0]     p[0] ps_id=41 ctrls=0 text_len=5 ls[0] vpos=0 lh=1200 ls=0
  [0]   셀[10] r=1,c=3 rs=1,cs=1 h=2046 w=6832 pad=(510,510,141,141) aim=false bf=19 paras=1 text="300.4"
  [0]     p[0] ps_id=41 ctrls=0 text_len=5 ls[0] vpos=0 lh=1200 ls=0
  [0]   셀[11] r=1,c=4 rs=1,cs=1 h=2046 w=6832 pad=(510,510,141,141) aim=false bf=19 paras=1 text="304.1"
  [0]     p[0] ps_id=41 ctrls=0 text_len=5 ls[0] vpos=0 lh=1200 ls=0
  [0]   셀[12] r=1,c=5 rs=1,cs=1 h=2046 w=6832 pad=(510,510,141,141) aim=false bf=19 paras=1 text="263.7"
  [0]     p[0] ps_id=41 ctrls=0 text_len=5 ls[0] vpos=0 lh=1200 ls=0
  [0]   셀[13] r=1,c=6 rs=1,cs=1 h=2046 w=6829 pad=(510,510,141,141) aim=false bf=28 paras=1 text="55.0"
  [0]     p[0] ps_id=41 ctrls=0 text_len=4 ls[0] vpos=0 lh=1200 ls=0
  [0]   셀[14] r=2,c=1 rs=1,cs=1 h=2046 w=6832 pad=(510,510,141,141) aim=false bf=29 paras=1 text="(47.5)"
  [0]     p[0] ps_id=41 ctrls=0 text_len=6 ls[0] vpos=0 lh=1200 ls=0
  [0]   셀[15] r=2,c=2 rs=1,cs=1 h=2046 w=6832 pad=(510,510,141,141) aim=false bf=29 paras=1 text="(△28.1)"
  [0]     p[0] ps_id=41 ctrls=0 text_len=9 ls[0] vpos=0 lh=1200 ls=0
  [0]   셀[16] r=2,c=3 rs=1,cs=1 h=2046 w=6832 pad=(510,510,141,141) aim=false bf=29 paras=1 text="(56.8)"
  [0]     p[0] ps_id=41 ctrls=0 text_len=6 ls[0] vpos=0 lh=1200 ls=0
  [0]   셀[17] r=2,c=4 rs=1,cs=1 h=2046 w=6832 pad=(510,510,141,141) aim=false bf=29 paras=1 text="(1.3)"
  [0]     p[0] ps_id=41 ctrls=0 text_len=5 ls[0] vpos=0 lh=1200 ls=0
  [0]   셀[18] r=2,c=5 rs=1,cs=1 h=2046 w=6832 pad=(510,510,141,141) aim=false bf=29 paras=1 text="(△13.3)"
  [0]     p[0] ps_id=41 ctrls=0 text_len=9 ls[0] vpos=0 lh=1200 ls=0
  [0]   셀[19] r=2,c=6 rs=1,cs=1 h=2046 w=6829 pad=(510,510,141,141) aim=false bf=30 paras=1 text="(△17.8)"
  [0]     p[0] ps_id=41 ctrls=0 text_len=9 ls[0] vpos=0 lh=1200 ls=0
  [0]   셀[20] r=3,c=0 rs=2,cs=1 h=4092 w=6958 pad=(510,510,141,141) aim=false bf=31 paras=1 text="제조업"
  [0]     p[0] ps_id=44 ctrls=0 text_len=9 ls[0] vpos=0 lh=1300 ls=0
  [0]   셀[21] r=3,c=1 rs=1,cs=1 h=2046 w=6832 pad=(510,510,141,141) aim=false bf=32 paras=1 text="184.1"
  [0]     p[0] ps_id=41 ctrls=0 text_len=5 ls[0] vpos=0 lh=1200 ls=0
  [0]   셀[22] r=3,c=2 rs=1,cs=1 h=2046 w=6832 pad=(510,510,141,141) aim=false bf=32 paras=1 text="137.9"
  [0]     p[0] ps_id=41 ctrls=0 text_len=5 ls[0] vpos=0 lh=1200 ls=0
  [0]   셀[23] r=3,c=3 rs=1,cs=1 h=2046 w=6832 pad=(510,510,141,141) aim=false bf=32 paras=1 text="179.5"
  [0]     p[0] ps_id=41 ctrls=0 text_len=5 ls[0] vpos=0 lh=1200 ls=0
  [0]   셀[24] r=3,c=4 rs=1,cs=1 h=2046 w=6832 pad=(510,510,141,141) aim=false bf=32 paras=1 text="253.2"
  [0]     p[0] ps_id=41 ctrls=0 text_len=5 ls[0] vpos=0 lh=1200 ls=0
  [0]   셀[25] r=3,c=5 rs=1,cs=1 h=2046 w=6832 pad=(510,510,141,141) aim=false bf=32 paras=1 text="204.6"
  [0]     p[0] ps_id=41 ctrls=0 text_len=5 ls[0] vpos=0 lh=1200 ls=0
  [0]   셀[26] r=3,c=6 rs=1,cs=1 h=2046 w=6829 pad=(510,510,141,141) aim=false bf=33 paras=1 text="40.5"
  [0]     p[0] ps_id=41 ctrls=0 text_len=4 ls[0] vpos=0 lh=1200 ls=0
  [0]   셀[27] r=4,c=1 rs=1,cs=1 h=2046 w=6832 pad=(510,510,141,141) aim=false bf=29 paras=1 text="(14.2)"
  [0]     p[0] ps_id=41 ctrls=0 text_len=6 ls[0] vpos=0 lh=1200 ls=0
  [0]   셀[28] r=4,c=2 rs=1,cs=1 h=2046 w=6832 pad=(510,510,141,141) aim=false bf=29 paras=1 text="(△25.1)"
  [0]     p[0] ps_id=41 ctrls=0 text_len=9 ls[0] vpos=0 lh=1200 ls=0
  [0]   셀[29] r=4,c=3 rs=1,cs=1 h=2046 w=6832 pad=(510,510,141,141) aim=false bf=29 paras=1 text="(30.1)"
  [0]     p[0] ps_id=41 ctrls=0 text_len=6 ls[0] vpos=0 lh=1200 ls=0
  [0]   셀[30] r=4,c=4 rs=1,cs=1 h=2046 w=6832 pad=(510,510,141,141) aim=false bf=29 paras=1 text="(41.1)"
  [0]     p[0] ps_id=41 ctrls=0 text_len=6 ls[0] vpos=0 lh=1200 ls=0
  [0]   셀[31] r=4,c=5 rs=1,cs=1 h=2046 w=6832 pad=(510,510,141,141) aim=false bf=29 paras=1 text="(△19.2)"
  [0]     p[0] ps_id=41 ctrls=0 text_len=9 ls[0] vpos=0 lh=1200 ls=0
  [0]   셀[32] r=4,c=6 rs=1,cs=1 h=2046 w=6829 pad=(510,510,141,141) aim=false bf=30 paras=1 text="(△35.9)"
  [0]     p[0] ps_id=41 ctrls=0 text_len=9 ls[0] vpos=0 lh=1200 ls=0
  [0]   셀[33] r=5,c=0 rs=2,cs=1 h=4092 w=6958 pad=(510,510,141,141) aim=false bf=31 paras=1 text="부동산업"
  [0]     p[0] ps_id=56 ctrls=1 text_len=12 ls[0] vpos=0 lh=1300 ls=780
  [0]   셀[34] r=5,c=1 rs=1,cs=1 h=2046 w=6832 pad=(510,510,141,141) aim=false bf=32 paras=1 text="80.1"
  [0]     p[0] ps_id=41 ctrls=0 text_len=4 ls[0] vpos=0 lh=1200 ls=0
  [0]   셀[35] r=5,c=2 rs=1,cs=1 h=2046 w=6832 pad=(510,510,141,141) aim=false bf=32 paras=1 text="74.1"
  [0]     p[0] ps_id=41 ctrls=0 text_len=4 ls[0] vpos=0 lh=1200 ls=0
  [0]   셀[36] r=5,c=3 rs=1,cs=1 h=2046 w=6832 pad=(510,510,141,141) aim=false bf=32 paras=1 text="70.3"
  [0]     p[0] ps_id=41 ctrls=0 text_len=4 ls[0] vpos=0 lh=1200 ls=0
  [0]   셀[37] r=5,c=4 rs=1,cs=1 h=2046 w=6832 pad=(510,510,141,141) aim=false bf=32 paras=1 text="73.9"
  [0]     p[0] ps_id=41 ctrls=0 text_len=4 ls[0] vpos=0 lh=1200 ls=0
  [0]   셀[38] r=5,c=5 rs=1,cs=1 h=2046 w=6832 pad=(510,510,141,141) aim=false bf=32 paras=1 text="42.5"
  [0]     p[0] ps_id=41 ctrls=0 text_len=4 ls[0] vpos=0 lh=1200 ls=0
  [0]   셀[39] r=5,c=6 rs=1,cs=1 h=2046 w=6829 pad=(510,510,141,141) aim=false bf=33 paras=1 text="22.4"
  [0]     p[0] ps_id=41 ctrls=0 text_len=4 ls[0] vpos=0 lh=1200 ls=0
  [0]   셀[40] r=6,c=1 rs=1,cs=1 h=2046 w=6832 pad=(510,510,141,141) aim=false bf=29 paras=1 text="(47.3)"
  [0]     p[0] ps_id=41 ctrls=0 text_len=6 ls[0] vpos=0 lh=1200 ls=0
  [0]   셀[41] r=6,c=2 rs=1,cs=1 h=2046 w=6832 pad=(510,510,141,141) aim=false bf=29 paras=1 text="(△7.4)"
  [0]     p[0] ps_id=41 ctrls=0 text_len=8 ls[0] vpos=0 lh=1200 ls=0
  [0]   셀[42] r=6,c=3 rs=1,cs=1 h=2046 w=6832 pad=(510,510,141,141) aim=false bf=29 paras=1 text="(△5.2)"
  [0]     p[0] ps_id=41 ctrls=0 text_len=8 ls[0] vpos=0 lh=1200 ls=0
  [0]   셀[43] r=6,c=4 rs=1,cs=1 h=2046 w=6832 pad=(510,510,141,141) aim=false bf=29 paras=1 text="(5.1)"
  [0]     p[0] ps_id=41 ctrls=0 text_len=5 ls[0] vpos=0 lh=1200 ls=0
  [0]   셀[44] r=6,c=5 rs=1,cs=1 h=2046 w=6832 pad=(510,510,141,141) aim=false bf=29 paras=1 text="(△42.5)"
  [0]     p[0] ps_id=41 ctrls=0 text_len=9 ls[0] vpos=0 lh=1200 ls=0
  [0]   셀[45] r=6,c=6 rs=1,cs=1 h=2046 w=6829 pad=(510,510,141,141) aim=false bf=30 paras=1 text="(177.3)"
  [0]     p[0] ps_id=41 ctrls=0 text_len=7 ls[0] vpos=0 lh=1200 ls=0
  [0]   셀[46] r=7,c=0 rs=2,cs=1 h=4092 w=6958 pad=(510,510,141,141) aim=false bf=31 paras=2 text="전문과학|기술업"
  [0]     p[0] ps_id=4 ctrls=1 text_len=12 ls[0] vpos=0 lh=1300 ls=392
  [0]     p[1] ps_id=4 ctrls=0 text_len=9 ls[0] vpos=1692 lh=1300 ls=392
  [0]   셀[47] r=7,c=1 rs=1,cs=1 h=2046 w=6832 pad=(510,510,141,141) aim=false bf=32 paras=1 text="10.8"
  [0]     p[0] ps_id=41 ctrls=0 text_len=4 ls[0] vpos=0 lh=1200 ls=0
  [0]   셀[48] r=7,c=2 rs=1,cs=1 h=2046 w=6832 pad=(510,510,141,141) aim=false bf=32 paras=1 text="8.4"
  [0]     p[0] ps_id=41 ctrls=0 text_len=3 ls[0] vpos=0 lh=1200 ls=0
  [0]   셀[49] r=7,c=3 rs=1,cs=1 h=2046 w=6832 pad=(510,510,141,141) aim=false bf=32 paras=1 text="29.1"
  [0]     p[0] ps_id=41 ctrls=0 text_len=4 ls[0] vpos=0 lh=1200 ls=0
  [0]   셀[50] r=7,c=4 rs=1,cs=1 h=2046 w=6832 pad=(510,510,141,141) aim=false bf=32 paras=1 text="27.2"
  [0]     p[0] ps_id=41 ctrls=0 text_len=4 ls[0] vpos=0 lh=1200 ls=0
  [0]   셀[51] r=7,c=5 rs=1,cs=1 h=2046 w=6832 pad=(510,510,141,141) aim=false bf=32 paras=1 text="18.3"
  [0]     p[0] ps_id=41 ctrls=0 text_len=4 ls[0] vpos=0 lh=1200 ls=0
  [0]   셀[52] r=7,c=6 rs=1,cs=1 h=2046 w=6829 pad=(510,510,141,141) aim=false bf=33 paras=1 text="9.3"
  [0]     p[0] ps_id=41 ctrls=0 text_len=3 ls[0] vpos=0 lh=1200 ls=0
  [0]   셀[53] r=8,c=1 rs=1,cs=1 h=2046 w=6832 pad=(510,510,141,141) aim=false bf=29 paras=1 text="(24.2)"
  [0]     p[0] ps_id=41 ctrls=0 text_len=6 ls[0] vpos=0 lh=1200 ls=0
  [0]   셀[54] r=8,c=2 rs=1,cs=1 h=2046 w=6832 pad=(510,510,141,141) aim=false bf=29 paras=1 text="(△22.3)"
  [0]     p[0] ps_id=41 ctrls=0 text_len=9 ls[0] vpos=0 lh=1200 ls=0
  [0]   셀[55] r=8,c=3 rs=1,cs=1 h=2046 w=6832 pad=(510,510,141,141) aim=false bf=29 paras=1 text="(245.9)"
  [0]     p[0] ps_id=41 ctrls=0 text_len=7 ls[0] vpos=0 lh=1200 ls=0
  [0]   셀[56] r=8,c=4 rs=1,cs=1 h=2046 w=6832 pad=(510,510,141,141) aim=false bf=29 paras=1 text="(△6.4)"
  [0]     p[0] ps_id=41 ctrls=0 text_len=8 ls[0] vpos=0 lh=1200 ls=0
  [0]   셀[57] r=8,c=5 rs=1,cs=1 h=2046 w=6832 pad=(510,510,141,141) aim=false bf=29 paras=1 text="(△32.8)"
  [0]     p[0] ps_id=41 ctrls=0 text_len=9 ls[0] vpos=0 lh=1200 ls=0
  [0]   셀[58] r=8,c=6 rs=1,cs=1 h=2046 w=6829 pad=(510,510,141,141) aim=false bf=30 paras=1 text="(156.9)"
  [0]     p[0] ps_id=41 ctrls=0 text_len=7 ls[0] vpos=0 lh=1200 ls=0
  [0]   셀[59] r=9,c=0 rs=2,cs=1 h=4092 w=6958 pad=(510,510,141,141) aim=false bf=34 paras=1 text="광업"
  [0]     p[0] ps_id=4 ctrls=1 text_len=6 ls[0] vpos=0 lh=1300 ls=392
  [0]   셀[60] r=9,c=1 rs=1,cs=1 h=2046 w=6832 pad=(510,510,141,141) aim=false bf=32 paras=1 text="26.2"
  [0]     p[0] ps_id=41 ctrls=0 text_len=4 ls[0] vpos=0 lh=1200 ls=0
  [0]   셀[61] r=9,c=2 rs=1,cs=1 h=2046 w=6832 pad=(510,510,141,141) aim=false bf=32 paras=1 text="19.6"
  [0]     p[0] ps_id=41 ctrls=0 text_len=4 ls[0] vpos=0 lh=1200 ls=0
  [0]   셀[62] r=9,c=3 rs=1,cs=1 h=2046 w=6832 pad=(510,510,141,141) aim=false bf=32 paras=1 text="19.2"
  [0]     p[0] ps_id=41 ctrls=0 text_len=4 ls[0] vpos=0 lh=1200 ls=0
  [0]   셀[63] r=9,c=4 rs=1,cs=1 h=2046 w=6832 pad=(510,510,141,141) aim=false bf=32 paras=1 text="24.2"
  [0]     p[0] ps_id=41 ctrls=0 text_len=4 ls[0] vpos=0 lh=1200 ls=0
  [0]   셀[64] r=9,c=5 rs=1,cs=1 h=2046 w=6832 pad=(510,510,141,141) aim=false bf=32 paras=1 text="35.0"
  [0]     p[0] ps_id=41 ctrls=0 text_len=4 ls[0] vpos=0 lh=1200 ls=0
  [0]   셀[65] r=9,c=6 rs=1,cs=1 h=2046 w=6829 pad=(510,510,141,141) aim=false bf=33 paras=1 text="6.3"
  [0]     p[0] ps_id=41 ctrls=0 text_len=3 ls[0] vpos=0 lh=1200 ls=0
  [0]   셀[66] r=10,c=1 rs=1,cs=1 h=2046 w=6832 pad=(510,510,141,141) aim=false bf=23 paras=1 text="(46.5)"
  [0]     p[0] ps_id=41 ctrls=0 text_len=6 ls[0] vpos=0 lh=1200 ls=0
  [0]   셀[67] r=10,c=2 rs=1,cs=1 h=2046 w=6832 pad=(510,510,141,141) aim=false bf=23 paras=1 text="(△25.3)"
  [0]     p[0] ps_id=41 ctrls=0 text_len=9 ls[0] vpos=0 lh=1200 ls=0
  [0]   셀[68] r=10,c=3 rs=1,cs=1 h=2046 w=6832 pad=(510,510,141,141) aim=false bf=23 paras=1 text="(△1.6)"
  [0]     p[0] ps_id=41 ctrls=0 text_len=8 ls[0] vpos=0 lh=1200 ls=0
  [0]   셀[69] r=10,c=4 rs=1,cs=1 h=2046 w=6832 pad=(510,510,141,141) aim=false bf=23 paras=1 text="(25.5)"
  [0]     p[0] ps_id=41 ctrls=0 text_len=6 ls[0] vpos=0 lh=1200 ls=0
  [0]   셀[70] r=10,c=5 rs=1,cs=1 h=2046 w=6832 pad=(510,510,141,141) aim=false bf=23 paras=1 text="(45.1)"
  [0]     p[0] ps_id=41 ctrls=0 text_len=6 ls[0] vpos=0 lh=1200 ls=0
  [0]   셀[71] r=10,c=6 rs=1,cs=1 h=2046 w=6829 pad=(510,510,141,141) aim=false bf=35 paras=1 text="(△46.4)"
  [0]     p[0] ps_id=41 ctrls=0 text_len=9 ls[0] vpos=0 lh=1200 ls=0

--- 문단 0.57 --- cc=16, text_len=15, controls=0 
  텍스트: "□ 국가별 동향(상위 5개)"
  [CS] pos=0 id=59 bold=false spacing=0% ratio=100% char="□"
  [CS] pos=2 id=57 bold=false spacing=0% ratio=100% char="국"
  [CS] pos=8 id=46 bold=false spacing=0% ratio=100% char="("
  [PS] ps_id=48 align=Justify spacing: before=0 after=0 line=110/Percent
       margins: left=0 right=0 indent=0 border_fill_id=2
       border_spacing: left=0 right=0 top=0 bottom=0
       tab_def_id=0 auto_left=false auto_right=false tabs=[(없음)]
  ls[0]: ts=0, vpos=215851, lh=1500, th=1500, bl=1275, ls=152, cs=0, sw=48188, tag=0x00060000

--- 문단 0.58 --- cc=1, text_len=0, controls=0 
  텍스트: (빈 문단)
  [PS] ps_id=78 align=Justify spacing: before=0 after=0 line=150/Percent
       margins: left=0 right=0 indent=0 border_fill_id=2
       border_spacing: left=0 right=0 top=0 bottom=0
       tab_def_id=0 auto_left=false auto_right=false tabs=[(없음)]
  ls[0]: ts=0, vpos=217503, lh=600, th=600, bl=510, ls=300, cs=0, sw=48188, tag=0x00060000

--- 문단 0.59 --- cc=9, text_len=0, controls=1 
  텍스트: (빈 문단)
  [CS] pos=8 id=61 bold=false spacing=0% ratio=100% char=""
  [PS] ps_id=48 align=Justify spacing: before=0 after=0 line=110/Percent
       margins: left=0 right=0 indent=0 border_fill_id=2
       border_spacing: left=0 right=0 top=0 bottom=0
       tab_def_id=0 auto_left=false auto_right=false tabs=[(없음)]
  ls[0]: ts=0, vpos=218403, lh=23586, th=23586, bl=20048, ls=100, cs=0, sw=48188, tag=0x00060000
  [0] 표: 11행×7열, 셀=72, 쪽나눔=None (attr=0x00000000), padding=(512,512,140,140), cs=0
  [0]   [common] treat_as_char=true, wrap=위아래, vert=문단(0=0.0mm), horz=단(0=0.0mm)
  [0]   [common] size=48061×23306(169.5×82.2mm), valign=Top, halign=Left
  [0]   [outer_margin] left=0.5mm(140) right=0.5mm(140) top=0.5mm(140) bottom=0.5mm(140)
  [0]   셀[0] r=0,c=0 rs=1,cs=1 h=2146 w=7237 pad=(510,510,141,141) aim=false bf=14 paras=1 text="구 분"
  [0]     p[0] ps_id=2 ctrls=1 text_len=7 ls[0] vpos=0 lh=1300 ls=780
  [0]   셀[1] r=0,c=1 rs=1,cs=1 h=2146 w=6550 pad=(510,510,141,141) aim=false bf=15 paras=1 text="2019년"
  [0]     p[0] ps_id=43 ctrls=0 text_len=7 ls[0] vpos=0 lh=1200 ls=0
  [0]   셀[2] r=0,c=2 rs=1,cs=1 h=2146 w=6857 pad=(510,510,141,141) aim=false bf=15 paras=1 text="2020년"
  [0]     p[0] ps_id=43 ctrls=1 text_len=7 ls[0] vpos=0 lh=1200 ls=0
  [0]   셀[3] r=0,c=3 rs=1,cs=1 h=2146 w=6857 pad=(510,510,141,141) aim=false bf=15 paras=1 text="2021년"
  [0]     p[0] ps_id=43 ctrls=1 text_len=7 ls[0] vpos=0 lh=1200 ls=0
  [0]   셀[4] r=0,c=4 rs=1,cs=1 h=2146 w=6857 pad=(510,510,141,141) aim=false bf=15 paras=1 text="2022년"
  [0]     p[0] ps_id=43 ctrls=1 text_len=7 ls[0] vpos=0 lh=1200 ls=0
  [0]   셀[5] r=0,c=5 rs=1,cs=1 h=2146 w=6857 pad=(510,510,141,141) aim=false bf=15 paras=1 text="2023년"
  [0]     p[0] ps_id=43 ctrls=1 text_len=7 ls[0] vpos=0 lh=1200 ls=0
  [0]   셀[6] r=0,c=6 rs=1,cs=1 h=2146 w=6846 pad=(510,510,141,141) aim=false bf=26 paras=1 text="2024년 1분기"
  [0]     p[0] ps_id=43 ctrls=1 text_len=15 ls[0] vpos=0 lh=1200 ls=0
  [0]   셀[7] r=1,c=0 rs=2,cs=1 h=4092 w=7237 pad=(510,510,141,141) aim=false bf=27 paras=1 text="미국"
  [0]     p[0] ps_id=2 ctrls=1 text_len=6 ls[0] vpos=0 lh=1300 ls=780
  [0]   셀[8] r=1,c=1 rs=1,cs=1 h=2046 w=6550 pad=(510,510,141,141) aim=false bf=19 paras=1 text="157.6"
  [0]     p[0] ps_id=41 ctrls=0 text_len=5 ls[0] vpos=0 lh=1200 ls=0
  [0]   셀[9] r=1,c=2 rs=1,cs=1 h=2046 w=6857 pad=(510,510,141,141) aim=false bf=19 paras=1 text="152.1"
  [0]     p[0] ps_id=41 ctrls=0 text_len=5 ls[0] vpos=0 lh=1200 ls=0
  [0]   셀[10] r=1,c=3 rs=1,cs=1 h=2046 w=6857 pad=(510,510,141,141) aim=false bf=19 paras=1 text="279.3"
  [0]     p[0] ps_id=41 ctrls=0 text_len=5 ls[0] vpos=0 lh=1200 ls=0
  [0]   셀[11] r=1,c=4 rs=1,cs=1 h=2046 w=6857 pad=(510,510,141,141) aim=false bf=19 paras=1 text="295.0"
  [0]     p[0] ps_id=41 ctrls=0 text_len=5 ls[0] vpos=0 lh=1200 ls=0
  [0]   셀[12] r=1,c=5 rs=1,cs=1 h=2046 w=6857 pad=(510,510,141,141) aim=false bf=19 paras=1 text="278.4"
  [0]     p[0] ps_id=41 ctrls=0 text_len=5 ls[0] vpos=0 lh=1200 ls=0
  [0]   셀[13] r=1,c=6 rs=1,cs=1 h=2046 w=6846 pad=(510,510,141,141) aim=false bf=28 paras=1 text="61.2"
  [0]     p[0] ps_id=41 ctrls=0 text_len=4 ls[0] vpos=0 lh=1200 ls=0
  [0]   셀[14] r=2,c=1 rs=1,cs=1 h=2046 w=6550 pad=(510,510,141,141) aim=false bf=29 paras=1 text="(40.3)"
  [0]     p[0] ps_id=41 ctrls=0 text_len=6 ls[0] vpos=0 lh=1200 ls=0
  [0]   셀[15] r=2,c=2 rs=1,cs=1 h=2046 w=6857 pad=(510,510,141,141) aim=false bf=29 paras=1 text="(△3.5)"
  [0]     p[0] ps_id=41 ctrls=0 text_len=8 ls[0] vpos=0 lh=1200 ls=0
  [0]   셀[16] r=2,c=3 rs=1,cs=1 h=2046 w=6857 pad=(510,510,141,141) aim=false bf=29 paras=1 text="(83.7)"
  [0]     p[0] ps_id=41 ctrls=0 text_len=6 ls[0] vpos=0 lh=1200 ls=0
  [0]   셀[17] r=2,c=4 rs=1,cs=1 h=2046 w=6857 pad=(510,510,141,141) aim=false bf=29 paras=1 text="(5.6)"
  [0]     p[0] ps_id=41 ctrls=0 text_len=5 ls[0] vpos=0 lh=1200 ls=0
  [0]   셀[18] r=2,c=5 rs=1,cs=1 h=2046 w=6857 pad=(510,510,141,141) aim=false bf=29 paras=1 text="(△5.6)"
  [0]     p[0] ps_id=41 ctrls=0 text_len=8 ls[0] vpos=0 lh=1200 ls=0
  [0]   셀[19] r=2,c=6 rs=1,cs=1 h=2046 w=6846 pad=(510,510,141,141) aim=false bf=30 paras=1 text="(△29.8)"
  [0]     p[0] ps_id=41 ctrls=0 text_len=9 ls[0] vpos=0 lh=1200 ls=0
  [0]   셀[20] r=3,c=0 rs=2,cs=1 h=4792 w=7237 pad=(510,510,141,141) aim=false bf=31 paras=1 text="룩셈부르크"
  [0]     p[0] ps_id=2 ctrls=1 text_len=15 ls[0] vpos=0 lh=1300 ls=780
  [0]   셀[21] r=3,c=1 rs=1,cs=1 h=2046 w=6550 pad=(510,510,141,141) aim=false bf=32 paras=1 text="35.6"
  [0]     p[0] ps_id=41 ctrls=0 text_len=4 ls[0] vpos=0 lh=1200 ls=0
  [0]   셀[22] r=3,c=2 rs=1,cs=1 h=2046 w=6857 pad=(510,510,141,141) aim=false bf=32 paras=1 text="28.0"
  [0]     p[0] ps_id=41 ctrls=0 text_len=4 ls[0] vpos=0 lh=1200 ls=0
  [0]   셀[23] r=3,c=3 rs=1,cs=1 h=2046 w=6857 pad=(510,510,141,141) aim=false bf=32 paras=1 text="43.9"
  [0]     p[0] ps_id=41 ctrls=0 text_len=4 ls[0] vpos=0 lh=1200 ls=0
  [0]   셀[24] r=3,c=4 rs=1,cs=1 h=2046 w=6857 pad=(510,510,141,141) aim=false bf=32 paras=1 text="49.6"
  [0]     p[0] ps_id=41 ctrls=0 text_len=4 ls[0] vpos=0 lh=1200 ls=0
  [0]   셀[25] r=3,c=5 rs=1,cs=1 h=2046 w=6857 pad=(510,510,141,141) aim=false bf=32 paras=1 text="50.1"
  [0]     p[0] ps_id=41 ctrls=0 text_len=4 ls[0] vpos=0 lh=1200 ls=0
  [0]   셀[26] r=3,c=6 rs=1,cs=1 h=2046 w=6846 pad=(510,510,141,141) aim=false bf=33 paras=1 text="16.4"
  [0]     p[0] ps_id=41 ctrls=0 text_len=4 ls[0] vpos=0 lh=1200 ls=0
  [0]   셀[27] r=4,c=1 rs=1,cs=1 h=2746 w=6550 pad=(510,510,141,141) aim=false bf=29 paras=1 text="(20.6)"
  [0]     p[0] ps_id=41 ctrls=0 text_len=6 ls[0] vpos=0 lh=1200 ls=0
  [0]   셀[28] r=4,c=2 rs=1,cs=1 h=2746 w=6857 pad=(510,510,141,141) aim=false bf=29 paras=1 text="(△21.3)"
  [0]     p[0] ps_id=41 ctrls=0 text_len=9 ls[0] vpos=0 lh=1200 ls=0
  [0]   셀[29] r=4,c=3 rs=1,cs=1 h=2746 w=6857 pad=(510,510,141,141) aim=false bf=29 paras=1 text="(56.9)"
  [0]     p[0] ps_id=41 ctrls=0 text_len=6 ls[0] vpos=0 lh=1200 ls=0
  [0]   셀[30] r=4,c=4 rs=1,cs=1 h=2746 w=6857 pad=(510,510,141,141) aim=false bf=29 paras=1 text="(12.9)"
  [0]     p[0] ps_id=41 ctrls=0 text_len=6 ls[0] vpos=0 lh=1200 ls=0
  [0]   셀[31] r=4,c=5 rs=1,cs=1 h=2746 w=6857 pad=(510,510,141,141) aim=false bf=29 paras=1 text="(1.1)"
  [0]     p[0] ps_id=41 ctrls=0 text_len=5 ls[0] vpos=0 lh=1200 ls=0
  [0]   셀[32] r=4,c=6 rs=1,cs=1 h=2746 w=6846 pad=(510,510,141,141) aim=false bf=30 paras=1 text="(71.8)"
  [0]     p[0] ps_id=41 ctrls=0 text_len=6 ls[0] vpos=0 lh=1200 ls=0
  [0]   셀[33] r=5,c=0 rs=2,cs=1 h=4092 w=7237 pad=(510,510,141,141) aim=false bf=31 paras=1 text="케이맨제도"
  [0]     p[0] ps_id=2 ctrls=1 text_len=15 ls[0] vpos=0 lh=1300 ls=780
  [0]   셀[34] r=5,c=1 rs=1,cs=1 h=2046 w=6550 pad=(510,510,141,141) aim=false bf=32 paras=1 text="85.6"
  [0]     p[0] ps_id=41 ctrls=0 text_len=4 ls[0] vpos=0 lh=1200 ls=0
  [0]   셀[35] r=5,c=2 rs=1,cs=1 h=2046 w=6857 pad=(510,510,141,141) aim=false bf=32 paras=1 text="67.8"
  [0]     p[0] ps_id=41 ctrls=0 text_len=4 ls[0] vpos=0 lh=1200 ls=0
  [0]   셀[36] r=5,c=3 rs=1,cs=1 h=2046 w=6857 pad=(510,510,141,141) aim=false bf=32 paras=1 text="109.1"
  [0]     p[0] ps_id=41 ctrls=0 text_len=5 ls[0] vpos=0 lh=1200 ls=0
  [0]   셀[37] r=5,c=4 rs=1,cs=1 h=2046 w=6857 pad=(510,510,141,141) aim=false bf=32 paras=1 text="94.8"
  [0]     p[0] ps_id=41 ctrls=0 text_len=4 ls[0] vpos=0 lh=1200 ls=0
  [0]   셀[38] r=5,c=5 rs=1,cs=1 h=2046 w=6857 pad=(510,510,141,141) aim=false bf=32 paras=1 text="64.3"
  [0]     p[0] ps_id=41 ctrls=0 text_len=4 ls[0] vpos=0 lh=1200 ls=0
  [0]   셀[39] r=5,c=6 rs=1,cs=1 h=2046 w=6846 pad=(510,510,141,141) aim=false bf=33 paras=1 text="12.6"
  [0]     p[0] ps_id=41 ctrls=0 text_len=4 ls[0] vpos=0 lh=1200 ls=0
  [0]   셀[40] r=6,c=1 rs=1,cs=1 h=2046 w=6550 pad=(510,510,141,141) aim=false bf=29 paras=1 text="(35.1)"
  [0]     p[0] ps_id=41 ctrls=0 text_len=6 ls[0] vpos=0 lh=1200 ls=0
  [0]   셀[41] r=6,c=2 rs=1,cs=1 h=2046 w=6857 pad=(510,510,141,141) aim=false bf=29 paras=1 text="(△20.7)"
  [0]     p[0] ps_id=41 ctrls=0 text_len=9 ls[0] vpos=0 lh=1200 ls=0
  [0]   셀[42] r=6,c=3 rs=1,cs=1 h=2046 w=6857 pad=(510,510,141,141) aim=false bf=29 paras=1 text="(60.9)"
  [0]     p[0] ps_id=41 ctrls=0 text_len=6 ls[0] vpos=0 lh=1200 ls=0
  [0]   셀[43] r=6,c=4 rs=1,cs=1 h=2046 w=6857 pad=(510,510,141,141) aim=false bf=29 paras=1 text="(△13.2)"
  [0]     p[0] ps_id=41 ctrls=0 text_len=9 ls[0] vpos=0 lh=1200 ls=0
  [0]   셀[44] r=6,c=5 rs=1,cs=1 h=2046 w=6857 pad=(510,510,141,141) aim=false bf=29 paras=1 text="(△32.2)"
  [0]     p[0] ps_id=41 ctrls=0 text_len=9 ls[0] vpos=0 lh=1200 ls=0
  [0]   셀[45] r=6,c=6 rs=1,cs=1 h=2046 w=6846 pad=(510,510,141,141) aim=false bf=30 paras=1 text="(△16.2)"
  [0]     p[0] ps_id=41 ctrls=0 text_len=9 ls[0] vpos=0 lh=1200 ls=0
  [0]   셀[46] r=7,c=0 rs=2,cs=1 h=4092 w=7237 pad=(510,510,141,141) aim=false bf=31 paras=1 text="저지"
  [0]     p[0] ps_id=2 ctrls=1 text_len=6 ls[0] vpos=0 lh=1300 ls=780
  [0]   셀[47] r=7,c=1 rs=1,cs=1 h=2046 w=6550 pad=(510,510,141,141) aim=false bf=32 paras=1 text="15.6"
  [0]     p[0] ps_id=41 ctrls=0 text_len=4 ls[0] vpos=0 lh=1200 ls=0
  [0]   셀[48] r=7,c=2 rs=1,cs=1 h=2046 w=6857 pad=(510,510,141,141) aim=false bf=32 paras=1 text="2.9"
  [0]     p[0] ps_id=41 ctrls=0 text_len=3 ls[0] vpos=0 lh=1200 ls=0
  [0]   셀[49] r=7,c=3 rs=1,cs=1 h=2046 w=6857 pad=(510,510,141,141) aim=false bf=32 paras=1 text="1.2"
  [0]     p[0] ps_id=41 ctrls=0 text_len=3 ls[0] vpos=0 lh=1200 ls=0
  [0]   셀[50] r=7,c=4 rs=1,cs=1 h=2046 w=6857 pad=(510,510,141,141) aim=false bf=32 paras=1 text="15.9"
  [0]     p[0] ps_id=41 ctrls=0 text_len=4 ls[0] vpos=0 lh=1200 ls=0
  [0]   셀[51] r=7,c=5 rs=1,cs=1 h=2046 w=6857 pad=(510,510,141,141) aim=false bf=32 paras=1 text="2.8"
  [0]     p[0] ps_id=41 ctrls=0 text_len=3 ls[0] vpos=0 lh=1200 ls=0
  [0]   셀[52] r=7,c=6 rs=1,cs=1 h=2046 w=6846 pad=(510,510,141,141) aim=false bf=33 paras=1 text="9.3"
  [0]     p[0] ps_id=41 ctrls=0 text_len=3 ls[0] vpos=0 lh=1200 ls=0
  [0]   셀[53] r=8,c=1 rs=1,cs=1 h=2046 w=6550 pad=(510,510,141,141) aim=false bf=29 paras=1 text="(133.0)"
  [0]     p[0] ps_id=41 ctrls=0 text_len=7 ls[0] vpos=0 lh=1200 ls=0
  [0]   셀[54] r=8,c=2 rs=1,cs=1 h=2046 w=6857 pad=(510,510,141,141) aim=false bf=29 paras=1 text="(△81.3)"
  [0]     p[0] ps_id=41 ctrls=0 text_len=9 ls[0] vpos=0 lh=1200 ls=0
  [0]   셀[55] r=8,c=3 rs=1,cs=1 h=2046 w=6857 pad=(510,510,141,141) aim=false bf=29 paras=1 text="(△59.2)"
  [0]     p[0] ps_id=41 ctrls=0 text_len=9 ls[0] vpos=0 lh=1200 ls=0
  [0]   셀[56] r=8,c=4 rs=1,cs=1 h=2046 w=6857 pad=(510,510,141,141) aim=false bf=29 paras=1 text="(1,235.8)"
  [0]     p[0] ps_id=41 ctrls=0 text_len=9 ls[0] vpos=0 lh=1200 ls=0
  [0]   셀[57] r=8,c=5 rs=1,cs=1 h=2046 w=6857 pad=(510,510,141,141) aim=false bf=29 paras=1 text="(△82.5)"
  [0]     p[0] ps_id=41 ctrls=0 text_len=9 ls[0] vpos=0 lh=1200 ls=0
  [0]   셀[58] r=8,c=6 rs=1,cs=1 h=2046 w=6846 pad=(510,510,141,141) aim=false bf=30 paras=1 text="(3,236.4)"
  [0]     p[0] ps_id=41 ctrls=0 text_len=9 ls[0] vpos=0 lh=1200 ls=0
  [0]   셀[59] r=9,c=0 rs=2,cs=1 h=4092 w=7237 pad=(510,510,141,141) aim=false bf=34 paras=1 text="베트남"
  [0]     p[0] ps_id=2 ctrls=1 text_len=9 ls[0] vpos=0 lh=1300 ls=780
  [0]   셀[60] r=9,c=1 rs=1,cs=1 h=2046 w=6550 pad=(510,510,141,141) aim=false bf=32 paras=1 text="46.2"
  [0]     p[0] ps_id=41 ctrls=0 text_len=4 ls[0] vpos=0 lh=1200 ls=0
  [0]   셀[61] r=9,c=2 rs=1,cs=1 h=2046 w=6857 pad=(510,510,141,141) aim=false bf=32 paras=1 text="29.5"
  [0]     p[0] ps_id=41 ctrls=0 text_len=4 ls[0] vpos=0 lh=1200 ls=0
  [0]   셀[62] r=9,c=3 rs=1,cs=1 h=2046 w=6857 pad=(510,510,141,141) aim=false bf=32 paras=1 text="25.2"
  [0]     p[0] ps_id=41 ctrls=0 text_len=4 ls[0] vpos=0 lh=1200 ls=0
  [0]   셀[63] r=9,c=4 rs=1,cs=1 h=2046 w=6857 pad=(510,510,141,141) aim=false bf=32 paras=1 text="28.4"
  [0]     p[0] ps_id=41 ctrls=0 text_len=4 ls[0] vpos=0 lh=1200 ls=0
  [0]   셀[64] r=9,c=5 rs=1,cs=1 h=2046 w=6857 pad=(510,510,141,141) aim=false bf=32 paras=1 text="26.5"
  [0]     p[0] ps_id=41 ctrls=0 text_len=4 ls[0] vpos=0 lh=1200 ls=0
  [0]   셀[65] r=9,c=6 rs=1,cs=1 h=2046 w=6846 pad=(510,510,141,141) aim=false bf=33 paras=1 text="6.7"
  [0]     p[0] ps_id=41 ctrls=0 text_len=3 ls[0] vpos=0 lh=1200 ls=0
  [0]   셀[66] r=10,c=1 rs=1,cs=1 h=2046 w=6550 pad=(510,510,141,141) aim=false bf=23 paras=1 text="(37.8)"
  [0]     p[0] ps_id=41 ctrls=0 text_len=6 ls[0] vpos=0 lh=1200 ls=0
  [0]   셀[67] r=10,c=2 rs=1,cs=1 h=2046 w=6857 pad=(510,510,141,141) aim=false bf=23 paras=1 text="(△36.1)"
  [0]     p[0] ps_id=41 ctrls=0 text_len=9 ls[0] vpos=0 lh=1200 ls=0
  [0]   셀[68] r=10,c=3 rs=1,cs=1 h=2046 w=6857 pad=(510,510,141,141) aim=false bf=23 paras=1 text="(△14.8)"
  [0]     p[0] ps_id=41 ctrls=0 text_len=9 ls[0] vpos=0 lh=1200 ls=0
  [0]   셀[69] r=10,c=4 rs=1,cs=1 h=2046 w=6857 pad=(510,510,141,141) aim=false bf=23 paras=1 text="(13.0)"
  [0]     p[0] ps_id=41 ctrls=0 text_len=6 ls[0] vpos=0 lh=1200 ls=0
  [0]   셀[70] r=10,c=5 rs=1,cs=1 h=2046 w=6857 pad=(510,510,141,141) aim=false bf=23 paras=1 text="(△6.8)"
  [0]     p[0] ps_id=41 ctrls=0 text_len=8 ls[0] vpos=0 lh=1200 ls=0
  [0]   셀[71] r=10,c=6 rs=1,cs=1 h=2046 w=6846 pad=(510,510,141,141) aim=false bf=35 paras=1 text="(47.4)"
  [0]     p[0] ps_id=41 ctrls=0 text_len=6 ls[0] vpos=0 lh=1200 ls=0

--- 문단 0.60 --- cc=1, text_len=0, controls=0 
  텍스트: (빈 문단)
  [PS] ps_id=42 align=Justify spacing: before=0 after=0 line=120/Percent
       margins: left=0 right=0 indent=0 border_fill_id=2
       border_spacing: left=0 right=0 top=0 bottom=0
       tab_def_id=0 auto_left=false auto_right=false tabs=[(없음)]
  ls[0]: ts=0, vpos=242089, lh=1500, th=1500, bl=1275, ls=300, cs=0, sw=48188, tag=0x00060000

--- 문단 0.61 --- cc=1, text_len=0, controls=0 
  텍스트: (빈 문단)
  [PS] ps_id=42 align=Justify spacing: before=0 after=0 line=120/Percent
       margins: left=0 right=0 indent=0 border_fill_id=2
       border_spacing: left=0 right=0 top=0 bottom=0
       tab_def_id=0 auto_left=false auto_right=false tabs=[(없음)]
  ls[0]: ts=0, vpos=243889, lh=1500, th=1500, bl=1275, ls=300, cs=0, sw=48188, tag=0x00060000

--- 문단 0.62 --- cc=9, text_len=8, controls=0 
  텍스트: "□ 지역별 동향"
  [CS] pos=0 id=59 bold=false spacing=0% ratio=100% char="□"
  [CS] pos=2 id=57 bold=false spacing=0% ratio=100% char="지"
  [PS] ps_id=42 align=Justify spacing: before=0 after=0 line=120/Percent
       margins: left=0 right=0 indent=0 border_fill_id=2
       border_spacing: left=0 right=0 top=0 bottom=0
       tab_def_id=0 auto_left=false auto_right=false tabs=[(없음)]
  ls[0]: ts=0, vpos=245689, lh=1500, th=1500, bl=1275, ls=300, cs=0, sw=48188, tag=0x00060000

--- 문단 0.63 --- cc=1, text_len=0, controls=0 
  텍스트: (빈 문단)
  [PS] ps_id=42 align=Justify spacing: before=0 after=0 line=120/Percent
       margins: left=0 right=0 indent=0 border_fill_id=2
       border_spacing: left=0 right=0 top=0 bottom=0
       tab_def_id=0 auto_left=false auto_right=false tabs=[(없음)]
  ls[0]: ts=0, vpos=247489, lh=800, th=800, bl=680, ls=160, cs=0, sw=48188, tag=0x00060000

--- 문단 0.64 --- cc=9, text_len=0, controls=1 
  텍스트: (빈 문단)
  [CS] pos=8 id=60 bold=false spacing=0% ratio=100% char=""
  [PS] ps_id=42 align=Justify spacing: before=0 after=0 line=120/Percent
       margins: left=0 right=0 indent=0 border_fill_id=2
       border_spacing: left=0 right=0 top=0 bottom=0
       tab_def_id=0 auto_left=false auto_right=false tabs=[(없음)]
  ls[0]: ts=0, vpos=248449, lh=31070, th=31070, bl=26410, ls=240, cs=0, sw=48188, tag=0x00060000
  [0] 표: 15행×7열, 셀=98, 쪽나눔=None (attr=0x00000000), padding=(512,512,140,140), cs=0
  [0]   [common] treat_as_char=true, wrap=위아래, vert=문단(0=0.0mm), horz=단(0=0.0mm)
  [0]   [common] size=47839×30790(168.8×108.6mm), valign=Top, halign=Left
  [0]   [outer_margin] left=0.5mm(140) right=0.5mm(140) top=0.5mm(140) bottom=0.5mm(140)
  [0]   셀[0] r=0,c=0 rs=1,cs=1 h=2146 w=7094 pad=(510,510,141,141) aim=false bf=14 paras=1 text="구 분"
  [0]     p[0] ps_id=2 ctrls=1 text_len=7 ls[0] vpos=0 lh=1300 ls=780
  [0]   셀[1] r=0,c=1 rs=1,cs=1 h=2146 w=6793 pad=(510,510,141,141) aim=false bf=15 paras=1 text="2019년"
  [0]     p[0] ps_id=43 ctrls=0 text_len=7 ls[0] vpos=0 lh=1200 ls=0
  [0]   셀[2] r=0,c=2 rs=1,cs=1 h=2146 w=6793 pad=(510,510,141,141) aim=false bf=15 paras=1 text="2020년"
  [0]     p[0] ps_id=43 ctrls=1 text_len=7 ls[0] vpos=0 lh=1200 ls=0
  [0]   셀[3] r=0,c=3 rs=1,cs=1 h=2146 w=6793 pad=(510,510,141,141) aim=false bf=15 paras=1 text="2021년"
  [0]     p[0] ps_id=43 ctrls=1 text_len=7 ls[0] vpos=0 lh=1200 ls=0
  [0]   셀[4] r=0,c=4 rs=1,cs=1 h=2146 w=6793 pad=(510,510,141,141) aim=false bf=15 paras=1 text="2022년"
  [0]     p[0] ps_id=43 ctrls=1 text_len=7 ls[0] vpos=0 lh=1200 ls=0
  [0]   셀[5] r=0,c=5 rs=1,cs=1 h=2146 w=6793 pad=(510,510,141,141) aim=false bf=15 paras=1 text="2023년"
  [0]     p[0] ps_id=43 ctrls=1 text_len=7 ls[0] vpos=0 lh=1200 ls=0
  [0]   셀[6] r=0,c=6 rs=1,cs=1 h=2146 w=6780 pad=(510,510,141,141) aim=false bf=26 paras=1 text="2024년 1분기"
  [0]     p[0] ps_id=43 ctrls=1 text_len=15 ls[0] vpos=0 lh=1200 ls=0
  [0]   셀[7] r=1,c=0 rs=2,cs=1 h=4092 w=7094 pad=(510,510,141,141) aim=false bf=27 paras=1 text="북미"
  [0]     p[0] ps_id=2 ctrls=1 text_len=6 ls[0] vpos=0 lh=1300 ls=780
  [0]   셀[8] r=1,c=1 rs=1,cs=1 h=2046 w=6793 pad=(510,510,141,141) aim=false bf=19 paras=1 text="169.7"
  [0]     p[0] ps_id=41 ctrls=0 text_len=5 ls[0] vpos=0 lh=1200 ls=0
  [0]   셀[9] r=1,c=2 rs=1,cs=1 h=2046 w=6793 pad=(510,510,141,141) aim=false bf=19 paras=1 text="181.6"
  [0]     p[0] ps_id=41 ctrls=0 text_len=5 ls[0] vpos=0 lh=1200 ls=0
  [0]   셀[10] r=1,c=3 rs=1,cs=1 h=2046 w=6793 pad=(510,510,141,141) aim=false bf=19 paras=1 text="306.8"
  [0]     p[0] ps_id=41 ctrls=0 text_len=5 ls[0] vpos=0 lh=1200 ls=0
  [0]   셀[11] r=1,c=4 rs=1,cs=1 h=2046 w=6793 pad=(510,510,141,141) aim=false bf=19 paras=1 text="320.0"
  [0]     p[0] ps_id=41 ctrls=0 text_len=5 ls[0] vpos=0 lh=1200 ls=0
  [0]   셀[12] r=1,c=5 rs=1,cs=1 h=2046 w=6793 pad=(510,510,141,141) aim=false bf=19 paras=1 text="314.6"
  [0]     p[0] ps_id=41 ctrls=0 text_len=5 ls[0] vpos=0 lh=1200 ls=0
  [0]   셀[13] r=1,c=6 rs=1,cs=1 h=2046 w=6780 pad=(510,510,141,141) aim=false bf=28 paras=1 text="67.5"
  [0]     p[0] ps_id=41 ctrls=0 text_len=4 ls[0] vpos=0 lh=1200 ls=0
  [0]   셀[14] r=2,c=1 rs=1,cs=1 h=2046 w=6793 pad=(510,510,141,141) aim=false bf=29 paras=1 text="(43.8)"
  [0]     p[0] ps_id=41 ctrls=0 text_len=6 ls[0] vpos=0 lh=1200 ls=0
  [0]   셀[15] r=2,c=2 rs=1,cs=1 h=2046 w=6793 pad=(510,510,141,141) aim=false bf=29 paras=1 text="(7.0)"
  [0]     p[0] ps_id=41 ctrls=0 text_len=5 ls[0] vpos=0 lh=1200 ls=0
  [0]   셀[16] r=2,c=3 rs=1,cs=1 h=2046 w=6793 pad=(510,510,141,141) aim=false bf=29 paras=1 text="(68.9)"
  [0]     p[0] ps_id=41 ctrls=0 text_len=6 ls[0] vpos=0 lh=1200 ls=0
  [0]   셀[17] r=2,c=4 rs=1,cs=1 h=2046 w=6793 pad=(510,510,141,141) aim=false bf=29 paras=1 text="(4.3)"
  [0]     p[0] ps_id=41 ctrls=0 text_len=5 ls[0] vpos=0 lh=1200 ls=0
  [0]   셀[18] r=2,c=5 rs=1,cs=1 h=2046 w=6793 pad=(510,510,141,141) aim=false bf=29 paras=1 text="(△1.7)"
  [0]     p[0] ps_id=41 ctrls=0 text_len=8 ls[0] vpos=0 lh=1200 ls=0
  [0]   셀[19] r=2,c=6 rs=1,cs=1 h=2046 w=6780 pad=(510,510,141,141) aim=false bf=30 paras=1 text="(△31.0)"
  [0]     p[0] ps_id=41 ctrls=0 text_len=9 ls[0] vpos=0 lh=1200 ls=0
  [0]   셀[20] r=3,c=0 rs=2,cs=1 h=4092 w=7094 pad=(510,510,141,141) aim=false bf=31 paras=1 text="유럽"
  [0]     p[0] ps_id=2 ctrls=1 text_len=6 ls[0] vpos=0 lh=1300 ls=780
  [0]   셀[21] r=3,c=1 rs=1,cs=1 h=2046 w=6793 pad=(510,510,141,141) aim=false bf=32 paras=1 text="146.4"
  [0]     p[0] ps_id=41 ctrls=0 text_len=5 ls[0] vpos=0 lh=1200 ls=0
  [0]   셀[22] r=3,c=2 rs=1,cs=1 h=2046 w=6793 pad=(510,510,141,141) aim=false bf=32 paras=1 text="103.2"
  [0]     p[0] ps_id=41 ctrls=0 text_len=5 ls[0] vpos=0 lh=1200 ls=0
  [0]   셀[23] r=3,c=3 rs=1,cs=1 h=2046 w=6793 pad=(510,510,141,141) aim=false bf=32 paras=1 text="123.7"
  [0]     p[0] ps_id=41 ctrls=0 text_len=5 ls[0] vpos=0 lh=1200 ls=0
  [0]   셀[24] r=3,c=4 rs=1,cs=1 h=2046 w=6793 pad=(510,510,141,141) aim=false bf=32 paras=1 text="157.0"
  [0]     p[0] ps_id=41 ctrls=0 text_len=5 ls[0] vpos=0 lh=1200 ls=0
  [0]   셀[25] r=3,c=5 rs=1,cs=1 h=2046 w=6793 pad=(510,510,141,141) aim=false bf=32 paras=1 text="109.9"
  [0]     p[0] ps_id=41 ctrls=0 text_len=5 ls[0] vpos=0 lh=1200 ls=0
  [0]   셀[26] r=3,c=6 rs=1,cs=1 h=2046 w=6780 pad=(510,510,141,141) aim=false bf=33 paras=1 text="37.0"
  [0]     p[0] ps_id=41 ctrls=0 text_len=4 ls[0] vpos=0 lh=1200 ls=0
  [0]   셀[27] r=4,c=1 rs=1,cs=1 h=2046 w=6793 pad=(510,510,141,141) aim=false bf=29 paras=1 text="(22.1)"
  [0]     p[0] ps_id=41 ctrls=0 text_len=6 ls[0] vpos=0 lh=1200 ls=0
  [0]   셀[28] r=4,c=2 rs=1,cs=1 h=2046 w=6793 pad=(510,510,141,141) aim=false bf=29 paras=1 text="(△29.5)"
  [0]     p[0] ps_id=41 ctrls=0 text_len=9 ls[0] vpos=0 lh=1200 ls=0
  [0]   셀[29] r=4,c=3 rs=1,cs=1 h=2046 w=6793 pad=(510,510,141,141) aim=false bf=29 paras=1 text="(19.8)"
  [0]     p[0] ps_id=41 ctrls=0 text_len=6 ls[0] vpos=0 lh=1200 ls=0
  [0]   셀[30] r=4,c=4 rs=1,cs=1 h=2046 w=6793 pad=(510,510,141,141) aim=false bf=29 paras=1 text="(26.9)"
  [0]     p[0] ps_id=41 ctrls=0 text_len=6 ls[0] vpos=0 lh=1200 ls=0
  [0]   셀[31] r=4,c=5 rs=1,cs=1 h=2046 w=6793 pad=(510,510,141,141) aim=false bf=29 paras=1 text="(△30.0)"
  [0]     p[0] ps_id=41 ctrls=0 text_len=9 ls[0] vpos=0 lh=1200 ls=0
  [0]   셀[32] r=4,c=6 rs=1,cs=1 h=2046 w=6780 pad=(510,510,141,141) aim=false bf=30 paras=1 text="(58.2)"
  [0]     p[0] ps_id=41 ctrls=0 text_len=6 ls[0] vpos=0 lh=1200 ls=0
  [0]   셀[33] r=5,c=0 rs=2,cs=1 h=4092 w=7094 pad=(510,510,141,141) aim=false bf=31 paras=1 text="아시아"
  [0]     p[0] ps_id=2 ctrls=0 text_len=9 ls[0] vpos=0 lh=1300 ls=780
  [0]   셀[34] r=5,c=1 rs=1,cs=1 h=2046 w=6793 pad=(510,510,141,141) aim=false bf=32 paras=1 text="208.6"
  [0]     p[0] ps_id=41 ctrls=0 text_len=5 ls[0] vpos=0 lh=1200 ls=0
  [0]   셀[35] r=5,c=2 rs=1,cs=1 h=2046 w=6793 pad=(510,510,141,141) aim=false bf=32 paras=1 text="191.8"
  [0]     p[0] ps_id=41 ctrls=0 text_len=5 ls[0] vpos=0 lh=1200 ls=0
  [0]   셀[36] r=5,c=3 rs=1,cs=1 h=2046 w=6793 pad=(510,510,141,141) aim=false bf=32 paras=1 text="186.2"
  [0]     p[0] ps_id=41 ctrls=0 text_len=5 ls[0] vpos=0 lh=1200 ls=0
  [0]   셀[37] r=5,c=4 rs=1,cs=1 h=2046 w=6793 pad=(510,510,141,141) aim=false bf=32 paras=1 text="202.5"
  [0]     p[0] ps_id=41 ctrls=0 text_len=5 ls[0] vpos=0 lh=1200 ls=0
  [0]   셀[38] r=5,c=5 rs=1,cs=1 h=2046 w=6793 pad=(510,510,141,141) aim=false bf=32 paras=1 text="109.2"
  [0]     p[0] ps_id=41 ctrls=0 text_len=5 ls[0] vpos=0 lh=1200 ls=0
  [0]   셀[39] r=5,c=6 rs=1,cs=1 h=2046 w=6780 pad=(510,510,141,141) aim=false bf=33 paras=1 text="21.5"
  [0]     p[0] ps_id=41 ctrls=0 text_len=4 ls[0] vpos=0 lh=1200 ls=0
  [0]   셀[40] r=6,c=1 rs=1,cs=1 h=2046 w=6793 pad=(510,510,141,141) aim=false bf=29 paras=1 text="(16.8)"
  [0]     p[0] ps_id=41 ctrls=0 text_len=6 ls[0] vpos=0 lh=1200 ls=0
  [0]   셀[41] r=6,c=2 rs=1,cs=1 h=2046 w=6793 pad=(510,510,141,141) aim=false bf=29 paras=1 text="(△8.1)"
  [0]     p[0] ps_id=41 ctrls=0 text_len=8 ls[0] vpos=0 lh=1200 ls=0
  [0]   셀[42] r=6,c=3 rs=1,cs=1 h=2046 w=6793 pad=(510,510,141,141) aim=false bf=29 paras=1 text="(△2.9)"
  [0]     p[0] ps_id=41 ctrls=0 text_len=8 ls[0] vpos=0 lh=1200 ls=0
  [0]   셀[43] r=6,c=4 rs=1,cs=1 h=2046 w=6793 pad=(510,510,141,141) aim=false bf=29 paras=1 text="(8.8)"
  [0]     p[0] ps_id=41 ctrls=0 text_len=5 ls[0] vpos=0 lh=1200 ls=0
  [0]   셀[44] r=6,c=5 rs=1,cs=1 h=2046 w=6793 pad=(510,510,141,141) aim=false bf=29 paras=1 text="(△46.1)"
  [0]     p[0] ps_id=41 ctrls=0 text_len=9 ls[0] vpos=0 lh=1200 ls=0
  [0]   셀[45] r=6,c=6 rs=1,cs=1 h=2046 w=6780 pad=(510,510,141,141) aim=false bf=30 paras=1 text="(△9.7)"
  [0]     p[0] ps_id=41 ctrls=0 text_len=8 ls[0] vpos=0 lh=1200 ls=0
  [0]   셀[46] r=7,c=0 rs=2,cs=1 h=4092 w=7094 pad=(510,510,141,141) aim=false bf=31 paras=1 text="중남미"
  [0]     p[0] ps_id=2 ctrls=1 text_len=9 ls[0] vpos=0 lh=1300 ls=780
  [0]   셀[47] r=7,c=1 rs=1,cs=1 h=2046 w=6793 pad=(510,510,141,141) aim=false bf=32 paras=1 text="109.4"
  [0]     p[0] ps_id=41 ctrls=0 text_len=5 ls[0] vpos=0 lh=1200 ls=0
  [0]   셀[48] r=7,c=2 rs=1,cs=1 h=2046 w=6793 pad=(510,510,141,141) aim=false bf=32 paras=1 text="82.3"
  [0]     p[0] ps_id=41 ctrls=0 text_len=4 ls[0] vpos=0 lh=1200 ls=0
  [0]   셀[49] r=7,c=3 rs=1,cs=1 h=2046 w=6793 pad=(510,510,141,141) aim=false bf=32 paras=1 text="130.2"
  [0]     p[0] ps_id=41 ctrls=0 text_len=5 ls[0] vpos=0 lh=1200 ls=0
  [0]   셀[50] r=7,c=4 rs=1,cs=1 h=2046 w=6793 pad=(510,510,141,141) aim=false bf=32 paras=1 text="115.2"
  [0]     p[0] ps_id=41 ctrls=0 text_len=5 ls[0] vpos=0 lh=1200 ls=0
  [0]   셀[51] r=7,c=5 rs=1,cs=1 h=2046 w=6793 pad=(510,510,141,141) aim=false bf=32 paras=1 text="97.7"
  [0]     p[0] ps_id=41 ctrls=0 text_len=4 ls[0] vpos=0 lh=1200 ls=0
  [0]   셀[52] r=7,c=6 rs=1,cs=1 h=2046 w=6780 pad=(510,510,141,141) aim=false bf=33 paras=1 text="18.6"
  [0]     p[0] ps_id=41 ctrls=0 text_len=4 ls[0] vpos=0 lh=1200 ls=0
  [0]   셀[53] r=8,c=1 rs=1,cs=1 h=2046 w=6793 pad=(510,510,141,141) aim=false bf=29 paras=1 text="(31.1)"
  [0]     p[0] ps_id=41 ctrls=0 text_len=6 ls[0] vpos=0 lh=1200 ls=0
  [0]   셀[54] r=8,c=2 rs=1,cs=1 h=2046 w=6793 pad=(510,510,141,141) aim=false bf=29 paras=1 text="(△24.8)"
  [0]     p[0] ps_id=41 ctrls=0 text_len=9 ls[0] vpos=0 lh=1200 ls=0
  [0]   셀[55] r=8,c=3 rs=1,cs=1 h=2046 w=6793 pad=(510,510,141,141) aim=false bf=29 paras=1 text="(58.2)"
  [0]     p[0] ps_id=41 ctrls=0 text_len=6 ls[0] vpos=0 lh=1200 ls=0
  [0]   셀[56] r=8,c=4 rs=1,cs=1 h=2046 w=6793 pad=(510,510,141,141) aim=false bf=29 paras=1 text="(△11.5)"
  [0]     p[0] ps_id=41 ctrls=0 text_len=9 ls[0] vpos=0 lh=1200 ls=0
  [0]   셀[57] r=8,c=5 rs=1,cs=1 h=2046 w=6793 pad=(510,510,141,141) aim=false bf=29 paras=1 text="(△15.2)"
  [0]     p[0] ps_id=41 ctrls=0 text_len=9 ls[0] vpos=0 lh=1200 ls=0
  [0]   셀[58] r=8,c=6 rs=1,cs=1 h=2046 w=6780 pad=(510,510,141,141) aim=false bf=30 paras=1 text="(△39.6)"
  [0]     p[0] ps_id=41 ctrls=0 text_len=9 ls[0] vpos=0 lh=1200 ls=0
  [0]   셀[59] r=9,c=0 rs=2,cs=1 h=4092 w=7094 pad=(510,510,141,141) aim=false bf=31 paras=1 text="대양주"
  [0]     p[0] ps_id=2 ctrls=1 text_len=9 ls[0] vpos=0 lh=1300 ls=780
  [0]   셀[60] r=9,c=1 rs=1,cs=1 h=2046 w=6793 pad=(510,510,141,141) aim=false bf=32 paras=1 text="10.3"
  [0]     p[0] ps_id=41 ctrls=0 text_len=4 ls[0] vpos=0 lh=1200 ls=0
  [0]   셀[61] r=9,c=2 rs=1,cs=1 h=2046 w=6793 pad=(510,510,141,141) aim=false bf=32 paras=1 text="11.4"
  [0]     p[0] ps_id=41 ctrls=0 text_len=4 ls[0] vpos=0 lh=1200 ls=0
  [0]   셀[62] r=9,c=3 rs=1,cs=1 h=2046 w=6793 pad=(510,510,141,141) aim=false bf=32 paras=1 text="16.7"
  [0]     p[0] ps_id=41 ctrls=0 text_len=4 ls[0] vpos=0 lh=1200 ls=0
  [0]   셀[63] r=9,c=4 rs=1,cs=1 h=2046 w=6793 pad=(510,510,141,141) aim=false bf=32 paras=1 text="19.1"
  [0]     p[0] ps_id=41 ctrls=0 text_len=4 ls[0] vpos=0 lh=1200 ls=0
  [0]   셀[64] r=9,c=5 rs=1,cs=1 h=2046 w=6793 pad=(510,510,141,141) aim=false bf=32 paras=1 text="8.7"
  [0]     p[0] ps_id=41 ctrls=0 text_len=3 ls[0] vpos=0 lh=1200 ls=0
  [0]   셀[65] r=9,c=6 rs=1,cs=1 h=2046 w=6780 pad=(510,510,141,141) aim=false bf=33 paras=1 text="2.7"
  [0]     p[0] ps_id=41 ctrls=0 text_len=3 ls[0] vpos=0 lh=1200 ls=0
  [0]   셀[66] r=10,c=1 rs=1,cs=1 h=2046 w=6793 pad=(510,510,141,141) aim=false bf=29 paras=1 text="(46.2)"
  [0]     p[0] ps_id=41 ctrls=0 text_len=6 ls[0] vpos=0 lh=1200 ls=0
  [0]   셀[67] r=10,c=2 rs=1,cs=1 h=2046 w=6793 pad=(510,510,141,141) aim=false bf=29 paras=1 text="(10.5)"
  [0]     p[0] ps_id=41 ctrls=0 text_len=6 ls[0] vpos=0 lh=1200 ls=0
  [0]   셀[68] r=10,c=3 rs=1,cs=1 h=2046 w=6793 pad=(510,510,141,141) aim=false bf=29 paras=1 text="(47.2)"
  [0]     p[0] ps_id=41 ctrls=0 text_len=6 ls[0] vpos=0 lh=1200 ls=0
  [0]   셀[69] r=10,c=4 rs=1,cs=1 h=2046 w=6793 pad=(510,510,141,141) aim=false bf=29 paras=1 text="(14.3)"
  [0]     p[0] ps_id=41 ctrls=0 text_len=6 ls[0] vpos=0 lh=1200 ls=0
  [0]   셀[70] r=10,c=5 rs=1,cs=1 h=2046 w=6793 pad=(510,510,141,141) aim=false bf=29 paras=1 text="(△54.4)"
  [0]     p[0] ps_id=41 ctrls=0 text_len=9 ls[0] vpos=0 lh=1200 ls=0
  [0]   셀[71] r=10,c=6 rs=1,cs=1 h=2046 w=6780 pad=(510,510,141,141) aim=false bf=30 paras=1 text="(353.0)"
  [0]     p[0] ps_id=41 ctrls=0 text_len=7 ls[0] vpos=0 lh=1200 ls=0
  [0]   셀[72] r=11,c=0 rs=2,cs=1 h=4092 w=7094 pad=(510,510,141,141) aim=false bf=31 paras=1 text="아프리카"
  [0]     p[0] ps_id=2 ctrls=1 text_len=12 ls[0] vpos=0 lh=1300 ls=780
  [0]   셀[73] r=11,c=1 rs=1,cs=1 h=2046 w=6793 pad=(510,510,141,141) aim=false bf=32 paras=1 text="5.9"
  [0]     p[0] ps_id=41 ctrls=0 text_len=3 ls[0] vpos=0 lh=1200 ls=0
  [0]   셀[74] r=11,c=2 rs=1,cs=1 h=2046 w=6793 pad=(510,510,141,141) aim=false bf=32 paras=1 text="3.8"
  [0]     p[0] ps_id=41 ctrls=0 text_len=3 ls[0] vpos=0 lh=1200 ls=0
  [0]   셀[75] r=11,c=3 rs=1,cs=1 h=2046 w=6793 pad=(510,510,141,141) aim=false bf=32 paras=1 text="3.1"
  [0]     p[0] ps_id=41 ctrls=0 text_len=3 ls[0] vpos=0 lh=1200 ls=0
  [0]   셀[76] r=11,c=4 rs=1,cs=1 h=2046 w=6793 pad=(510,510,141,141) aim=false bf=32 paras=1 text="1.2"
  [0]     p[0] ps_id=41 ctrls=0 text_len=3 ls[0] vpos=0 lh=1200 ls=0
  [0]   셀[77] r=11,c=5 rs=1,cs=1 h=2046 w=6793 pad=(510,510,141,141) aim=false bf=32 paras=1 text="3.4"
  [0]     p[0] ps_id=41 ctrls=0 text_len=3 ls[0] vpos=0 lh=1200 ls=0
  [0]   셀[78] r=11,c=6 rs=1,cs=1 h=2046 w=6780 pad=(510,510,141,141) aim=false bf=33 paras=1 text="2.6"
  [0]     p[0] ps_id=41 ctrls=0 text_len=3 ls[0] vpos=0 lh=1200 ls=0
  [0]   셀[79] r=12,c=1 rs=1,cs=1 h=2046 w=6793 pad=(510,510,141,141) aim=false bf=29 paras=1 text="(273.8)"
  [0]     p[0] ps_id=41 ctrls=0 text_len=7 ls[0] vpos=0 lh=1200 ls=0
  [0]   셀[80] r=12,c=2 rs=1,cs=1 h=2046 w=6793 pad=(510,510,141,141) aim=false bf=29 paras=1 text="(△35.4)"
  [0]     p[0] ps_id=41 ctrls=0 text_len=9 ls[0] vpos=0 lh=1200 ls=0
  [0]   셀[81] r=12,c=3 rs=1,cs=1 h=2046 w=6793 pad=(510,510,141,141) aim=false bf=29 paras=1 text="(△18.5)"
  [0]     p[0] ps_id=41 ctrls=0 text_len=9 ls[0] vpos=0 lh=1200 ls=0
  [0]   셀[82] r=12,c=4 rs=1,cs=1 h=2046 w=6793 pad=(510,510,141,141) aim=false bf=29 paras=1 text="(△60.3)"
  [0]     p[0] ps_id=41 ctrls=0 text_len=9 ls[0] vpos=0 lh=1200 ls=0
  [0]   셀[83] r=12,c=5 rs=1,cs=1 h=2046 w=6793 pad=(510,510,141,141) aim=false bf=29 paras=1 text="(173.5)"
  [0]     p[0] ps_id=41 ctrls=0 text_len=7 ls[0] vpos=0 lh=1200 ls=0
  [0]   셀[84] r=12,c=6 rs=1,cs=1 h=2046 w=6780 pad=(510,510,141,141) aim=false bf=30 paras=1 text="(773.5)"
  [0]     p[0] ps_id=41 ctrls=0 text_len=7 ls[0] vpos=0 lh=1200 ls=0
  [0]   셀[85] r=13,c=0 rs=2,cs=1 h=4092 w=7094 pad=(510,510,141,141) aim=false bf=34 paras=1 text="중동"
  [0]     p[0] ps_id=2 ctrls=1 text_len=6 ls[0] vpos=0 lh=1300 ls=780
  [0]   셀[86] r=13,c=1 rs=1,cs=1 h=2046 w=6793 pad=(510,510,141,141) aim=false bf=32 paras=1 text="5.9"
  [0]     p[0] ps_id=41 ctrls=0 text_len=3 ls[0] vpos=0 lh=1200 ls=0
  [0]   셀[87] r=13,c=2 rs=1,cs=1 h=2046 w=6793 pad=(510,510,141,141) aim=false bf=32 paras=1 text="7.8"
  [0]     p[0] ps_id=41 ctrls=0 text_len=3 ls[0] vpos=0 lh=1200 ls=0
  [0]   셀[88] r=13,c=3 rs=1,cs=1 h=2046 w=6793 pad=(510,510,141,141) aim=false bf=32 paras=1 text="2.3"
  [0]     p[0] ps_id=41 ctrls=0 text_len=3 ls[0] vpos=0 lh=1200 ls=0
  [0]   셀[89] r=13,c=4 rs=1,cs=1 h=2046 w=6793 pad=(510,510,141,141) aim=false bf=32 paras=1 text="1.4"
  [0]     p[0] ps_id=41 ctrls=0 text_len=3 ls[0] vpos=0 lh=1200 ls=0
  [0]   셀[90] r=13,c=5 rs=1,cs=1 h=2046 w=6793 pad=(510,510,141,141) aim=false bf=32 paras=1 text="1.3"
  [0]     p[0] ps_id=41 ctrls=0 text_len=3 ls[0] vpos=0 lh=1200 ls=0
  [0]   셀[91] r=13,c=6 rs=1,cs=1 h=2046 w=6780 pad=(510,510,141,141) aim=false bf=33 paras=1 text="1.1"
  [0]     p[0] ps_id=41 ctrls=0 text_len=3 ls[0] vpos=0 lh=1200 ls=0
  [0]   셀[92] r=14,c=1 rs=1,cs=1 h=2046 w=6793 pad=(510,510,141,141) aim=false bf=23 paras=1 text="(△38.5)"
  [0]     p[0] ps_id=41 ctrls=0 text_len=9 ls[0] vpos=0 lh=1200 ls=0
  [0]   셀[93] r=14,c=2 rs=1,cs=1 h=2046 w=6793 pad=(510,510,141,141) aim=false bf=23 paras=1 text="(31.9)"
  [0]     p[0] ps_id=41 ctrls=0 text_len=6 ls[0] vpos=0 lh=1200 ls=0
  [0]   셀[94] r=14,c=3 rs=1,cs=1 h=2046 w=6793 pad=(510,510,141,141) aim=false bf=23 paras=1 text="(△70.1)"
  [0]     p[0] ps_id=41 ctrls=0 text_len=9 ls[0] vpos=0 lh=1200 ls=0
  [0]   셀[95] r=14,c=4 rs=1,cs=1 h=2046 w=6793 pad=(510,510,141,141) aim=false bf=23 paras=1 text="(△38.3)"
  [0]     p[0] ps_id=41 ctrls=0 text_len=9 ls[0] vpos=0 lh=1200 ls=0
  [0]   셀[96] r=14,c=5 rs=1,cs=1 h=2046 w=6793 pad=(510,510,141,141) aim=false bf=23 paras=1 text="(△8.0)"
  [0]     p[0] ps_id=41 ctrls=0 text_len=8 ls[0] vpos=0 lh=1200 ls=0
  [0]   셀[97] r=14,c=6 rs=1,cs=1 h=2046 w=6780 pad=(510,510,141,141) aim=false bf=35 paras=1 text="(616.9)"
  [0]     p[0] ps_id=41 ctrls=0 text_len=7 ls[0] vpos=0 lh=1200 ls=0

--- 문단 0.65 --- cc=1, text_len=0, controls=0 
  텍스트: (빈 문단)
  [PS] ps_id=42 align=Justify spacing: before=0 after=0 line=120/Percent
       margins: left=0 right=0 indent=0 border_fill_id=2
       border_spacing: left=0 right=0 top=0 bottom=0
       tab_def_id=0 auto_left=false auto_right=false tabs=[(없음)]
  ls[0]: ts=0, vpos=279759, lh=1500, th=1500, bl=1275, ls=300, cs=0, sw=48188, tag=0x00060000

--- 문단 0.66 --- cc=1, text_len=0, controls=0 
  텍스트: (빈 문단)
  [PS] ps_id=48 align=Justify spacing: before=0 after=0 line=110/Percent
       margins: left=0 right=0 indent=0 border_fill_id=2
       border_spacing: left=0 right=0 top=0 bottom=0
       tab_def_id=0 auto_left=false auto_right=false tabs=[(없음)]
  ls[0]: ts=0, vpos=281559, lh=1200, th=1200, bl=1020, ls=120, cs=0, sw=48188, tag=0x00060000

--- 문단 0.67 --- cc=9, text_len=8, controls=0 [쪽나누기]
  텍스트: "(순투자 기준)"
  [CS] pos=0 id=94 bold=false spacing=0% ratio=100% char="("
  [PS] ps_id=15 align=Justify spacing: before=0 after=0 line=160/Percent
       margins: left=0 right=0 indent=0 border_fill_id=2
       border_spacing: left=0 right=0 top=0 bottom=0
       tab_def_id=0 auto_left=false auto_right=false tabs=[(없음)]
  ls[0]: ts=0, vpos=282879, lh=1600, th=1600, bl=1360, ls=960, cs=0, sw=48188, tag=0x00060000

--- 문단 0.68 --- cc=1, text_len=0, controls=0 
  텍스트: (빈 문단)
  [PS] ps_id=15 align=Justify spacing: before=0 after=0 line=160/Percent
       margins: left=0 right=0 indent=0 border_fill_id=2
       border_spacing: left=0 right=0 top=0 bottom=0
       tab_def_id=0 auto_left=false auto_right=false tabs=[(없음)]
  ls[0]: ts=0, vpos=285439, lh=400, th=400, bl=340, ls=240, cs=0, sw=48188, tag=0x00060000

--- 문단 0.69 --- cc=10, text_len=9, controls=0 
  텍스트: "1. 분기별 동향"
  [CS] pos=0 id=49 bold=false spacing=0% ratio=100% char="1"
  [PS] ps_id=15 align=Justify spacing: before=0 after=0 line=160/Percent
       margins: left=0 right=0 indent=0 border_fill_id=2
       border_spacing: left=0 right=0 top=0 bottom=0
       tab_def_id=0 auto_left=false auto_right=false tabs=[(없음)]
  ls[0]: ts=0, vpos=286079, lh=1500, th=1500, bl=1275, ls=900, cs=0, sw=48188, tag=0x00060000

--- 문단 0.70 --- cc=1, text_len=0, controls=0 
  텍스트: (빈 문단)
  [PS] ps_id=48 align=Justify spacing: before=0 after=0 line=110/Percent
       margins: left=0 right=0 indent=0 border_fill_id=2
       border_spacing: left=0 right=0 top=0 bottom=0
       tab_def_id=0 auto_left=false auto_right=false tabs=[(없음)]
  ls[0]: ts=0, vpos=288479, lh=700, th=700, bl=595, ls=72, cs=0, sw=48188, tag=0x00060000

--- 문단 0.71 --- cc=9, text_len=0, controls=1 
  텍스트: (빈 문단)
  [CS] pos=8 id=46 bold=false spacing=0% ratio=100% char=""
  [PS] ps_id=48 align=Justify spacing: before=0 after=0 line=110/Percent
       margins: left=0 right=0 indent=0 border_fill_id=2
       border_spacing: left=0 right=0 top=0 bottom=0
       tab_def_id=0 auto_left=false auto_right=false tabs=[(없음)]
  ls[0]: ts=0, vpos=289251, lh=6681, th=6681, bl=5679, ls=132, cs=0, sw=48188, tag=0x00060000
  [0] 표: 4행×10열, 셀=32, 쪽나눔=None (attr=0x00000000), padding=(283,283,138,138), cs=0
  [0]   [common] treat_as_char=true, wrap=위아래, vert=문단(0=0.0mm), horz=단(0=0.0mm)
  [0]   [common] size=47225×6399(166.6×22.6mm), valign=Top, halign=Left
  [0]   [outer_margin] left=0.5mm(141) right=0.5mm(141) top=0.5mm(141) bottom=0.5mm(141)
  [0]   셀[0] r=0,c=0 rs=2,cs=1 h=2999 w=6473 pad=(510,510,141,141) aim=false bf=14 paras=1 text="구 분"
  [0]     p[0] ps_id=2 ctrls=0 text_len=7 ls[0] vpos=0 lh=1300 ls=780
  [0]   셀[1] r=0,c=1 rs=1,cs=4 h=1641 w=18112 pad=(510,510,141,141) aim=false bf=41 paras=1 text="2022년"
  [0]     p[0] ps_id=16 ctrls=0 text_len=7 ls[0] vpos=0 lh=1200 ls=720
  [0]   셀[2] r=0,c=5 rs=1,cs=4 h=1641 w=18112 pad=(510,510,141,141) aim=false bf=41 paras=1 text="2023년"
  [0]     p[0] ps_id=16 ctrls=0 text_len=7 ls[0] vpos=0 lh=1200 ls=720
  [0]   셀[3] r=0,c=9 rs=1,cs=1 h=1641 w=4528 pad=(510,510,141,141) aim=false bf=42 paras=1 text="2024년"
  [0]     p[0] ps_id=16 ctrls=0 text_len=7 ls[0] vpos=0 lh=1200 ls=720
  [0]   셀[4] r=1,c=1 rs=1,cs=1 h=1476 w=4528 pad=(510,510,141,141) aim=false bf=40 paras=1 text="1분기"
  [0]     p[0] ps_id=16 ctrls=0 text_len=7 ls[0] vpos=0 lh=1200 ls=720
  [0]   셀[5] r=1,c=2 rs=1,cs=1 h=1476 w=4528 pad=(510,510,141,141) aim=false bf=40 paras=1 text="2분기"
  [0]     p[0] ps_id=16 ctrls=1 text_len=7 ls[0] vpos=0 lh=1200 ls=720
  [0]   셀[6] r=1,c=3 rs=1,cs=1 h=1476 w=4528 pad=(510,510,141,141) aim=false bf=40 paras=1 text="3분기"
  [0]     p[0] ps_id=16 ctrls=1 text_len=7 ls[0] vpos=0 lh=1200 ls=720
  [0]   셀[7] r=1,c=4 rs=1,cs=1 h=1476 w=4528 pad=(510,510,141,141) aim=false bf=40 paras=1 text="4분기"
  [0]     p[0] ps_id=16 ctrls=1 text_len=7 ls[0] vpos=0 lh=1200 ls=720
  [0]   셀[8] r=1,c=5 rs=1,cs=1 h=1476 w=4528 pad=(510,510,141,141) aim=false bf=40 paras=1 text="1분기"
  [0]     p[0] ps_id=16 ctrls=0 text_len=7 ls[0] vpos=0 lh=1200 ls=720
  [0]   셀[9] r=1,c=6 rs=1,cs=1 h=1476 w=4528 pad=(510,510,141,141) aim=false bf=40 paras=1 text="2분기"
  [0]     p[0] ps_id=16 ctrls=1 text_len=7 ls[0] vpos=0 lh=1200 ls=720
  [0]   셀[10] r=1,c=7 rs=1,cs=1 h=1476 w=4528 pad=(510,510,141,141) aim=false bf=40 paras=1 text="3분기"
  [0]     p[0] ps_id=16 ctrls=1 text_len=7 ls[0] vpos=0 lh=1200 ls=720
  [0]   셀[11] r=1,c=8 rs=1,cs=1 h=1476 w=4528 pad=(510,510,141,141) aim=false bf=40 paras=1 text="4분기"
  [0]     p[0] ps_id=16 ctrls=1 text_len=7 ls[0] vpos=0 lh=1200 ls=720
  [0]   셀[12] r=1,c=9 rs=1,cs=1 h=1476 w=4528 pad=(510,510,141,141) aim=false bf=49 paras=1 text="1분기"
  [0]     p[0] ps_id=16 ctrls=0 text_len=7 ls[0] vpos=0 lh=1200 ls=720
  [0]   셀[13] r=2,c=0 rs=2,cs=1 h=3282 w=6473 pad=(510,510,141,141) aim=false bf=65 paras=1 text="전 체"
  [0]     p[0] ps_id=2 ctrls=1 text_len=7 ls[0] vpos=0 lh=1300 ls=780
  [0]   셀[14] r=2,c=1 rs=1,cs=1 h=1641 w=4528 pad=(510,510,141,141) aim=false bf=19 paras=1 text="240.8"
  [0]     p[0] ps_id=41 ctrls=0 text_len=5 ls[0] vpos=0 lh=1200 ls=0
  [0]   셀[15] r=2,c=2 rs=1,cs=1 h=1641 w=4528 pad=(510,510,141,141) aim=false bf=19 paras=1 text="159.0"
  [0]     p[0] ps_id=41 ctrls=0 text_len=5 ls[0] vpos=0 lh=1200 ls=0
  [0]   셀[16] r=2,c=3 rs=1,cs=1 h=1641 w=4528 pad=(510,510,141,141) aim=false bf=19 paras=1 text="143.4"
  [0]     p[0] ps_id=41 ctrls=0 text_len=5 ls[0] vpos=0 lh=1200 ls=0
  [0]   셀[17] r=2,c=4 rs=1,cs=1 h=1641 w=4528 pad=(510,510,141,141) aim=false bf=19 paras=1 text="105.6"
  [0]     p[0] ps_id=41 ctrls=0 text_len=5 ls[0] vpos=0 lh=1200 ls=0
  [0]   셀[18] r=2,c=5 rs=1,cs=1 h=1641 w=4528 pad=(510,510,141,141) aim=false bf=19 paras=1 text="138.4"
  [0]     p[0] ps_id=41 ctrls=0 text_len=5 ls[0] vpos=0 lh=1200 ls=0
  [0]   셀[19] r=2,c=6 rs=1,cs=1 h=1641 w=4528 pad=(510,510,141,141) aim=false bf=19 paras=1 text="129.9"
  [0]     p[0] ps_id=41 ctrls=0 text_len=5 ls[0] vpos=0 lh=1200 ls=0
  [0]   셀[20] r=2,c=7 rs=1,cs=1 h=1641 w=4528 pad=(510,510,141,141) aim=false bf=19 paras=1 text="128.6"
  [0]     p[0] ps_id=41 ctrls=0 text_len=5 ls[0] vpos=0 lh=1200 ls=0
  [0]   셀[21] r=2,c=8 rs=1,cs=1 h=1641 w=4528 pad=(510,510,141,141) aim=false bf=19 paras=1 text="119.5"
  [0]     p[0] ps_id=41 ctrls=0 text_len=5 ls[0] vpos=0 lh=1200 ls=0
  [0]   셀[22] r=2,c=9 rs=1,cs=1 h=1641 w=4528 pad=(510,510,141,141) aim=false bf=28 paras=1 text="128.7"
  [0]     p[0] ps_id=41 ctrls=0 text_len=5 ls[0] vpos=0 lh=1200 ls=0
  [0]   셀[23] r=3,c=1 rs=1,cs=1 h=1641 w=4528 pad=(510,510,141,141) aim=false bf=66 paras=1 text="(241.8)"
  [0]     p[0] ps_id=41 ctrls=0 text_len=7 ls[0] vpos=0 lh=1200 ls=0
  [0]   셀[24] r=3,c=2 rs=1,cs=1 h=1641 w=4528 pad=(510,510,141,141) aim=false bf=66 paras=1 text="(27.4)"
  [0]     p[0] ps_id=41 ctrls=0 text_len=6 ls[0] vpos=0 lh=1200 ls=0
  [0]   셀[25] r=3,c=3 rs=1,cs=1 h=1641 w=4528 pad=(510,510,141,141) aim=false bf=66 paras=1 text="(11.1)"
  [0]     p[0] ps_id=41 ctrls=0 text_len=6 ls[0] vpos=0 lh=1200 ls=0
  [0]   셀[26] r=3,c=4 rs=1,cs=1 h=1641 w=4528 pad=(510,510,141,141) aim=false bf=66 paras=1 text="(△60.1)"
  [0]     p[0] ps_id=41 ctrls=0 text_len=9 ls[0] vpos=0 lh=1200 ls=0
  [0]   셀[27] r=3,c=5 rs=1,cs=1 h=1641 w=4528 pad=(510,510,141,141) aim=false bf=66 paras=1 text="(△42.5)"
  [0]     p[0] ps_id=41 ctrls=0 text_len=9 ls[0] vpos=0 lh=1200 ls=0
  [0]   셀[28] r=3,c=6 rs=1,cs=1 h=1641 w=4528 pad=(510,510,141,141) aim=false bf=66 paras=1 text="(△18.3)"
  [0]     p[0] ps_id=41 ctrls=0 text_len=9 ls[0] vpos=0 lh=1200 ls=0
  [0]   셀[29] r=3,c=7 rs=1,cs=1 h=1641 w=4528 pad=(510,510,141,141) aim=false bf=66 paras=1 text="(△10.3)"
  [0]     p[0] ps_id=41 ctrls=0 text_len=9 ls[0] vpos=0 lh=1200 ls=0
  [0]   셀[30] r=3,c=8 rs=1,cs=1 h=1641 w=4528 pad=(510,510,141,141) aim=false bf=66 paras=1 text="(13.2)"
  [0]     p[0] ps_id=41 ctrls=0 text_len=6 ls[0] vpos=0 lh=1200 ls=0
  [0]   셀[31] r=3,c=9 rs=1,cs=1 h=1641 w=4528 pad=(510,510,141,141) aim=false bf=67 paras=1 text="(△7.0)"
  [0]     p[0] ps_id=41 ctrls=0 text_len=8 ls[0] vpos=0 lh=1200 ls=0

--- 문단 0.72 --- cc=1, text_len=0, controls=0 
  텍스트: (빈 문단)
  [PS] ps_id=48 align=Justify spacing: before=0 after=0 line=110/Percent
       margins: left=0 right=0 indent=0 border_fill_id=2
       border_spacing: left=0 right=0 top=0 bottom=0
       tab_def_id=0 auto_left=false auto_right=false tabs=[(없음)]
  ls[0]: ts=0, vpos=296064, lh=1300, th=1300, bl=1105, ls=132, cs=0, sw=48188, tag=0x00060000

--- 문단 0.73 --- cc=16, text_len=15, controls=0 
  텍스트: "□ 업종별 동향(상위 5개)"
  [CS] pos=0 id=59 bold=false spacing=0% ratio=100% char="□"
  [CS] pos=2 id=57 bold=false spacing=0% ratio=100% char="업"
  [CS] pos=8 id=46 bold=false spacing=0% ratio=100% char="("
  [PS] ps_id=48 align=Justify spacing: before=0 after=0 line=110/Percent
       margins: left=0 right=0 indent=0 border_fill_id=2
       border_spacing: left=0 right=0 top=0 bottom=0
       tab_def_id=0 auto_left=false auto_right=false tabs=[(없음)]
  ls[0]: ts=0, vpos=297496, lh=1500, th=1500, bl=1275, ls=152, cs=0, sw=48188, tag=0x00060000

--- 문단 0.74 --- cc=1, text_len=0, controls=0 
  텍스트: (빈 문단)
  [PS] ps_id=48 align=Justify spacing: before=0 after=0 line=110/Percent
       margins: left=0 right=0 indent=0 border_fill_id=2
       border_spacing: left=0 right=0 top=0 bottom=0
       tab_def_id=0 auto_left=false auto_right=false tabs=[(없음)]
  ls[0]: ts=0, vpos=299148, lh=400, th=400, bl=340, ls=40, cs=0, sw=48188, tag=0x00060000

--- 문단 0.75 --- cc=9, text_len=0, controls=1 
  텍스트: (빈 문단)
  [CS] pos=8 id=62 bold=false spacing=0% ratio=100% char=""
  [PS] ps_id=48 align=Justify spacing: before=0 after=0 line=110/Percent
       margins: left=0 right=0 indent=0 border_fill_id=2
       border_spacing: left=0 right=0 top=0 bottom=0
       tab_def_id=0 auto_left=false auto_right=false tabs=[(없음)]
  ls[0]: ts=0, vpos=299588, lh=21780, th=21780, bl=18513, ls=120, cs=0, sw=48188, tag=0x00060000
  [0] 표: 12행×10열, 셀=108, 쪽나눔=None (attr=0x00000000), padding=(283,283,138,138), cs=0
  [0]   [common] treat_as_char=true, wrap=위아래, vert=문단(0=0.0mm), horz=문단(0=0.0mm)
  [0]   [common] size=47225×21504(166.6×75.9mm), valign=Top, halign=Left
  [0]   [outer_margin] left=0.5mm(138) right=0.5mm(138) top=0.5mm(138) bottom=0.5mm(138)
  [0]   셀[0] r=0,c=0 rs=2,cs=1 h=3282 w=6473 pad=(510,510,141,141) aim=false bf=14 paras=1 text="구 분"
  [0]     p[0] ps_id=2 ctrls=0 text_len=7 ls[0] vpos=0 lh=1300 ls=780
  [0]   셀[1] r=0,c=1 rs=1,cs=4 h=1641 w=18112 pad=(510,510,141,141) aim=false bf=41 paras=1 text="2022년"
  [0]     p[0] ps_id=16 ctrls=0 text_len=7 ls[0] vpos=0 lh=1200 ls=720
  [0]   셀[2] r=0,c=5 rs=1,cs=4 h=1641 w=18112 pad=(510,510,141,141) aim=false bf=41 paras=1 text="2023년"
  [0]     p[0] ps_id=16 ctrls=0 text_len=7 ls[0] vpos=0 lh=1200 ls=720
  [0]   셀[3] r=0,c=9 rs=1,cs=1 h=1641 w=4528 pad=(510,510,141,141) aim=false bf=42 paras=1 text="2024년"
  [0]     p[0] ps_id=16 ctrls=0 text_len=7 ls[0] vpos=0 lh=1200 ls=720
  [0]   셀[4] r=1,c=1 rs=1,cs=1 h=1641 w=4528 pad=(510,510,141,141) aim=false bf=40 paras=1 text="1분기"
  [0]     p[0] ps_id=16 ctrls=0 text_len=7 ls[0] vpos=0 lh=1200 ls=720
  [0]   셀[5] r=1,c=2 rs=1,cs=1 h=1641 w=4528 pad=(510,510,141,141) aim=false bf=40 paras=1 text="2분기"
  [0]     p[0] ps_id=16 ctrls=1 text_len=7 ls[0] vpos=0 lh=1200 ls=720
  [0]   셀[6] r=1,c=3 rs=1,cs=1 h=1641 w=4528 pad=(510,510,141,141) aim=false bf=40 paras=1 text="3분기"
  [0]     p[0] ps_id=16 ctrls=1 text_len=7 ls[0] vpos=0 lh=1200 ls=720
  [0]   셀[7] r=1,c=4 rs=1,cs=1 h=1641 w=4528 pad=(510,510,141,141) aim=false bf=40 paras=1 text="4분기"
  [0]     p[0] ps_id=16 ctrls=1 text_len=7 ls[0] vpos=0 lh=1200 ls=720
  [0]   셀[8] r=1,c=5 rs=1,cs=1 h=1641 w=4528 pad=(510,510,141,141) aim=false bf=40 paras=1 text="1분기"
  [0]     p[0] ps_id=16 ctrls=0 text_len=7 ls[0] vpos=0 lh=1200 ls=720
  [0]   셀[9] r=1,c=6 rs=1,cs=1 h=1641 w=4528 pad=(510,510,141,141) aim=false bf=40 paras=1 text="2분기"
  [0]     p[0] ps_id=16 ctrls=1 text_len=7 ls[0] vpos=0 lh=1200 ls=720
  [0]   셀[10] r=1,c=7 rs=1,cs=1 h=1641 w=4528 pad=(510,510,141,141) aim=false bf=40 paras=1 text="3분기"
  [0]     p[0] ps_id=16 ctrls=1 text_len=7 ls[0] vpos=0 lh=1200 ls=720
  [0]   셀[11] r=1,c=8 rs=1,cs=1 h=1641 w=4528 pad=(510,510,141,141) aim=false bf=40 paras=1 text="4분기"
  [0]     p[0] ps_id=16 ctrls=1 text_len=7 ls[0] vpos=0 lh=1200 ls=720
  [0]   셀[12] r=1,c=9 rs=1,cs=1 h=1641 w=4528 pad=(510,510,141,141) aim=false bf=49 paras=1 text="1분기"
  [0]     p[0] ps_id=16 ctrls=0 text_len=7 ls[0] vpos=0 lh=1200 ls=720
  [0]   셀[13] r=2,c=0 rs=2,cs=1 h=3834 w=6473 pad=(510,510,141,141) aim=false bf=52 paras=2 text="금융|보험업"
  [0]     p[0] ps_id=4 ctrls=1 text_len=6 ls[0] vpos=0 lh=1300 ls=392
  [0]     p[1] ps_id=4 ctrls=0 text_len=9 ls[0] vpos=1692 lh=1300 ls=392
  [0]   셀[14] r=2,c=1 rs=1,cs=1 h=1759 w=4528 pad=(510,510,141,141) aim=false bf=53 paras=1 text="69.0"
  [0]     p[0] ps_id=41 ctrls=0 text_len=4 ls[0] vpos=0 lh=1200 ls=0
  [0]   셀[15] r=2,c=2 rs=1,cs=1 h=1759 w=4528 pad=(510,510,141,141) aim=false bf=53 paras=1 text="55.2"
  [0]     p[0] ps_id=41 ctrls=0 text_len=4 ls[0] vpos=0 lh=1200 ls=0
  [0]   셀[16] r=2,c=3 rs=1,cs=1 h=1759 w=4528 pad=(510,510,141,141) aim=false bf=53 paras=1 text="67.9"
  [0]     p[0] ps_id=41 ctrls=0 text_len=4 ls[0] vpos=0 lh=1200 ls=0
  [0]   셀[17] r=2,c=4 rs=1,cs=1 h=1759 w=4528 pad=(510,510,141,141) aim=false bf=53 paras=1 text="49.4"
  [0]     p[0] ps_id=41 ctrls=0 text_len=4 ls[0] vpos=0 lh=1200 ls=0
  [0]   셀[18] r=2,c=5 rs=1,cs=1 h=1759 w=4528 pad=(510,510,141,141) aim=false bf=53 paras=1 text="55.5"
  [0]     p[0] ps_id=41 ctrls=0 text_len=4 ls[0] vpos=0 lh=1200 ls=0
  [0]   셀[19] r=2,c=6 rs=1,cs=1 h=1759 w=4528 pad=(510,510,141,141) aim=false bf=53 paras=1 text="52.0"
  [0]     p[0] ps_id=41 ctrls=0 text_len=4 ls[0] vpos=0 lh=1200 ls=0
  [0]   셀[20] r=2,c=7 rs=1,cs=1 h=1759 w=4528 pad=(510,510,141,141) aim=false bf=53 paras=1 text="60.3"
  [0]     p[0] ps_id=41 ctrls=0 text_len=4 ls[0] vpos=0 lh=1200 ls=0
  [0]   셀[21] r=2,c=8 rs=1,cs=1 h=1759 w=4528 pad=(510,510,141,141) aim=false bf=53 paras=1 text="48.5"
  [0]     p[0] ps_id=41 ctrls=0 text_len=4 ls[0] vpos=0 lh=1200 ls=0
  [0]   셀[22] r=2,c=9 rs=1,cs=1 h=1759 w=4528 pad=(510,510,141,141) aim=false bf=54 paras=1 text="43.4"
  [0]     p[0] ps_id=41 ctrls=0 text_len=4 ls[0] vpos=0 lh=1200 ls=0
  [0]   셀[23] r=3,c=1 rs=1,cs=1 h=2075 w=4528 pad=(510,510,141,141) aim=false bf=45 paras=1 text="(87.8)"
  [0]     p[0] ps_id=41 ctrls=0 text_len=6 ls[0] vpos=0 lh=1200 ls=0
  [0]   셀[24] r=3,c=2 rs=1,cs=1 h=2075 w=4528 pad=(510,510,141,141) aim=false bf=45 paras=1 text="(11.6)"
  [0]     p[0] ps_id=41 ctrls=0 text_len=6 ls[0] vpos=0 lh=1200 ls=0
  [0]   셀[25] r=3,c=3 rs=1,cs=1 h=2075 w=4528 pad=(510,510,141,141) aim=false bf=45 paras=1 text="(20.2)"
  [0]     p[0] ps_id=41 ctrls=0 text_len=6 ls[0] vpos=0 lh=1200 ls=0
  [0]   셀[26] r=3,c=4 rs=1,cs=1 h=2075 w=4528 pad=(510,510,141,141) aim=false bf=45 paras=1 text="(△46.5)"
  [0]     p[0] ps_id=41 ctrls=0 text_len=9 ls[0] vpos=0 lh=1200 ls=0
  [0]   셀[27] r=3,c=5 rs=1,cs=1 h=2075 w=4528 pad=(510,510,141,141) aim=false bf=45 paras=1 text="(△19.6)"
  [0]     p[0] ps_id=41 ctrls=0 text_len=9 ls[0] vpos=0 lh=1200 ls=0
  [0]   셀[28] r=3,c=6 rs=1,cs=1 h=2075 w=4528 pad=(510,510,141,141) aim=false bf=45 paras=1 text="(△5.8)"
  [0]     p[0] ps_id=41 ctrls=0 text_len=8 ls[0] vpos=0 lh=1200 ls=0
  [0]   셀[29] r=3,c=7 rs=1,cs=1 h=2075 w=4528 pad=(510,510,141,141) aim=false bf=45 paras=1 text="(△11.1)"
  [0]     p[0] ps_id=41 ctrls=0 text_len=9 ls[0] vpos=0 lh=1200 ls=0
  [0]   셀[30] r=3,c=8 rs=1,cs=1 h=2075 w=4528 pad=(510,510,141,141) aim=false bf=45 paras=1 text="(△1.9)"
  [0]     p[0] ps_id=41 ctrls=0 text_len=8 ls[0] vpos=0 lh=1200 ls=0
  [0]   셀[31] r=3,c=9 rs=1,cs=1 h=2075 w=4528 pad=(510,510,141,141) aim=false bf=51 paras=1 text="(△21.9)"
  [0]     p[0] ps_id=41 ctrls=0 text_len=9 ls[0] vpos=0 lh=1200 ls=0
  [0]   셀[32] r=4,c=0 rs=2,cs=1 h=3518 w=6473 pad=(510,510,141,141) aim=false bf=46 paras=1 text="제조업"
  [0]     p[0] ps_id=2 ctrls=1 text_len=9 ls[0] vpos=0 lh=1300 ls=780
  [0]   셀[33] r=4,c=1 rs=1,cs=1 h=1759 w=4528 pad=(510,510,141,141) aim=false bf=44 paras=1 text="106.7"
  [0]     p[0] ps_id=41 ctrls=0 text_len=5 ls[0] vpos=0 lh=1200 ls=0
  [0]   셀[34] r=4,c=2 rs=1,cs=1 h=1759 w=4528 pad=(510,510,141,141) aim=false bf=44 paras=1 text="50.6"
  [0]     p[0] ps_id=41 ctrls=0 text_len=4 ls[0] vpos=0 lh=1200 ls=0
  [0]   셀[35] r=4,c=3 rs=1,cs=1 h=1759 w=4528 pad=(510,510,141,141) aim=false bf=44 paras=1 text="41.6"
  [0]     p[0] ps_id=41 ctrls=0 text_len=4 ls[0] vpos=0 lh=1200 ls=0
  [0]   셀[36] r=4,c=4 rs=1,cs=1 h=1759 w=4528 pad=(510,510,141,141) aim=false bf=44 paras=1 text="32.8"
  [0]     p[0] ps_id=41 ctrls=0 text_len=4 ls[0] vpos=0 lh=1200 ls=0
  [0]   셀[37] r=4,c=5 rs=1,cs=1 h=1759 w=4528 pad=(510,510,141,141) aim=false bf=44 paras=1 text="54.9"
  [0]     p[0] ps_id=41 ctrls=0 text_len=4 ls[0] vpos=0 lh=1200 ls=0
  [0]   셀[38] r=4,c=6 rs=1,cs=1 h=1759 w=4528 pad=(510,510,141,141) aim=false bf=44 paras=1 text="36.4"
  [0]     p[0] ps_id=41 ctrls=0 text_len=4 ls[0] vpos=0 lh=1200 ls=0
  [0]   셀[39] r=4,c=7 rs=1,cs=1 h=1759 w=4528 pad=(510,510,141,141) aim=false bf=44 paras=1 text="45.2"
  [0]     p[0] ps_id=41 ctrls=0 text_len=4 ls[0] vpos=0 lh=1200 ls=0
  [0]   셀[40] r=4,c=8 rs=1,cs=1 h=1759 w=4528 pad=(510,510,141,141) aim=false bf=44 paras=1 text="40.8"
  [0]     p[0] ps_id=41 ctrls=0 text_len=4 ls[0] vpos=0 lh=1200 ls=0
  [0]   셀[41] r=4,c=9 rs=1,cs=1 h=1759 w=4528 pad=(510,510,141,141) aim=false bf=50 paras=1 text="37.6"
  [0]     p[0] ps_id=41 ctrls=0 text_len=4 ls[0] vpos=0 lh=1200 ls=0
  [0]   셀[42] r=5,c=1 rs=1,cs=1 h=1759 w=4528 pad=(510,510,141,141) aim=false bf=45 paras=1 text="(461.0)"
  [0]     p[0] ps_id=41 ctrls=0 text_len=7 ls[0] vpos=0 lh=1200 ls=0
  [0]   셀[43] r=5,c=2 rs=1,cs=1 h=1759 w=4528 pad=(510,510,141,141) aim=false bf=45 paras=1 text="(171.2)"
  [0]     p[0] ps_id=41 ctrls=0 text_len=7 ls[0] vpos=0 lh=1200 ls=0
  [0]   셀[44] r=5,c=3 rs=1,cs=1 h=1759 w=4528 pad=(510,510,141,141) aim=false bf=45 paras=1 text="(47.3)"
  [0]     p[0] ps_id=41 ctrls=0 text_len=6 ls[0] vpos=0 lh=1200 ls=0
  [0]   셀[45] r=5,c=4 rs=1,cs=1 h=1759 w=4528 pad=(510,510,141,141) aim=false bf=45 paras=1 text="(△54.9)"
  [0]     p[0] ps_id=41 ctrls=0 text_len=9 ls[0] vpos=0 lh=1200 ls=0
  [0]   셀[46] r=5,c=5 rs=1,cs=1 h=1759 w=4528 pad=(510,510,141,141) aim=false bf=45 paras=1 text="(△48.5)"
  [0]     p[0] ps_id=41 ctrls=0 text_len=9 ls[0] vpos=0 lh=1200 ls=0
  [0]   셀[47] r=5,c=6 rs=1,cs=1 h=1759 w=4528 pad=(510,510,141,141) aim=false bf=45 paras=1 text="(△28.0)"
  [0]     p[0] ps_id=41 ctrls=0 text_len=9 ls[0] vpos=0 lh=1200 ls=0
  [0]   셀[48] r=5,c=7 rs=1,cs=1 h=1759 w=4528 pad=(510,510,141,141) aim=false bf=45 paras=1 text="(8.6)"
  [0]     p[0] ps_id=41 ctrls=0 text_len=5 ls[0] vpos=0 lh=1200 ls=0
  [0]   셀[49] r=5,c=8 rs=1,cs=1 h=1759 w=4528 pad=(510,510,141,141) aim=false bf=45 paras=1 text="(24.6)"
  [0]     p[0] ps_id=41 ctrls=0 text_len=6 ls[0] vpos=0 lh=1200 ls=0
  [0]   셀[50] r=5,c=9 rs=1,cs=1 h=1759 w=4528 pad=(510,510,141,141) aim=false bf=51 paras=1 text="(△31.5)"
  [0]     p[0] ps_id=41 ctrls=0 text_len=9 ls[0] vpos=0 lh=1200 ls=0
  [0]   셀[51] r=6,c=0 rs=2,cs=1 h=3518 w=6473 pad=(510,510,141,141) aim=false bf=46 paras=1 text="부동산업"
  [0]     p[0] ps_id=2 ctrls=0 text_len=12 ls[0] vpos=0 lh=1300 ls=780
  [0]   셀[52] r=6,c=1 rs=1,cs=1 h=1759 w=4528 pad=(510,510,141,141) aim=false bf=44 paras=1 text="15.7"
  [0]     p[0] ps_id=41 ctrls=0 text_len=4 ls[0] vpos=0 lh=1200 ls=0
  [0]   셀[53] r=6,c=2 rs=1,cs=1 h=1759 w=4528 pad=(510,510,141,141) aim=false bf=44 paras=1 text="12.0"
  [0]     p[0] ps_id=41 ctrls=0 text_len=4 ls[0] vpos=0 lh=1200 ls=0
  [0]   셀[54] r=6,c=3 rs=1,cs=1 h=1759 w=4528 pad=(510,510,141,141) aim=false bf=44 paras=1 text="5.0"
  [0]     p[0] ps_id=41 ctrls=0 text_len=3 ls[0] vpos=0 lh=1200 ls=0
  [0]   셀[55] r=6,c=4 rs=1,cs=1 h=1759 w=4528 pad=(510,510,141,141) aim=false bf=44 paras=1 text="13.1"
  [0]     p[0] ps_id=41 ctrls=0 text_len=4 ls[0] vpos=0 lh=1200 ls=0
  [0]   셀[56] r=6,c=5 rs=1,cs=1 h=1759 w=4528 pad=(510,510,141,141) aim=false bf=44 paras=1 text="7.0"
  [0]     p[0] ps_id=41 ctrls=0 text_len=3 ls[0] vpos=0 lh=1200 ls=0
  [0]   셀[57] r=6,c=6 rs=1,cs=1 h=1759 w=4528 pad=(510,510,141,141) aim=false bf=44 paras=1 text="9.0"
  [0]     p[0] ps_id=41 ctrls=0 text_len=3 ls[0] vpos=0 lh=1200 ls=0
  [0]   셀[58] r=6,c=7 rs=1,cs=1 h=1759 w=4528 pad=(510,510,141,141) aim=false bf=44 paras=1 text="6.9"
  [0]     p[0] ps_id=41 ctrls=0 text_len=3 ls[0] vpos=0 lh=1200 ls=0
  [0]   셀[59] r=6,c=8 rs=1,cs=1 h=1759 w=4528 pad=(510,510,141,141) aim=false bf=44 paras=1 text="9.3"
  [0]     p[0] ps_id=41 ctrls=0 text_len=3 ls[0] vpos=0 lh=1200 ls=0
  [0]   셀[60] r=6,c=9 rs=1,cs=1 h=1759 w=4528 pad=(510,510,141,141) aim=false bf=50 paras=1 text="17.7"
  [0]     p[0] ps_id=41 ctrls=0 text_len=4 ls[0] vpos=0 lh=1200 ls=0
  [0]   셀[61] r=7,c=1 rs=1,cs=1 h=1759 w=4528 pad=(510,510,141,141) aim=false bf=45 paras=1 text="(192.3)"
  [0]     p[0] ps_id=41 ctrls=0 text_len=7 ls[0] vpos=0 lh=1200 ls=0
  [0]   셀[62] r=7,c=2 rs=1,cs=1 h=1759 w=4528 pad=(510,510,141,141) aim=false bf=45 paras=1 text="(87.6)"
  [0]     p[0] ps_id=41 ctrls=0 text_len=6 ls[0] vpos=0 lh=1200 ls=0
  [0]   셀[63] r=7,c=3 rs=1,cs=1 h=1759 w=4528 pad=(510,510,141,141) aim=false bf=45 paras=1 text="(△73.5)"
  [0]     p[0] ps_id=41 ctrls=0 text_len=9 ls[0] vpos=0 lh=1200 ls=0
  [0]   셀[64] r=7,c=4 rs=1,cs=1 h=1759 w=4528 pad=(510,510,141,141) aim=false bf=45 paras=1 text="(△24.0)"
  [0]     p[0] ps_id=41 ctrls=0 text_len=9 ls[0] vpos=0 lh=1200 ls=0
  [0]   셀[65] r=7,c=5 rs=1,cs=1 h=1759 w=4528 pad=(510,510,141,141) aim=false bf=45 paras=1 text="(△55.2)"
  [0]     p[0] ps_id=41 ctrls=0 text_len=9 ls[0] vpos=0 lh=1200 ls=0
  [0]   셀[66] r=7,c=6 rs=1,cs=1 h=1759 w=4528 pad=(510,510,141,141) aim=false bf=45 paras=1 text="(△24.6)"
  [0]     p[0] ps_id=41 ctrls=0 text_len=9 ls[0] vpos=0 lh=1200 ls=0
  [0]   셀[67] r=7,c=7 rs=1,cs=1 h=1759 w=4528 pad=(510,510,141,141) aim=false bf=45 paras=1 text="(39.7)"
  [0]     p[0] ps_id=41 ctrls=0 text_len=6 ls[0] vpos=0 lh=1200 ls=0
  [0]   셀[68] r=7,c=8 rs=1,cs=1 h=1759 w=4528 pad=(510,510,141,141) aim=false bf=45 paras=1 text="(△28.9)"
  [0]     p[0] ps_id=41 ctrls=0 text_len=9 ls[0] vpos=0 lh=1200 ls=0
  [0]   셀[69] r=7,c=9 rs=1,cs=1 h=1759 w=4528 pad=(510,510,141,141) aim=false bf=51 paras=1 text="(152.1)"
  [0]     p[0] ps_id=41 ctrls=0 text_len=7 ls[0] vpos=0 lh=1200 ls=0
  [0]   셀[70] r=8,c=0 rs=2,cs=1 h=3518 w=6473 pad=(510,510,141,141) aim=false bf=46 paras=2 text="전문과학|기술업"
  [0]     p[0] ps_id=4 ctrls=1 text_len=12 ls[0] vpos=0 lh=1300 ls=392
  [0]     p[1] ps_id=4 ctrls=0 text_len=9 ls[0] vpos=1692 lh=1300 ls=392
  [0]   셀[71] r=8,c=1 rs=1,cs=1 h=1759 w=4528 pad=(510,510,141,141) aim=false bf=44 paras=1 text="6.4"
  [0]     p[0] ps_id=41 ctrls=0 text_len=3 ls[0] vpos=0 lh=1200 ls=0
  [0]   셀[72] r=8,c=2 rs=1,cs=1 h=1759 w=4528 pad=(510,510,141,141) aim=false bf=44 paras=1 text="5.7"
  [0]     p[0] ps_id=41 ctrls=0 text_len=3 ls[0] vpos=0 lh=1200 ls=0
  [0]   셀[73] r=8,c=3 rs=1,cs=1 h=1759 w=4528 pad=(510,510,141,141) aim=false bf=44 paras=1 text="6.5"
  [0]     p[0] ps_id=41 ctrls=0 text_len=3 ls[0] vpos=0 lh=1200 ls=0
  [0]   셀[74] r=8,c=4 rs=1,cs=1 h=1759 w=4528 pad=(510,510,141,141) aim=false bf=44 paras=1 text="6.9"
  [0]     p[0] ps_id=41 ctrls=0 text_len=3 ls[0] vpos=0 lh=1200 ls=0
  [0]   셀[75] r=8,c=5 rs=1,cs=1 h=1759 w=4528 pad=(510,510,141,141) aim=false bf=44 paras=1 text="1.6"
  [0]     p[0] ps_id=41 ctrls=0 text_len=3 ls[0] vpos=0 lh=1200 ls=0
  [0]   셀[76] r=8,c=6 rs=1,cs=1 h=1759 w=4528 pad=(510,510,141,141) aim=false bf=44 paras=1 text="7.3"
  [0]     p[0] ps_id=41 ctrls=0 text_len=3 ls[0] vpos=0 lh=1200 ls=0
  [0]   셀[77] r=8,c=7 rs=1,cs=1 h=1759 w=4528 pad=(510,510,141,141) aim=false bf=44 paras=1 text="4.5"
  [0]     p[0] ps_id=41 ctrls=0 text_len=3 ls[0] vpos=0 lh=1200 ls=0
  [0]   셀[78] r=8,c=8 rs=1,cs=1 h=1759 w=4528 pad=(510,510,141,141) aim=false bf=44 paras=1 text="2.4"
  [0]     p[0] ps_id=41 ctrls=0 text_len=3 ls[0] vpos=0 lh=1200 ls=0
  [0]   셀[79] r=8,c=9 rs=1,cs=1 h=1759 w=4528 pad=(510,510,141,141) aim=false bf=50 paras=1 text="9.2"
  [0]     p[0] ps_id=41 ctrls=0 text_len=3 ls[0] vpos=0 lh=1200 ls=0
  [0]   셀[80] r=9,c=1 rs=1,cs=1 h=1759 w=4528 pad=(510,510,141,141) aim=false bf=45 paras=1 text="(270.9)"
  [0]     p[0] ps_id=41 ctrls=0 text_len=7 ls[0] vpos=0 lh=1200 ls=0
  [0]   셀[81] r=9,c=2 rs=1,cs=1 h=1759 w=4528 pad=(510,510,141,141) aim=false bf=45 paras=1 text="(△63.3)"
  [0]     p[0] ps_id=41 ctrls=0 text_len=9 ls[0] vpos=0 lh=1200 ls=0
  [0]   셀[82] r=9,c=3 rs=1,cs=1 h=1759 w=4528 pad=(510,510,141,141) aim=false bf=45 paras=1 text="(52.6)"
  [0]     p[0] ps_id=41 ctrls=0 text_len=6 ls[0] vpos=0 lh=1200 ls=0
  [0]   셀[83] r=9,c=4 rs=1,cs=1 h=1759 w=4528 pad=(510,510,141,141) aim=false bf=45 paras=1 text="(59.6)"
  [0]     p[0] ps_id=41 ctrls=0 text_len=6 ls[0] vpos=0 lh=1200 ls=0
  [0]   셀[84] r=9,c=5 rs=1,cs=1 h=1759 w=4528 pad=(510,510,141,141) aim=false bf=45 paras=1 text="(△74.6)"
  [0]     p[0] ps_id=41 ctrls=0 text_len=9 ls[0] vpos=0 lh=1200 ls=0
  [0]   셀[85] r=9,c=6 rs=1,cs=1 h=1759 w=4528 pad=(510,510,141,141) aim=false bf=45 paras=1 text="(27.9)"
  [0]     p[0] ps_id=41 ctrls=0 text_len=6 ls[0] vpos=0 lh=1200 ls=0
  [0]   셀[86] r=9,c=7 rs=1,cs=1 h=1759 w=4528 pad=(510,510,141,141) aim=false bf=45 paras=1 text="(△30.2)"
  [0]     p[0] ps_id=41 ctrls=0 text_len=9 ls[0] vpos=0 lh=1200 ls=0
  [0]   셀[87] r=9,c=8 rs=1,cs=1 h=1759 w=4528 pad=(510,510,141,141) aim=false bf=45 paras=1 text="(△66.1)"
  [0]     p[0] ps_id=41 ctrls=0 text_len=9 ls[0] vpos=0 lh=1200 ls=0
  [0]   셀[88] r=9,c=9 rs=1,cs=1 h=1759 w=4528 pad=(510,510,141,141) aim=false bf=51 paras=1 text="(466.4)"
  [0]     p[0] ps_id=41 ctrls=0 text_len=7 ls[0] vpos=0 lh=1200 ls=0
  [0]   셀[89] r=10,c=0 rs=2,cs=1 h=3834 w=6473 pad=(510,510,141,141) aim=false bf=43 paras=1 text="광업"
  [0]     p[0] ps_id=4 ctrls=1 text_len=6 ls[0] vpos=0 lh=1300 ls=392
  [0]   셀[90] r=10,c=1 rs=1,cs=1 h=1924 w=4528 pad=(510,510,141,141) aim=false bf=44 paras=1 text="9.8"
  [0]     p[0] ps_id=41 ctrls=0 text_len=3 ls[0] vpos=0 lh=1200 ls=0
  [0]   셀[91] r=10,c=2 rs=1,cs=1 h=1924 w=4528 pad=(510,510,141,141) aim=false bf=44 paras=1 text="1.1"
  [0]     p[0] ps_id=41 ctrls=0 text_len=3 ls[0] vpos=0 lh=1200 ls=0
  [0]   셀[92] r=10,c=3 rs=1,cs=1 h=1924 w=4528 pad=(510,510,141,141) aim=false bf=44 paras=1 text="1.9"
  [0]     p[0] ps_id=41 ctrls=0 text_len=3 ls[0] vpos=0 lh=1200 ls=0
  [0]   셀[93] r=10,c=4 rs=1,cs=1 h=1924 w=4528 pad=(510,510,141,141) aim=false bf=44 paras=1 text="-7.9"
  [0]     p[0] ps_id=41 ctrls=0 text_len=4 ls[0] vpos=0 lh=1200 ls=0
  [0]   셀[94] r=10,c=5 rs=1,cs=1 h=1924 w=4528 pad=(510,510,141,141) aim=false bf=44 paras=1 text="11.4"
  [0]     p[0] ps_id=41 ctrls=0 text_len=4 ls[0] vpos=0 lh=1200 ls=0
  [0]   셀[95] r=10,c=6 rs=1,cs=1 h=1924 w=4528 pad=(510,510,141,141) aim=false bf=44 paras=1 text="7.8"
  [0]     p[0] ps_id=41 ctrls=0 text_len=3 ls[0] vpos=0 lh=1200 ls=0
  [0]   셀[96] r=10,c=7 rs=1,cs=1 h=1924 w=4528 pad=(510,510,141,141) aim=false bf=44 paras=1 text="3.7"
  [0]     p[0] ps_id=41 ctrls=0 text_len=3 ls[0] vpos=0 lh=1200 ls=0
  [0]   셀[97] r=10,c=8 rs=1,cs=1 h=1924 w=4528 pad=(510,510,141,141) aim=false bf=44 paras=1 text="3.0"
  [0]     p[0] ps_id=41 ctrls=0 text_len=3 ls[0] vpos=0 lh=1200 ls=0
  [0]   셀[98] r=10,c=9 rs=1,cs=1 h=1924 w=4528 pad=(510,510,141,141) aim=false bf=50 paras=1 text="6.2"
  [0]     p[0] ps_id=41 ctrls=0 text_len=3 ls[0] vpos=0 lh=1200 ls=0
  [0]   셀[99] r=11,c=1 rs=1,cs=1 h=1910 w=4528 pad=(510,510,141,141) aim=false bf=23 paras=1 text="(212.0)"
  [0]     p[0] ps_id=41 ctrls=0 text_len=7 ls[0] vpos=0 lh=1200 ls=0
  [0]   셀[100] r=11,c=2 rs=1,cs=1 h=1910 w=4528 pad=(510,510,141,141) aim=false bf=23 paras=1 text="(△42.6)"
  [0]     p[0] ps_id=41 ctrls=0 text_len=9 ls[0] vpos=0 lh=1200 ls=0
  [0]   셀[101] r=11,c=3 rs=1,cs=1 h=1910 w=4528 pad=(510,510,141,141) aim=false bf=23 paras=1 text="(264.1)"
  [0]     p[0] ps_id=41 ctrls=0 text_len=7 ls[0] vpos=0 lh=1200 ls=0
  [0]   셀[102] r=11,c=4 rs=1,cs=1 h=1910 w=4528 pad=(510,510,141,141) aim=false bf=23 paras=1 text="(△302.1)"
  [0]     p[0] ps_id=41 ctrls=0 text_len=10 ls[0] vpos=0 lh=1200 ls=0
  [0]   셀[103] r=11,c=5 rs=1,cs=1 h=1910 w=4528 pad=(510,510,141,141) aim=false bf=23 paras=1 text="(17.0)"
  [0]     p[0] ps_id=41 ctrls=0 text_len=6 ls[0] vpos=0 lh=1200 ls=0
  [0]   셀[104] r=11,c=6 rs=1,cs=1 h=1910 w=4528 pad=(510,510,141,141) aim=false bf=23 paras=1 text="(639.3)"
  [0]     p[0] ps_id=41 ctrls=0 text_len=7 ls[0] vpos=0 lh=1200 ls=0
  [0]   셀[105] r=11,c=7 rs=1,cs=1 h=1910 w=4528 pad=(510,510,141,141) aim=false bf=23 paras=1 text="(97.0)"
  [0]     p[0] ps_id=41 ctrls=0 text_len=6 ls[0] vpos=0 lh=1200 ls=0
  [0]   셀[106] r=11,c=8 rs=1,cs=1 h=1910 w=4528 pad=(510,510,141,141) aim=false bf=23 paras=1 text="(△138.4)"
  [0]     p[0] ps_id=41 ctrls=0 text_len=10 ls[0] vpos=0 lh=1200 ls=0
  [0]   셀[107] r=11,c=9 rs=1,cs=1 h=1910 w=4528 pad=(510,510,141,141) aim=false bf=35 paras=1 text="(△45.4)"
  [0]     p[0] ps_id=41 ctrls=0 text_len=9 ls[0] vpos=0 lh=1200 ls=0

--- 문단 0.76 --- cc=1, text_len=0, controls=0 
  텍스트: (빈 문단)
  [PS] ps_id=42 align=Justify spacing: before=0 after=0 line=120/Percent
       margins: left=0 right=0 indent=0 border_fill_id=2
       border_spacing: left=0 right=0 top=0 bottom=0
       tab_def_id=0 auto_left=false auto_right=false tabs=[(없음)]
  ls[0]: ts=0, vpos=321488, lh=600, th=600, bl=510, ls=120, cs=0, sw=48188, tag=0x00060000

--- 문단 0.77 --- cc=1, text_len=0, controls=0 
  텍스트: (빈 문단)
  [PS] ps_id=42 align=Justify spacing: before=0 after=0 line=120/Percent
       margins: left=0 right=0 indent=0 border_fill_id=2
       border_spacing: left=0 right=0 top=0 bottom=0
       tab_def_id=0 auto_left=false auto_right=false tabs=[(없음)]
  ls[0]: ts=0, vpos=322208, lh=600, th=600, bl=510, ls=120, cs=0, sw=48188, tag=0x00060000

--- 문단 0.78 --- cc=1, text_len=0, controls=0 
  텍스트: (빈 문단)
  [PS] ps_id=42 align=Justify spacing: before=0 after=0 line=120/Percent
       margins: left=0 right=0 indent=0 border_fill_id=2
       border_spacing: left=0 right=0 top=0 bottom=0
       tab_def_id=0 auto_left=false auto_right=false tabs=[(없음)]
  ls[0]: ts=0, vpos=322928, lh=600, th=600, bl=510, ls=120, cs=0, sw=48188, tag=0x00060000

--- 문단 0.79 --- cc=16, text_len=15, controls=0 
  텍스트: "□ 국가별 동향(상위 5개)"
  [CS] pos=0 id=59 bold=false spacing=0% ratio=100% char="□"
  [CS] pos=2 id=57 bold=false spacing=0% ratio=100% char="국"
  [CS] pos=8 id=46 bold=false spacing=0% ratio=100% char="("
  [PS] ps_id=48 align=Justify spacing: before=0 after=0 line=110/Percent
       margins: left=0 right=0 indent=0 border_fill_id=2
       border_spacing: left=0 right=0 top=0 bottom=0
       tab_def_id=0 auto_left=false auto_right=false tabs=[(없음)]
  ls[0]: ts=0, vpos=323648, lh=1500, th=1500, bl=1275, ls=152, cs=0, sw=48188, tag=0x00060000

--- 문단 0.80 --- cc=1, text_len=0, controls=0 
  텍스트: (빈 문단)
  [PS] ps_id=48 align=Justify spacing: before=0 after=0 line=110/Percent
       margins: left=0 right=0 indent=0 border_fill_id=2
       border_spacing: left=0 right=0 top=0 bottom=0
       tab_def_id=0 auto_left=false auto_right=false tabs=[(없음)]
  ls[0]: ts=0, vpos=325300, lh=200, th=200, bl=170, ls=20, cs=0, sw=48188, tag=0x00060000

--- 문단 0.81 --- cc=9, text_len=0, controls=1 
  텍스트: (빈 문단)
  [CS] pos=8 id=125 bold=false spacing=0% ratio=100% char=""
  [PS] ps_id=48 align=Justify spacing: before=0 after=0 line=110/Percent
       margins: left=0 right=0 indent=0 border_fill_id=2
       border_spacing: left=0 right=0 top=0 bottom=0
       tab_def_id=0 auto_left=false auto_right=false tabs=[(없음)]
  ls[0]: ts=0, vpos=325520, lh=24019, th=24019, bl=20416, ls=20, cs=0, sw=48188, tag=0x00060000
  [0] 표: 12행×10열, 셀=108, 쪽나눔=None (attr=0x00000000), padding=(283,283,138,138), cs=0
  [0]   [common] treat_as_char=true, wrap=위아래, vert=문단(0=0.0mm), horz=문단(0=0.0mm)
  [0]   [common] size=47225×23743(166.6×83.8mm), valign=Top, halign=Left
  [0]   [outer_margin] left=0.5mm(138) right=0.5mm(138) top=0.5mm(138) bottom=0.5mm(138)
  [0]   셀[0] r=0,c=0 rs=2,cs=1 h=3282 w=6473 pad=(510,510,141,141) aim=false bf=14 paras=1 text="구 분"
  [0]     p[0] ps_id=2 ctrls=0 text_len=7 ls[0] vpos=0 lh=1300 ls=780
  [0]   셀[1] r=0,c=1 rs=1,cs=4 h=1641 w=18112 pad=(510,510,141,141) aim=false bf=41 paras=1 text="2022년"
  [0]     p[0] ps_id=16 ctrls=1 text_len=7 ls[0] vpos=0 lh=1200 ls=720
  [0]   셀[2] r=0,c=5 rs=1,cs=4 h=1641 w=18112 pad=(510,510,141,141) aim=false bf=41 paras=1 text="2023년"
  [0]     p[0] ps_id=16 ctrls=0 text_len=7 ls[0] vpos=0 lh=1200 ls=720
  [0]   셀[3] r=0,c=9 rs=1,cs=1 h=1641 w=4528 pad=(510,510,141,141) aim=false bf=42 paras=1 text="2024년"
  [0]     p[0] ps_id=16 ctrls=0 text_len=7 ls[0] vpos=0 lh=1200 ls=720
  [0]   셀[4] r=1,c=1 rs=1,cs=1 h=1641 w=4528 pad=(510,510,141,141) aim=false bf=40 paras=1 text="1분기"
  [0]     p[0] ps_id=16 ctrls=0 text_len=7 ls[0] vpos=0 lh=1200 ls=720
  [0]   셀[5] r=1,c=2 rs=1,cs=1 h=1641 w=4528 pad=(510,510,141,141) aim=false bf=40 paras=1 text="2분기"
  [0]     p[0] ps_id=16 ctrls=0 text_len=7 ls[0] vpos=0 lh=1200 ls=720
  [0]   셀[6] r=1,c=3 rs=1,cs=1 h=1641 w=4528 pad=(510,510,141,141) aim=false bf=40 paras=1 text="3분기"
  [0]     p[0] ps_id=16 ctrls=0 text_len=7 ls[0] vpos=0 lh=1200 ls=720
  [0]   셀[7] r=1,c=4 rs=1,cs=1 h=1641 w=4528 pad=(510,510,141,141) aim=false bf=40 paras=1 text="4분기"
  [0]     p[0] ps_id=16 ctrls=0 text_len=7 ls[0] vpos=0 lh=1200 ls=720
  [0]   셀[8] r=1,c=5 rs=1,cs=1 h=1641 w=4528 pad=(510,510,141,141) aim=false bf=40 paras=1 text="1분기"
  [0]     p[0] ps_id=16 ctrls=0 text_len=7 ls[0] vpos=0 lh=1200 ls=720
  [0]   셀[9] r=1,c=6 rs=1,cs=1 h=1641 w=4528 pad=(510,510,141,141) aim=false bf=40 paras=1 text="2분기"
  [0]     p[0] ps_id=16 ctrls=1 text_len=7 ls[0] vpos=0 lh=1200 ls=720
  [0]   셀[10] r=1,c=7 rs=1,cs=1 h=1641 w=4528 pad=(510,510,141,141) aim=false bf=40 paras=1 text="3분기"
  [0]     p[0] ps_id=16 ctrls=1 text_len=7 ls[0] vpos=0 lh=1200 ls=720
  [0]   셀[11] r=1,c=8 rs=1,cs=1 h=1641 w=4528 pad=(510,510,141,141) aim=false bf=40 paras=1 text="4분기"
  [0]     p[0] ps_id=16 ctrls=1 text_len=7 ls[0] vpos=0 lh=1200 ls=720
  [0]   셀[12] r=1,c=9 rs=1,cs=1 h=1641 w=4528 pad=(510,510,141,141) aim=false bf=49 paras=1 text="1분기"
  [0]     p[0] ps_id=16 ctrls=0 text_len=7 ls[0] vpos=0 lh=1200 ls=720
  [0]   셀[13] r=2,c=0 rs=2,cs=1 h=4125 w=6473 pad=(510,510,141,141) aim=false bf=52 paras=1 text="미국"
  [0]     p[0] ps_id=2 ctrls=1 text_len=6 ls[0] vpos=0 lh=1300 ls=780
  [0]   셀[14] r=2,c=1 rs=1,cs=1 h=2042 w=4528 pad=(510,510,141,141) aim=false bf=53 paras=1 text="74.3"
  [0]     p[0] ps_id=41 ctrls=0 text_len=4 ls[0] vpos=0 lh=1200 ls=0
  [0]   셀[15] r=2,c=2 rs=1,cs=1 h=2042 w=4528 pad=(510,510,141,141) aim=false bf=53 paras=1 text="64.9"
  [0]     p[0] ps_id=41 ctrls=0 text_len=4 ls[0] vpos=0 lh=1200 ls=0
  [0]   셀[16] r=2,c=3 rs=1,cs=1 h=2042 w=4528 pad=(510,510,141,141) aim=false bf=53 paras=1 text="66.5"
  [0]     p[0] ps_id=41 ctrls=0 text_len=4 ls[0] vpos=0 lh=1200 ls=0
  [0]   셀[17] r=2,c=4 rs=1,cs=1 h=2042 w=4528 pad=(510,510,141,141) aim=false bf=53 paras=1 text="43.3"
  [0]     p[0] ps_id=41 ctrls=0 text_len=4 ls[0] vpos=0 lh=1200 ls=0
  [0]   셀[18] r=2,c=5 rs=1,cs=1 h=2042 w=4528 pad=(510,510,141,141) aim=false bf=53 paras=1 text="75.5"
  [0]     p[0] ps_id=41 ctrls=0 text_len=4 ls[0] vpos=0 lh=1200 ls=0
  [0]   셀[19] r=2,c=6 rs=1,cs=1 h=2042 w=4528 pad=(510,510,141,141) aim=false bf=53 paras=1 text="58.4"
  [0]     p[0] ps_id=41 ctrls=0 text_len=4 ls[0] vpos=0 lh=1200 ls=0
  [0]   셀[20] r=2,c=7 rs=1,cs=1 h=2042 w=4528 pad=(510,510,141,141) aim=false bf=53 paras=1 text="62.6"
  [0]     p[0] ps_id=41 ctrls=0 text_len=4 ls[0] vpos=0 lh=1200 ls=0
  [0]   셀[21] r=2,c=8 rs=1,cs=1 h=2042 w=4528 pad=(510,510,141,141) aim=false bf=53 paras=1 text="53.3"
  [0]     p[0] ps_id=41 ctrls=0 text_len=4 ls[0] vpos=0 lh=1200 ls=0
  [0]   셀[22] r=2,c=9 rs=1,cs=1 h=2042 w=4528 pad=(510,510,141,141) aim=false bf=54 paras=1 text="55.2"
  [0]     p[0] ps_id=41 ctrls=0 text_len=4 ls[0] vpos=0 lh=1200 ls=0
  [0]   셀[23] r=3,c=1 rs=1,cs=1 h=2083 w=4528 pad=(510,510,141,141) aim=false bf=45 paras=1 text="(129.2)"
  [0]     p[0] ps_id=41 ctrls=0 text_len=7 ls[0] vpos=0 lh=1200 ls=0
  [0]   셀[24] r=3,c=2 rs=1,cs=1 h=2083 w=4528 pad=(510,510,141,141) aim=false bf=45 paras=1 text="(20.5)"
  [0]     p[0] ps_id=41 ctrls=0 text_len=6 ls[0] vpos=0 lh=1200 ls=0
  [0]   셀[25] r=3,c=3 rs=1,cs=1 h=2083 w=4528 pad=(510,510,141,141) aim=false bf=45 paras=1 text="(11.5)"
  [0]     p[0] ps_id=41 ctrls=0 text_len=6 ls[0] vpos=0 lh=1200 ls=0
  [0]   셀[26] r=3,c=4 rs=1,cs=1 h=2083 w=4528 pad=(510,510,141,141) aim=false bf=45 paras=1 text="(△51.3)"
  [0]     p[0] ps_id=41 ctrls=0 text_len=9 ls[0] vpos=0 lh=1200 ls=0
  [0]   셀[27] r=3,c=5 rs=1,cs=1 h=2083 w=4528 pad=(510,510,141,141) aim=false bf=45 paras=1 text="(1.7)"
  [0]     p[0] ps_id=41 ctrls=0 text_len=5 ls[0] vpos=0 lh=1200 ls=0
  [0]   셀[28] r=3,c=6 rs=1,cs=1 h=2083 w=4528 pad=(510,510,141,141) aim=false bf=45 paras=1 text="(△10.1)"
  [0]     p[0] ps_id=41 ctrls=0 text_len=9 ls[0] vpos=0 lh=1200 ls=0
  [0]   셀[29] r=3,c=7 rs=1,cs=1 h=2083 w=4528 pad=(510,510,141,141) aim=false bf=45 paras=1 text="(△5.9)"
  [0]     p[0] ps_id=41 ctrls=0 text_len=8 ls[0] vpos=0 lh=1200 ls=0
  [0]   셀[30] r=3,c=8 rs=1,cs=1 h=2083 w=4528 pad=(510,510,141,141) aim=false bf=45 paras=1 text="(23.1)"
  [0]     p[0] ps_id=41 ctrls=0 text_len=6 ls[0] vpos=0 lh=1200 ls=0
  [0]   셀[31] r=3,c=9 rs=1,cs=1 h=2083 w=4528 pad=(510,510,141,141) aim=false bf=51 paras=1 text="(△26.9)"
  [0]     p[0] ps_id=41 ctrls=0 text_len=9 ls[0] vpos=0 lh=1200 ls=0
  [0]   셀[32] r=4,c=0 rs=2,cs=1 h=4084 w=6473 pad=(510,510,141,141) aim=false bf=46 paras=1 text="룩셈부르크"
  [0]     p[0] ps_id=2 ctrls=1 text_len=15 ls[0] vpos=0 lh=1300 ls=780
  [0]   셀[33] r=4,c=1 rs=1,cs=1 h=2042 w=4528 pad=(510,510,141,141) aim=false bf=44 paras=1 text="14.7"
  [0]     p[0] ps_id=41 ctrls=0 text_len=4 ls[0] vpos=0 lh=1200 ls=0
  [0]   셀[34] r=4,c=2 rs=1,cs=1 h=2042 w=4528 pad=(510,510,141,141) aim=false bf=44 paras=1 text="12.7"
  [0]     p[0] ps_id=41 ctrls=0 text_len=4 ls[0] vpos=0 lh=1200 ls=0
  [0]   셀[35] r=4,c=3 rs=1,cs=1 h=2042 w=4528 pad=(510,510,141,141) aim=false bf=44 paras=1 text="4.2"
  [0]     p[0] ps_id=41 ctrls=0 text_len=3 ls[0] vpos=0 lh=1200 ls=0
  [0]   셀[36] r=4,c=4 rs=1,cs=1 h=2042 w=4528 pad=(510,510,141,141) aim=false bf=44 paras=1 text="9.8"
  [0]     p[0] ps_id=41 ctrls=0 text_len=3 ls[0] vpos=0 lh=1200 ls=0
  [0]   셀[37] r=4,c=5 rs=1,cs=1 h=2042 w=4528 pad=(510,510,141,141) aim=false bf=44 paras=1 text="8.5"
  [0]     p[0] ps_id=41 ctrls=0 text_len=3 ls[0] vpos=0 lh=1200 ls=0
  [0]   셀[38] r=4,c=6 rs=1,cs=1 h=2042 w=4528 pad=(510,510,141,141) aim=false bf=44 paras=1 text="8.6"
  [0]     p[0] ps_id=41 ctrls=0 text_len=3 ls[0] vpos=0 lh=1200 ls=0
  [0]   셀[39] r=4,c=7 rs=1,cs=1 h=2042 w=4528 pad=(510,510,141,141) aim=false bf=44 paras=1 text="10.9"
  [0]     p[0] ps_id=41 ctrls=0 text_len=4 ls[0] vpos=0 lh=1200 ls=0
  [0]   셀[40] r=4,c=8 rs=1,cs=1 h=2042 w=4528 pad=(510,510,141,141) aim=false bf=44 paras=1 text="13.9"
  [0]     p[0] ps_id=41 ctrls=0 text_len=4 ls[0] vpos=0 lh=1200 ls=0
  [0]   셀[41] r=4,c=9 rs=1,cs=1 h=2042 w=4528 pad=(510,510,141,141) aim=false bf=50 paras=1 text="13.7"
  [0]     p[0] ps_id=41 ctrls=0 text_len=4 ls[0] vpos=0 lh=1200 ls=0
  [0]   셀[42] r=5,c=1 rs=1,cs=1 h=2042 w=4528 pad=(510,510,141,141) aim=false bf=45 paras=1 text="(155.7)"
  [0]     p[0] ps_id=41 ctrls=0 text_len=7 ls[0] vpos=0 lh=1200 ls=0
  [0]   셀[43] r=5,c=2 rs=1,cs=1 h=2042 w=4528 pad=(510,510,141,141) aim=false bf=45 paras=1 text="(150.7)"
  [0]     p[0] ps_id=41 ctrls=0 text_len=7 ls[0] vpos=0 lh=1200 ls=0
  [0]   셀[44] r=5,c=3 rs=1,cs=1 h=2042 w=4528 pad=(510,510,141,141) aim=false bf=45 paras=1 text="(△29.5)"
  [0]     p[0] ps_id=41 ctrls=0 text_len=9 ls[0] vpos=0 lh=1200 ls=0
  [0]   셀[45] r=5,c=4 rs=1,cs=1 h=2042 w=4528 pad=(510,510,141,141) aim=false bf=45 paras=1 text="(△37.3)"
  [0]     p[0] ps_id=41 ctrls=0 text_len=9 ls[0] vpos=0 lh=1200 ls=0
  [0]   셀[46] r=5,c=5 rs=1,cs=1 h=2042 w=4528 pad=(510,510,141,141) aim=false bf=45 paras=1 text="(△42.2)"
  [0]     p[0] ps_id=41 ctrls=0 text_len=9 ls[0] vpos=0 lh=1200 ls=0
  [0]   셀[47] r=5,c=6 rs=1,cs=1 h=2042 w=4528 pad=(510,510,141,141) aim=false bf=45 paras=1 text="(△32.3)"
  [0]     p[0] ps_id=41 ctrls=0 text_len=9 ls[0] vpos=0 lh=1200 ls=0
  [0]   셀[48] r=5,c=7 rs=1,cs=1 h=2042 w=4528 pad=(510,510,141,141) aim=false bf=45 paras=1 text="(160.0)"
  [0]     p[0] ps_id=41 ctrls=0 text_len=7 ls[0] vpos=0 lh=1200 ls=0
  [0]   셀[49] r=5,c=8 rs=1,cs=1 h=2042 w=4528 pad=(510,510,141,141) aim=false bf=45 paras=1 text="(42.0)"
  [0]     p[0] ps_id=41 ctrls=0 text_len=6 ls[0] vpos=0 lh=1200 ls=0
  [0]   셀[50] r=5,c=9 rs=1,cs=1 h=2042 w=4528 pad=(510,510,141,141) aim=false bf=51 paras=1 text="(60.8)"
  [0]     p[0] ps_id=41 ctrls=0 text_len=6 ls[0] vpos=0 lh=1200 ls=0
  [0]   셀[51] r=6,c=0 rs=2,cs=1 h=4084 w=6473 pad=(510,510,141,141) aim=false bf=46 paras=1 text="저지"
  [0]     p[0] ps_id=2 ctrls=1 text_len=6 ls[0] vpos=0 lh=1300 ls=780
  [0]   셀[52] r=6,c=1 rs=1,cs=1 h=2042 w=4528 pad=(510,510,141,141) aim=false bf=44 paras=1 text="13.6"
  [0]     p[0] ps_id=41 ctrls=0 text_len=4 ls[0] vpos=0 lh=1200 ls=0
  [0]   셀[53] r=6,c=2 rs=1,cs=1 h=2042 w=4528 pad=(510,510,141,141) aim=false bf=44 paras=1 text="-0.2"
  [0]     p[0] ps_id=41 ctrls=0 text_len=4 ls[0] vpos=0 lh=1200 ls=0
  [0]   셀[54] r=6,c=3 rs=1,cs=1 h=2042 w=4528 pad=(510,510,141,141) aim=false bf=44 paras=1 text="-1.3"
  [0]     p[0] ps_id=41 ctrls=0 text_len=4 ls[0] vpos=0 lh=1200 ls=0
  [0]   셀[55] r=6,c=4 rs=1,cs=1 h=2042 w=4528 pad=(510,510,141,141) aim=false bf=44 paras=1 text="0.4"
  [0]     p[0] ps_id=41 ctrls=0 text_len=3 ls[0] vpos=0 lh=1200 ls=0
  [0]   셀[56] r=6,c=5 rs=1,cs=1 h=2042 w=4528 pad=(510,510,141,141) aim=false bf=44 paras=1 text="0.1"
  [0]     p[0] ps_id=41 ctrls=0 text_len=3 ls[0] vpos=0 lh=1200 ls=0
  [0]   셀[57] r=6,c=6 rs=1,cs=1 h=2042 w=4528 pad=(510,510,141,141) aim=false bf=44 paras=1 text="1.2"
  [0]     p[0] ps_id=41 ctrls=0 text_len=3 ls[0] vpos=0 lh=1200 ls=0
  [0]   셀[58] r=6,c=7 rs=1,cs=1 h=2042 w=4528 pad=(510,510,141,141) aim=false bf=44 paras=1 text="0.2"
  [0]     p[0] ps_id=41 ctrls=0 text_len=3 ls[0] vpos=0 lh=1200 ls=0
  [0]   셀[59] r=6,c=8 rs=1,cs=1 h=2042 w=4528 pad=(510,510,141,141) aim=false bf=44 paras=1 text="0.6"
  [0]     p[0] ps_id=41 ctrls=0 text_len=3 ls[0] vpos=0 lh=1200 ls=0
  [0]   셀[60] r=6,c=9 rs=1,cs=1 h=2042 w=4528 pad=(510,510,141,141) aim=false bf=50 paras=1 text="9.2"
  [0]     p[0] ps_id=41 ctrls=0 text_len=3 ls[0] vpos=0 lh=1200 ls=0
  [0]   셀[61] r=7,c=1 rs=1,cs=1 h=2042 w=4528 pad=(510,510,141,141) aim=false bf=45 paras=1 text="(12,032.6)"
  [0]     p[0] ps_id=41 ctrls=0 text_len=10 ls[0] vpos=0 lh=1200 ls=0
  [0]   셀[62] r=7,c=2 rs=1,cs=1 h=2042 w=4528 pad=(510,510,141,141) aim=false bf=45 paras=1 text="(440.6)"
  [0]     p[0] ps_id=41 ctrls=0 text_len=7 ls[0] vpos=0 lh=1200 ls=0
  [0]   셀[63] r=7,c=3 rs=1,cs=1 h=2042 w=4528 pad=(510,510,141,141) aim=false bf=45 paras=1 text="(368.9)"
  [0]     p[0] ps_id=41 ctrls=0 text_len=7 ls[0] vpos=0 lh=1200 ls=0
  [0]   셀[64] r=7,c=4 rs=1,cs=1 h=2042 w=4528 pad=(510,510,141,141) aim=false bf=45 paras=1 text="(△5.4)"
  [0]     p[0] ps_id=41 ctrls=0 text_len=8 ls[0] vpos=0 lh=1200 ls=0
  [0]   셀[65] r=7,c=5 rs=1,cs=1 h=2042 w=4528 pad=(510,510,141,141) aim=false bf=45 paras=1 text="(△99.0)"
  [0]     p[0] ps_id=41 ctrls=0 text_len=9 ls[0] vpos=0 lh=1200 ls=0
  [0]   셀[66] r=7,c=6 rs=1,cs=1 h=2042 w=4528 pad=(510,510,141,141) aim=false bf=45 paras=1 text="(△780.8)"
  [0]     p[0] ps_id=41 ctrls=0 text_len=10 ls[0] vpos=0 lh=1200 ls=0
  [0]   셀[67] r=7,c=7 rs=1,cs=1 h=2042 w=4528 pad=(510,510,141,141) aim=false bf=45 paras=1 text="(△112.1)"
  [0]     p[0] ps_id=41 ctrls=0 text_len=10 ls[0] vpos=0 lh=1200 ls=0
  [0]   셀[68] r=7,c=8 rs=1,cs=1 h=2042 w=4528 pad=(510,510,141,141) aim=false bf=45 paras=1 text="(48.1)"
  [0]     p[0] ps_id=41 ctrls=0 text_len=6 ls[0] vpos=0 lh=1200 ls=0
  [0]   셀[69] r=7,c=9 rs=1,cs=1 h=2042 w=4528 pad=(510,510,141,141) aim=false bf=51 paras=1 text="(6,462.7)"
  [0]     p[0] ps_id=41 ctrls=0 text_len=9 ls[0] vpos=0 lh=1200 ls=0
  [0]   셀[70] r=8,c=0 rs=2,cs=1 h=4084 w=6473 pad=(510,510,141,141) aim=false bf=46 paras=1 text="케이맨제도"
  [0]     p[0] ps_id=2 ctrls=1 text_len=15 ls[0] vpos=0 lh=1300 ls=780
  [0]   셀[71] r=8,c=1 rs=1,cs=1 h=2042 w=4528 pad=(510,510,141,141) aim=false bf=44 paras=1 text="13.2"
  [0]     p[0] ps_id=41 ctrls=0 text_len=4 ls[0] vpos=0 lh=1200 ls=0
  [0]   셀[72] r=8,c=2 rs=1,cs=1 h=2042 w=4528 pad=(510,510,141,141) aim=false bf=44 paras=1 text="21.0"
  [0]     p[0] ps_id=41 ctrls=0 text_len=4 ls[0] vpos=0 lh=1200 ls=0
  [0]   셀[73] r=8,c=3 rs=1,cs=1 h=2042 w=4528 pad=(510,510,141,141) aim=false bf=44 paras=1 text="19.5"
  [0]     p[0] ps_id=41 ctrls=0 text_len=4 ls[0] vpos=0 lh=1200 ls=0
  [0]   셀[74] r=8,c=4 rs=1,cs=1 h=2042 w=4528 pad=(510,510,141,141) aim=false bf=44 paras=1 text="10.0"
  [0]     p[0] ps_id=41 ctrls=0 text_len=4 ls[0] vpos=0 lh=1200 ls=0
  [0]   셀[75] r=8,c=5 rs=1,cs=1 h=2042 w=4528 pad=(510,510,141,141) aim=false bf=44 paras=1 text="7.4"
  [0]     p[0] ps_id=41 ctrls=0 text_len=3 ls[0] vpos=0 lh=1200 ls=0
  [0]   셀[76] r=8,c=6 rs=1,cs=1 h=2042 w=4528 pad=(510,510,141,141) aim=false bf=44 paras=1 text="9.5"
  [0]     p[0] ps_id=41 ctrls=0 text_len=3 ls[0] vpos=0 lh=1200 ls=0
  [0]   셀[77] r=8,c=7 rs=1,cs=1 h=2042 w=4528 pad=(510,510,141,141) aim=false bf=44 paras=1 text="10.8"
  [0]     p[0] ps_id=41 ctrls=0 text_len=4 ls[0] vpos=0 lh=1200 ls=0
  [0]   셀[78] r=8,c=8 rs=1,cs=1 h=2042 w=4528 pad=(510,510,141,141) aim=false bf=44 paras=1 text="14.2"
  [0]     p[0] ps_id=41 ctrls=0 text_len=4 ls[0] vpos=0 lh=1200 ls=0
  [0]   셀[79] r=8,c=9 rs=1,cs=1 h=2042 w=4528 pad=(510,510,141,141) aim=false bf=50 paras=1 text="6.4"
  [0]     p[0] ps_id=41 ctrls=0 text_len=3 ls[0] vpos=0 lh=1200 ls=0
  [0]   셀[80] r=9,c=1 rs=1,cs=1 h=2042 w=4528 pad=(510,510,141,141) aim=false bf=45 paras=1 text="(422.6)"
  [0]     p[0] ps_id=41 ctrls=0 text_len=7 ls[0] vpos=0 lh=1200 ls=0
  [0]   셀[81] r=9,c=2 rs=1,cs=1 h=2042 w=4528 pad=(510,510,141,141) aim=false bf=45 paras=1 text="(61.7)"
  [0]     p[0] ps_id=41 ctrls=0 text_len=6 ls[0] vpos=0 lh=1200 ls=0
  [0]   셀[82] r=9,c=3 rs=1,cs=1 h=2042 w=4528 pad=(510,510,141,141) aim=false bf=45 paras=1 text="(29.6)"
  [0]     p[0] ps_id=41 ctrls=0 text_len=6 ls[0] vpos=0 lh=1200 ls=0
  [0]   셀[83] r=9,c=4 rs=1,cs=1 h=2042 w=4528 pad=(510,510,141,141) aim=false bf=45 paras=1 text="(△79.3)"
  [0]     p[0] ps_id=41 ctrls=0 text_len=9 ls[0] vpos=0 lh=1200 ls=0
  [0]   셀[84] r=9,c=5 rs=1,cs=1 h=2042 w=4528 pad=(510,510,141,141) aim=false bf=45 paras=1 text="(△43.8)"
  [0]     p[0] ps_id=41 ctrls=0 text_len=9 ls[0] vpos=0 lh=1200 ls=0
  [0]   셀[85] r=9,c=6 rs=1,cs=1 h=2042 w=4528 pad=(510,510,141,141) aim=false bf=45 paras=1 text="(△54.7)"
  [0]     p[0] ps_id=41 ctrls=0 text_len=9 ls[0] vpos=0 lh=1200 ls=0
  [0]   셀[86] r=9,c=7 rs=1,cs=1 h=2042 w=4528 pad=(510,510,141,141) aim=false bf=45 paras=1 text="(△44.7)"
  [0]     p[0] ps_id=41 ctrls=0 text_len=9 ls[0] vpos=0 lh=1200 ls=0
  [0]   셀[87] r=9,c=8 rs=1,cs=1 h=2042 w=4528 pad=(510,510,141,141) aim=false bf=45 paras=1 text="(41.9)"
  [0]     p[0] ps_id=41 ctrls=0 text_len=6 ls[0] vpos=0 lh=1200 ls=0
  [0]   셀[88] r=9,c=9 rs=1,cs=1 h=2042 w=4528 pad=(510,510,141,141) aim=false bf=51 paras=1 text="(△14.1)"
  [0]     p[0] ps_id=41 ctrls=0 text_len=9 ls[0] vpos=0 lh=1200 ls=0
  [0]   셀[89] r=10,c=0 rs=2,cs=1 h=4084 w=6473 pad=(510,510,141,141) aim=false bf=43 paras=1 text="캐나다"
  [0]     p[0] ps_id=2 ctrls=1 text_len=9 ls[0] vpos=0 lh=1300 ls=780
  [0]   셀[90] r=10,c=1 rs=1,cs=1 h=2042 w=4528 pad=(510,510,141,141) aim=false bf=44 paras=1 text="6.4"
  [0]     p[0] ps_id=41 ctrls=0 text_len=3 ls[0] vpos=0 lh=1200 ls=0
  [0]   셀[91] r=10,c=2 rs=1,cs=1 h=2042 w=4528 pad=(510,510,141,141) aim=false bf=44 paras=1 text="9.0"
  [0]     p[0] ps_id=41 ctrls=0 text_len=3 ls[0] vpos=0 lh=1200 ls=0
  [0]   셀[92] r=10,c=3 rs=1,cs=1 h=2042 w=4528 pad=(510,510,141,141) aim=false bf=44 paras=1 text="1.2"
  [0]     p[0] ps_id=41 ctrls=0 text_len=3 ls[0] vpos=0 lh=1200 ls=0
  [0]   셀[93] r=10,c=4 rs=1,cs=1 h=2042 w=4528 pad=(510,510,141,141) aim=false bf=44 paras=1 text="6.3"
  [0]     p[0] ps_id=41 ctrls=0 text_len=3 ls[0] vpos=0 lh=1200 ls=0
  [0]   셀[94] r=10,c=5 rs=1,cs=1 h=2042 w=4528 pad=(510,510,141,141) aim=false bf=44 paras=1 text="10.4"
  [0]     p[0] ps_id=41 ctrls=0 text_len=4 ls[0] vpos=0 lh=1200 ls=0
  [0]   셀[95] r=10,c=6 rs=1,cs=1 h=2042 w=4528 pad=(510,510,141,141) aim=false bf=44 paras=1 text="12.0"
  [0]     p[0] ps_id=41 ctrls=0 text_len=4 ls[0] vpos=0 lh=1200 ls=0
  [0]   셀[96] r=10,c=7 rs=1,cs=1 h=2042 w=4528 pad=(510,510,141,141) aim=false bf=44 paras=1 text="9.1"
  [0]     p[0] ps_id=41 ctrls=0 text_len=3 ls[0] vpos=0 lh=1200 ls=0
  [0]   셀[97] r=10,c=8 rs=1,cs=1 h=2042 w=4528 pad=(510,510,141,141) aim=false bf=44 paras=1 text="3.1"
  [0]     p[0] ps_id=41 ctrls=0 text_len=3 ls[0] vpos=0 lh=1200 ls=0
  [0]   셀[98] r=10,c=9 rs=1,cs=1 h=2042 w=4528 pad=(510,510,141,141) aim=false bf=50 paras=1 text="6.0"
  [0]     p[0] ps_id=41 ctrls=0 text_len=3 ls[0] vpos=0 lh=1200 ls=0
  [0]   셀[99] r=11,c=1 rs=1,cs=1 h=2042 w=4528 pad=(510,510,141,141) aim=false bf=23 paras=1 text="(163.9)"
  [0]     p[0] ps_id=41 ctrls=0 text_len=7 ls[0] vpos=0 lh=1200 ls=0
  [0]   셀[100] r=11,c=2 rs=1,cs=1 h=2042 w=4528 pad=(510,510,141,141) aim=false bf=23 paras=1 text="(△5.0)"
  [0]     p[0] ps_id=41 ctrls=0 text_len=8 ls[0] vpos=0 lh=1200 ls=0
  [0]   셀[101] r=11,c=3 rs=1,cs=1 h=2042 w=4528 pad=(510,510,141,141) aim=false bf=23 paras=1 text="(△72.3)"
  [0]     p[0] ps_id=41 ctrls=0 text_len=9 ls[0] vpos=0 lh=1200 ls=0
  [0]   셀[102] r=11,c=4 rs=1,cs=1 h=2042 w=4528 pad=(510,510,141,141) aim=false bf=23 paras=1 text="(23.6)"
  [0]     p[0] ps_id=41 ctrls=0 text_len=6 ls[0] vpos=0 lh=1200 ls=0
  [0]   셀[103] r=11,c=5 rs=1,cs=1 h=2042 w=4528 pad=(510,510,141,141) aim=false bf=23 paras=1 text="(61.8)"
  [0]     p[0] ps_id=41 ctrls=0 text_len=6 ls[0] vpos=0 lh=1200 ls=0
  [0]   셀[104] r=11,c=6 rs=1,cs=1 h=2042 w=4528 pad=(510,510,141,141) aim=false bf=23 paras=1 text="(33.1)"
  [0]     p[0] ps_id=41 ctrls=0 text_len=6 ls[0] vpos=0 lh=1200 ls=0
  [0]   셀[105] r=11,c=7 rs=1,cs=1 h=2042 w=4528 pad=(510,510,141,141) aim=false bf=23 paras=1 text="(627.5)"
  [0]     p[0] ps_id=41 ctrls=0 text_len=7 ls[0] vpos=0 lh=1200 ls=0
  [0]   셀[106] r=11,c=8 rs=1,cs=1 h=2042 w=4528 pad=(510,510,141,141) aim=false bf=23 paras=1 text="(△51.6)"
  [0]     p[0] ps_id=41 ctrls=0 text_len=9 ls[0] vpos=0 lh=1200 ls=0
  [0]   셀[107] r=11,c=9 rs=1,cs=1 h=2042 w=4528 pad=(510,510,141,141) aim=false bf=35 paras=1 text="(△42.7)"
  [0]     p[0] ps_id=41 ctrls=0 text_len=9 ls[0] vpos=0 lh=1200 ls=0

--- 문단 0.82 --- cc=9, text_len=8, controls=0 [쪽나누기]
  텍스트: "□ 지역별 동향"
  [CS] pos=0 id=59 bold=false spacing=0% ratio=100% char="□"
  [CS] pos=2 id=57 bold=false spacing=0% ratio=100% char="지"
  [PS] ps_id=48 align=Justify spacing: before=0 after=0 line=110/Percent
       margins: left=0 right=0 indent=0 border_fill_id=2
       border_spacing: left=0 right=0 top=0 bottom=0
       tab_def_id=0 auto_left=false auto_right=false tabs=[(없음)]
  ls[0]: ts=0, vpos=349559, lh=1500, th=1500, bl=1275, ls=152, cs=0, sw=48188, tag=0x00060000

--- 문단 0.83 --- cc=1, text_len=0, controls=0 
  텍스트: (빈 문단)
  [PS] ps_id=48 align=Justify spacing: before=0 after=0 line=110/Percent
       margins: left=0 right=0 indent=0 border_fill_id=2
       border_spacing: left=0 right=0 top=0 bottom=0
       tab_def_id=0 auto_left=false auto_right=false tabs=[(없음)]
  ls[0]: ts=0, vpos=351211, lh=800, th=800, bl=680, ls=80, cs=0, sw=48188, tag=0x00060000

--- 문단 0.84 --- cc=9, text_len=0, controls=1 
  텍스트: (빈 문단)
  [CS] pos=8 id=64 bold=false spacing=0% ratio=100% char=""
  [PS] ps_id=48 align=Justify spacing: before=0 after=0 line=110/Percent
       margins: left=0 right=0 indent=0 border_fill_id=2
       border_spacing: left=0 right=0 top=0 bottom=0
       tab_def_id=0 auto_left=false auto_right=false tabs=[(없음)]
  ls[0]: ts=0, vpos=352091, lh=27143, th=27143, bl=23072, ls=120, cs=0, sw=48188, tag=0x00060000
  [0] 표: 16행×10열, 셀=146, 쪽나눔=None (attr=0x00000000), padding=(283,283,138,138), cs=0
  [0]   [common] treat_as_char=true, wrap=위아래, vert=문단(0=0.0mm), horz=문단(0=0.0mm)
  [0]   [common] size=47225×26867(166.6×94.8mm), valign=Top, halign=Left
  [0]   [outer_margin] left=0.5mm(138) right=0.5mm(138) top=0.5mm(138) bottom=0.5mm(138)
  [0]   셀[0] r=0,c=0 rs=2,cs=1 h=3848 w=6473 pad=(510,510,141,141) aim=false bf=14 paras=1 text="구 분"
  [0]     p[0] ps_id=2 ctrls=0 text_len=7 ls[0] vpos=0 lh=1300 ls=780
  [0]   셀[1] r=0,c=1 rs=1,cs=4 h=1924 w=18112 pad=(510,510,141,141) aim=false bf=41 paras=1 text="2022년"
  [0]     p[0] ps_id=16 ctrls=0 text_len=7 ls[0] vpos=0 lh=1200 ls=720
  [0]   셀[2] r=0,c=5 rs=1,cs=4 h=1924 w=18112 pad=(510,510,141,141) aim=false bf=41 paras=1 text="2023년"
  [0]     p[0] ps_id=16 ctrls=0 text_len=7 ls[0] vpos=0 lh=1200 ls=720
  [0]   셀[3] r=0,c=9 rs=1,cs=1 h=1924 w=4528 pad=(510,510,141,141) aim=false bf=42 paras=1 text="2024년"
  [0]     p[0] ps_id=16 ctrls=0 text_len=7 ls[0] vpos=0 lh=1200 ls=720
  [0]   셀[4] r=1,c=1 rs=1,cs=1 h=1924 w=4528 pad=(510,510,141,141) aim=false bf=40 paras=1 text="1분기"
  [0]     p[0] ps_id=16 ctrls=0 text_len=7 ls[0] vpos=0 lh=1200 ls=720
  [0]   셀[5] r=1,c=2 rs=1,cs=1 h=1924 w=4528 pad=(510,510,141,141) aim=false bf=40 paras=1 text="2분기"
  [0]     p[0] ps_id=16 ctrls=1 text_len=7 ls[0] vpos=0 lh=1200 ls=720
  [0]   셀[6] r=1,c=3 rs=1,cs=1 h=1924 w=4528 pad=(510,510,141,141) aim=false bf=40 paras=1 text="3분기"
  [0]     p[0] ps_id=16 ctrls=1 text_len=7 ls[0] vpos=0 lh=1200 ls=720
  [0]   셀[7] r=1,c=4 rs=1,cs=1 h=1924 w=4528 pad=(510,510,141,141) aim=false bf=40 paras=1 text="4분기"
  [0]     p[0] ps_id=16 ctrls=1 text_len=7 ls[0] vpos=0 lh=1200 ls=720
  [0]   셀[8] r=1,c=5 rs=1,cs=1 h=1924 w=4528 pad=(510,510,141,141) aim=false bf=40 paras=1 text="1분기"
  [0]     p[0] ps_id=16 ctrls=0 text_len=7 ls[0] vpos=0 lh=1200 ls=720
  [0]   셀[9] r=1,c=6 rs=1,cs=1 h=1924 w=4528 pad=(510,510,141,141) aim=false bf=40 paras=1 text="2분기"
  [0]     p[0] ps_id=16 ctrls=1 text_len=7 ls[0] vpos=0 lh=1200 ls=720
  [0]   셀[10] r=1,c=7 rs=1,cs=1 h=1924 w=4528 pad=(510,510,141,141) aim=false bf=40 paras=1 text="3분기"
  [0]     p[0] ps_id=16 ctrls=1 text_len=7 ls[0] vpos=0 lh=1200 ls=720
  [0]   셀[11] r=1,c=8 rs=1,cs=1 h=1924 w=4528 pad=(510,510,141,141) aim=false bf=40 paras=1 text="4분기"
  [0]     p[0] ps_id=16 ctrls=1 text_len=7 ls[0] vpos=0 lh=1200 ls=720
  [0]   셀[12] r=1,c=9 rs=1,cs=1 h=1924 w=4528 pad=(510,510,141,141) aim=false bf=49 paras=1 text="1분기"
  [0]     p[0] ps_id=16 ctrls=0 text_len=7 ls[0] vpos=0 lh=1200 ls=720
  [0]   셀[13] r=2,c=0 rs=2,cs=1 h=3373 w=6473 pad=(510,510,141,141) aim=false bf=52 paras=1 text="북미"
  [0]     p[0] ps_id=2 ctrls=1 text_len=6 ls[0] vpos=0 lh=1300 ls=780
  [0]   셀[14] r=2,c=1 rs=1,cs=1 h=1573 w=4528 pad=(510,510,141,141) aim=false bf=53 paras=1 text="80.7"
  [0]     p[0] ps_id=41 ctrls=0 text_len=4 ls[0] vpos=0 lh=1200 ls=0
  [0]   셀[15] r=2,c=2 rs=1,cs=1 h=1573 w=4528 pad=(510,510,141,141) aim=false bf=53 paras=1 text="73.9"
  [0]     p[0] ps_id=41 ctrls=0 text_len=4 ls[0] vpos=0 lh=1200 ls=0
  [0]   셀[16] r=2,c=3 rs=1,cs=1 h=1573 w=4528 pad=(510,510,141,141) aim=false bf=53 paras=1 text="67.7"
  [0]     p[0] ps_id=41 ctrls=0 text_len=4 ls[0] vpos=0 lh=1200 ls=0
  [0]   셀[17] r=2,c=4 rs=1,cs=1 h=1573 w=4528 pad=(510,510,141,141) aim=false bf=53 paras=1 text="49.6"
  [0]     p[0] ps_id=41 ctrls=0 text_len=4 ls[0] vpos=0 lh=1200 ls=0
  [0]   셀[18] r=2,c=5 rs=1,cs=1 h=1573 w=4528 pad=(510,510,141,141) aim=false bf=53 paras=1 text="86.0"
  [0]     p[0] ps_id=41 ctrls=0 text_len=4 ls[0] vpos=0 lh=1200 ls=0
  [0]   셀[19] r=2,c=6 rs=1,cs=1 h=1573 w=4528 pad=(510,510,141,141) aim=false bf=53 paras=1 text="70.3"
  [0]     p[0] ps_id=41 ctrls=0 text_len=4 ls[0] vpos=0 lh=1200 ls=0
  [0]   셀[20] r=2,c=7 rs=1,cs=1 h=1573 w=4528 pad=(510,510,141,141) aim=false bf=53 paras=1 text="71.6"
  [0]     p[0] ps_id=41 ctrls=0 text_len=4 ls[0] vpos=0 lh=1200 ls=0
  [0]   셀[21] r=2,c=8 rs=1,cs=1 h=1573 w=4528 pad=(510,510,141,141) aim=false bf=53 paras=1 text="56.3"
  [0]     p[0] ps_id=41 ctrls=0 text_len=4 ls[0] vpos=0 lh=1200 ls=0
  [0]   셀[22] r=2,c=9 rs=1,cs=1 h=1573 w=4528 pad=(510,510,141,141) aim=false bf=54 paras=1 text="61.1"
  [0]     p[0] ps_id=41 ctrls=0 text_len=4 ls[0] vpos=0 lh=1200 ls=0
  [0]   셀[23] r=3,c=1 rs=1,cs=1 h=1800 w=4528 pad=(510,510,141,141) aim=false bf=45 paras=1 text="(131.6)"
  [0]     p[0] ps_id=41 ctrls=0 text_len=7 ls[0] vpos=0 lh=1200 ls=0
  [0]   셀[24] r=3,c=2 rs=1,cs=1 h=1800 w=4528 pad=(510,510,141,141) aim=false bf=45 paras=1 text="(16.7)"
  [0]     p[0] ps_id=41 ctrls=0 text_len=6 ls[0] vpos=0 lh=1200 ls=0
  [0]   셀[25] r=3,c=3 rs=1,cs=1 h=1800 w=4528 pad=(510,510,141,141) aim=false bf=45 paras=1 text="(5.6)"
  [0]     p[0] ps_id=41 ctrls=0 text_len=5 ls[0] vpos=0 lh=1200 ls=0
  [0]   셀[26] r=3,c=4 rs=1,cs=1 h=1800 w=4528 pad=(510,510,141,141) aim=false bf=45 paras=1 text="(△47.2)"
  [0]     p[0] ps_id=41 ctrls=0 text_len=9 ls[0] vpos=0 lh=1200 ls=0
  [0]   셀[27] r=3,c=5 rs=1,cs=1 h=1800 w=4528 pad=(510,510,141,141) aim=false bf=45 paras=1 text="(6.5)"
  [0]     p[0] ps_id=41 ctrls=0 text_len=5 ls[0] vpos=0 lh=1200 ls=0
  [0]   셀[28] r=3,c=6 rs=1,cs=1 h=1800 w=4528 pad=(510,510,141,141) aim=false bf=45 paras=1 text="(△4.8)"
  [0]     p[0] ps_id=41 ctrls=0 text_len=8 ls[0] vpos=0 lh=1200 ls=0
  [0]   셀[29] r=3,c=7 rs=1,cs=1 h=1800 w=4528 pad=(510,510,141,141) aim=false bf=45 paras=1 text="(5.8)"
  [0]     p[0] ps_id=41 ctrls=0 text_len=5 ls[0] vpos=0 lh=1200 ls=0
  [0]   셀[30] r=3,c=8 rs=1,cs=1 h=1800 w=4528 pad=(510,510,141,141) aim=false bf=45 paras=1 text="(13.6)"
  [0]     p[0] ps_id=41 ctrls=0 text_len=6 ls[0] vpos=0 lh=1200 ls=0
  [0]   셀[31] r=3,c=9 rs=1,cs=1 h=1800 w=4528 pad=(510,510,141,141) aim=false bf=51 paras=1 text="(△28.9)"
  [0]     p[0] ps_id=41 ctrls=0 text_len=9 ls[0] vpos=0 lh=1200 ls=0
  [0]   셀[32] r=4,c=0 rs=2,cs=1 h=3282 w=6473 pad=(510,510,141,141) aim=false bf=46 paras=1 text="유럽"
  [0]     p[0] ps_id=2 ctrls=1 text_len=6 ls[0] vpos=0 lh=1300 ls=780
  [0]   셀[33] r=4,c=1 rs=1,cs=1 h=1641 w=4528 pad=(510,510,141,141) aim=false bf=44 paras=1 text="55.2"
  [0]     p[0] ps_id=41 ctrls=0 text_len=4 ls[0] vpos=0 lh=1200 ls=0
  [0]   셀[34] r=4,c=2 rs=1,cs=1 h=1641 w=4528 pad=(510,510,141,141) aim=false bf=44 paras=1 text="24.3"
  [0]     p[0] ps_id=41 ctrls=0 text_len=4 ls[0] vpos=0 lh=1200 ls=0
  [0]   셀[35] r=4,c=3 rs=1,cs=1 h=1641 w=4528 pad=(510,510,141,141) aim=false bf=44 paras=1 text="24.4"
  [0]     p[0] ps_id=41 ctrls=0 text_len=4 ls[0] vpos=0 lh=1200 ls=0
  [0]   셀[36] r=4,c=4 rs=1,cs=1 h=1641 w=4528 pad=(510,510,141,141) aim=false bf=44 paras=1 text="16.6"
  [0]     p[0] ps_id=41 ctrls=0 text_len=4 ls[0] vpos=0 lh=1200 ls=0
  [0]   셀[37] r=4,c=5 rs=1,cs=1 h=1641 w=4528 pad=(510,510,141,141) aim=false bf=44 paras=1 text="16.5"
  [0]     p[0] ps_id=41 ctrls=0 text_len=4 ls[0] vpos=0 lh=1200 ls=0
  [0]   셀[38] r=4,c=6 rs=1,cs=1 h=1641 w=4528 pad=(510,510,141,141) aim=false bf=44 paras=1 text="16.9"
  [0]     p[0] ps_id=41 ctrls=0 text_len=4 ls[0] vpos=0 lh=1200 ls=0
  [0]   셀[39] r=4,c=7 rs=1,cs=1 h=1641 w=4528 pad=(510,510,141,141) aim=false bf=44 paras=1 text="24.8"
  [0]     p[0] ps_id=41 ctrls=0 text_len=4 ls[0] vpos=0 lh=1200 ls=0
  [0]   셀[40] r=4,c=8 rs=1,cs=1 h=1641 w=4528 pad=(510,510,141,141) aim=false bf=44 paras=1 text="27.7"
  [0]     p[0] ps_id=41 ctrls=0 text_len=4 ls[0] vpos=0 lh=1200 ls=0
  [0]   셀[41] r=4,c=9 rs=1,cs=1 h=1641 w=4528 pad=(510,510,141,141) aim=false bf=50 paras=1 text="32.7"
  [0]     p[0] ps_id=41 ctrls=0 text_len=4 ls[0] vpos=0 lh=1200 ls=0
  [0]   셀[42] r=5,c=1 rs=1,cs=1 h=1641 w=4528 pad=(510,510,141,141) aim=false bf=45 paras=1 text="(276.4)"
  [0]     p[0] ps_id=41 ctrls=0 text_len=7 ls[0] vpos=0 lh=1200 ls=0
  [0]   셀[43] r=5,c=2 rs=1,cs=1 h=1641 w=4528 pad=(510,510,141,141) aim=false bf=45 paras=1 text="(63.1)"
  [0]     p[0] ps_id=41 ctrls=0 text_len=6 ls[0] vpos=0 lh=1200 ls=0
  [0]   셀[44] r=5,c=3 rs=1,cs=1 h=1641 w=4528 pad=(510,510,141,141) aim=false bf=45 paras=1 text="(61.1)"
  [0]     p[0] ps_id=41 ctrls=0 text_len=6 ls[0] vpos=0 lh=1200 ls=0
  [0]   셀[45] r=5,c=4 rs=1,cs=1 h=1641 w=4528 pad=(510,510,141,141) aim=false bf=45 paras=1 text="(△67.8)"
  [0]     p[0] ps_id=41 ctrls=0 text_len=9 ls[0] vpos=0 lh=1200 ls=0
  [0]   셀[46] r=5,c=5 rs=1,cs=1 h=1641 w=4528 pad=(510,510,141,141) aim=false bf=45 paras=1 text="(△70.1)"
  [0]     p[0] ps_id=41 ctrls=0 text_len=9 ls[0] vpos=0 lh=1200 ls=0
  [0]   셀[47] r=5,c=6 rs=1,cs=1 h=1641 w=4528 pad=(510,510,141,141) aim=false bf=45 paras=1 text="(△30.5)"
  [0]     p[0] ps_id=41 ctrls=0 text_len=9 ls[0] vpos=0 lh=1200 ls=0
  [0]   셀[48] r=5,c=7 rs=1,cs=1 h=1641 w=4528 pad=(510,510,141,141) aim=false bf=45 paras=1 text="(1.8)"
  [0]     p[0] ps_id=41 ctrls=0 text_len=5 ls[0] vpos=0 lh=1200 ls=0
  [0]   셀[49] r=5,c=8 rs=1,cs=1 h=1641 w=4528 pad=(510,510,141,141) aim=false bf=45 paras=1 text="(67.0)"
  [0]     p[0] ps_id=41 ctrls=0 text_len=6 ls[0] vpos=0 lh=1200 ls=0
  [0]   셀[50] r=5,c=9 rs=1,cs=1 h=1641 w=4528 pad=(510,510,141,141) aim=false bf=51 paras=1 text="(98.2)"
  [0]     p[0] ps_id=41 ctrls=0 text_len=6 ls[0] vpos=0 lh=1200 ls=0
  [0]   셀[51] r=6,c=0 rs=2,cs=1 h=3282 w=6473 pad=(510,510,141,141) aim=false bf=46 paras=1 text="아시아"
  [0]     p[0] ps_id=2 ctrls=0 text_len=9 ls[0] vpos=0 lh=1300 ls=780
  [0]   셀[52] r=6,c=1 rs=1,cs=1 h=1641 w=4528 pad=(510,510,141,141) aim=false bf=44 paras=1 text="82.0"
  [0]     p[0] ps_id=41 ctrls=0 text_len=4 ls[0] vpos=0 lh=1200 ls=0
  [0]   셀[53] r=6,c=2 rs=1,cs=1 h=1641 w=4528 pad=(510,510,141,141) aim=false bf=44 paras=1 text="28.1"
  [0]     p[0] ps_id=41 ctrls=0 text_len=4 ls[0] vpos=0 lh=1200 ls=0
  [0]   셀[54] r=6,c=3 rs=1,cs=1 h=1641 w=4528 pad=(510,510,141,141) aim=false bf=44 paras=1 text="27.8"
  [0]     p[0] ps_id=41 ctrls=0 text_len=4 ls[0] vpos=0 lh=1200 ls=0
  [0]   셀[55] r=6,c=4 rs=1,cs=1 h=1641 w=4528 pad=(510,510,141,141) aim=false bf=44 paras=1 text="25.0"
  [0]     p[0] ps_id=41 ctrls=0 text_len=4 ls[0] vpos=0 lh=1200 ls=0
  [0]   셀[56] r=6,c=5 rs=1,cs=1 h=1641 w=4528 pad=(510,510,141,141) aim=false bf=44 paras=1 text="14.5"
  [0]     p[0] ps_id=41 ctrls=0 text_len=4 ls[0] vpos=0 lh=1200 ls=0
  [0]   셀[57] r=6,c=6 rs=1,cs=1 h=1641 w=4528 pad=(510,510,141,141) aim=false bf=44 paras=1 text="24.1"
  [0]     p[0] ps_id=41 ctrls=0 text_len=4 ls[0] vpos=0 lh=1200 ls=0
  [0]   셀[58] r=6,c=7 rs=1,cs=1 h=1641 w=4528 pad=(510,510,141,141) aim=false bf=44 paras=1 text="15.8"
  [0]     p[0] ps_id=41 ctrls=0 text_len=4 ls[0] vpos=0 lh=1200 ls=0
  [0]   셀[59] r=6,c=8 rs=1,cs=1 h=1641 w=4528 pad=(510,510,141,141) aim=false bf=44 paras=1 text="19.8"
  [0]     p[0] ps_id=41 ctrls=0 text_len=4 ls[0] vpos=0 lh=1200 ls=0
  [0]   셀[60] r=6,c=9 rs=1,cs=1 h=1641 w=4528 pad=(510,510,141,141) aim=false bf=50 paras=1 text="17.0"
  [0]     p[0] ps_id=41 ctrls=0 text_len=4 ls[0] vpos=0 lh=1200 ls=0
  [0]   셀[61] r=7,c=1 rs=1,cs=1 h=1641 w=4528 pad=(510,510,141,141) aim=false bf=45 paras=1 text="(517.9)"
  [0]     p[0] ps_id=41 ctrls=0 text_len=7 ls[0] vpos=0 lh=1200 ls=0
  [0]   셀[62] r=7,c=2 rs=1,cs=1 h=1641 w=4528 pad=(510,510,141,141) aim=false bf=45 paras=1 text="(35.6)"
  [0]     p[0] ps_id=41 ctrls=0 text_len=6 ls[0] vpos=0 lh=1200 ls=0
  [0]   셀[63] r=7,c=3 rs=1,cs=1 h=1641 w=4528 pad=(510,510,141,141) aim=false bf=45 paras=1 text="(△5.0)"
  [0]     p[0] ps_id=41 ctrls=0 text_len=8 ls[0] vpos=0 lh=1200 ls=0
  [0]   셀[64] r=7,c=4 rs=1,cs=1 h=1641 w=4528 pad=(510,510,141,141) aim=false bf=45 paras=1 text="(△61.6)"
  [0]     p[0] ps_id=41 ctrls=0 text_len=9 ls[0] vpos=0 lh=1200 ls=0
  [0]   셀[65] r=7,c=5 rs=1,cs=1 h=1641 w=4528 pad=(510,510,141,141) aim=false bf=45 paras=1 text="(△82.3)"
  [0]     p[0] ps_id=41 ctrls=0 text_len=9 ls[0] vpos=0 lh=1200 ls=0
  [0]   셀[66] r=7,c=6 rs=1,cs=1 h=1641 w=4528 pad=(510,510,141,141) aim=false bf=45 paras=1 text="(△14.0)"
  [0]     p[0] ps_id=41 ctrls=0 text_len=9 ls[0] vpos=0 lh=1200 ls=0
  [0]   셀[67] r=7,c=7 rs=1,cs=1 h=1641 w=4528 pad=(510,510,141,141) aim=false bf=45 paras=1 text="(△43.0)"
  [0]     p[0] ps_id=41 ctrls=0 text_len=9 ls[0] vpos=0 lh=1200 ls=0
  [0]   셀[68] r=7,c=8 rs=1,cs=1 h=1641 w=4528 pad=(510,510,141,141) aim=false bf=45 paras=1 text="(△20.8)"
  [0]     p[0] ps_id=41 ctrls=0 text_len=9 ls[0] vpos=0 lh=1200 ls=0
  [0]   셀[69] r=7,c=9 rs=1,cs=1 h=1641 w=4528 pad=(510,510,141,141) aim=false bf=51 paras=1 text="(17.0)"
  [0]     p[0] ps_id=41 ctrls=0 text_len=6 ls[0] vpos=0 lh=1200 ls=0
  [0]   셀[70] r=8,c=0 rs=2,cs=1 h=3282 w=6473 pad=(510,510,141,141) aim=false bf=46 paras=1 text="중남미"
  [0]     p[0] ps_id=2 ctrls=1 text_len=9 ls[0] vpos=0 lh=1300 ls=780
  [0]   셀[71] r=8,c=1 rs=1,cs=1 h=1641 w=4528 pad=(510,510,141,141) aim=false bf=44 paras=1 text="17.8"
  [0]     p[0] ps_id=41 ctrls=0 text_len=4 ls[0] vpos=0 lh=1200 ls=0
  [0]   셀[72] r=8,c=2 rs=1,cs=1 h=1641 w=4528 pad=(510,510,141,141) aim=false bf=44 paras=1 text="27.1"
  [0]     p[0] ps_id=41 ctrls=0 text_len=4 ls[0] vpos=0 lh=1200 ls=0
  [0]   셀[73] r=8,c=3 rs=1,cs=1 h=1641 w=4528 pad=(510,510,141,141) aim=false bf=44 paras=1 text="20.5"
  [0]     p[0] ps_id=41 ctrls=0 text_len=4 ls[0] vpos=0 lh=1200 ls=0
  [0]   셀[74] r=8,c=4 rs=1,cs=1 h=1641 w=4528 pad=(510,510,141,141) aim=false bf=44 paras=1 text="13.8"
  [0]     p[0] ps_id=41 ctrls=0 text_len=4 ls[0] vpos=0 lh=1200 ls=0
  [0]   셀[75] r=8,c=5 rs=1,cs=1 h=1641 w=4528 pad=(510,510,141,141) aim=false bf=44 paras=1 text="22.8"
  [0]     p[0] ps_id=41 ctrls=0 text_len=4 ls[0] vpos=0 lh=1200 ls=0
  [0]   셀[76] r=8,c=6 rs=1,cs=1 h=1641 w=4528 pad=(510,510,141,141) aim=false bf=44 paras=1 text="14.6"
  [0]     p[0] ps_id=41 ctrls=0 text_len=4 ls[0] vpos=0 lh=1200 ls=0
  [0]   셀[77] r=8,c=7 rs=1,cs=1 h=1641 w=4528 pad=(510,510,141,141) aim=false bf=44 paras=1 text="14.6"
  [0]     p[0] ps_id=41 ctrls=0 text_len=4 ls[0] vpos=0 lh=1200 ls=0
  [0]   셀[78] r=8,c=8 rs=1,cs=1 h=1641 w=4528 pad=(510,510,141,141) aim=false bf=44 paras=1 text="14.3"
  [0]     p[0] ps_id=41 ctrls=0 text_len=4 ls[0] vpos=0 lh=1200 ls=0
  [0]   셀[79] r=8,c=9 rs=1,cs=1 h=1641 w=4528 pad=(510,510,141,141) aim=false bf=50 paras=1 text="12.0"
  [0]     p[0] ps_id=41 ctrls=0 text_len=4 ls[0] vpos=0 lh=1200 ls=0
  [0]   셀[80] r=9,c=1 rs=1,cs=1 h=1641 w=4528 pad=(510,510,141,141) aim=false bf=45 paras=1 text="(253.1)"
  [0]     p[0] ps_id=41 ctrls=0 text_len=7 ls[0] vpos=0 lh=1200 ls=0
  [0]   셀[81] r=9,c=2 rs=1,cs=1 h=1641 w=4528 pad=(510,510,141,141) aim=false bf=45 paras=1 text="(48.5)"
  [0]     p[0] ps_id=41 ctrls=0 text_len=6 ls[0] vpos=0 lh=1200 ls=0
  [0]   셀[82] r=9,c=3 rs=1,cs=1 h=1641 w=4528 pad=(510,510,141,141) aim=false bf=45 paras=1 text="(19.9)"
  [0]     p[0] ps_id=41 ctrls=0 text_len=6 ls[0] vpos=0 lh=1200 ls=0
  [0]   셀[83] r=9,c=4 rs=1,cs=1 h=1641 w=4528 pad=(510,510,141,141) aim=false bf=45 paras=1 text="(△74.8)"
  [0]     p[0] ps_id=41 ctrls=0 text_len=9 ls[0] vpos=0 lh=1200 ls=0
  [0]   셀[84] r=9,c=5 rs=1,cs=1 h=1641 w=4528 pad=(510,510,141,141) aim=false bf=45 paras=1 text="(28.3)"
  [0]     p[0] ps_id=41 ctrls=0 text_len=6 ls[0] vpos=0 lh=1200 ls=0
  [0]   셀[85] r=9,c=6 rs=1,cs=1 h=1641 w=4528 pad=(510,510,141,141) aim=false bf=45 paras=1 text="(△46.3)"
  [0]     p[0] ps_id=41 ctrls=0 text_len=9 ls[0] vpos=0 lh=1200 ls=0
  [0]   셀[86] r=9,c=7 rs=1,cs=1 h=1641 w=4528 pad=(510,510,141,141) aim=false bf=45 paras=1 text="(△28.6)"
  [0]     p[0] ps_id=41 ctrls=0 text_len=9 ls[0] vpos=0 lh=1200 ls=0
  [0]   셀[87] r=9,c=8 rs=1,cs=1 h=1641 w=4528 pad=(510,510,141,141) aim=false bf=45 paras=1 text="(3.6)"
  [0]     p[0] ps_id=41 ctrls=0 text_len=5 ls[0] vpos=0 lh=1200 ls=0
  [0]   셀[88] r=9,c=9 rs=1,cs=1 h=1641 w=4528 pad=(510,510,141,141) aim=false bf=51 paras=1 text="(△47.2)"
  [0]     p[0] ps_id=41 ctrls=0 text_len=9 ls[0] vpos=0 lh=1200 ls=0
  [0]   셀[89] r=10,c=0 rs=2,cs=1 h=3282 w=6473 pad=(510,510,141,141) aim=false bf=46 paras=1 text="아프리카"
  [0]     p[0] ps_id=2 ctrls=1 text_len=12 ls[0] vpos=0 lh=1300 ls=780
  [0]   셀[90] r=10,c=1 rs=1,cs=1 h=1641 w=4528 pad=(510,510,141,141) aim=false bf=44 paras=1 text="0.1"
  [0]     p[0] ps_id=41 ctrls=0 text_len=3 ls[0] vpos=0 lh=1200 ls=0
  [0]   셀[91] r=10,c=2 rs=1,cs=1 h=1641 w=4528 pad=(510,510,141,141) aim=false bf=44 paras=1 text="0.4"
  [0]     p[0] ps_id=41 ctrls=0 text_len=3 ls[0] vpos=0 lh=1200 ls=0
  [0]   셀[92] r=10,c=3 rs=1,cs=1 h=1641 w=4528 pad=(510,510,141,141) aim=false bf=44 paras=1 text="0.2"
  [0]     p[0] ps_id=41 ctrls=0 text_len=3 ls[0] vpos=0 lh=1200 ls=0
  [0]   셀[93] r=10,c=4 rs=1,cs=1 h=1641 w=4528 pad=(510,510,141,141) aim=false bf=44 paras=1 text="0.2"
  [0]     p[0] ps_id=41 ctrls=0 text_len=3 ls[0] vpos=0 lh=1200 ls=0
  [0]   셀[94] r=10,c=5 rs=1,cs=1 h=1641 w=4528 pad=(510,510,141,141) aim=false bf=44 paras=1 text="0.3"
  [0]     p[0] ps_id=41 ctrls=0 text_len=3 ls[0] vpos=0 lh=1200 ls=0
  [0]   셀[95] r=10,c=6 rs=1,cs=1 h=1641 w=4528 pad=(510,510,141,141) aim=false bf=44 paras=1 text="0.9"
  [0]     p[0] ps_id=41 ctrls=0 text_len=3 ls[0] vpos=0 lh=1200 ls=0
  [0]   셀[96] r=10,c=7 rs=1,cs=1 h=1641 w=4528 pad=(510,510,141,141) aim=false bf=44 paras=1 text="0.6"
  [0]     p[0] ps_id=41 ctrls=0 text_len=3 ls[0] vpos=0 lh=1200 ls=0
  [0]   셀[97] r=10,c=8 rs=1,cs=1 h=1641 w=4528 pad=(510,510,141,141) aim=false bf=44 paras=1 text="1.1"
  [0]     p[0] ps_id=41 ctrls=0 text_len=3 ls[0] vpos=0 lh=1200 ls=0
  [0]   셀[98] r=10,c=9 rs=1,cs=1 h=1641 w=4528 pad=(510,510,141,141) aim=false bf=50 paras=1 text="2.5"
  [0]     p[0] ps_id=41 ctrls=0 text_len=3 ls[0] vpos=0 lh=1200 ls=0
  [0]   셀[99] r=11,c=1 rs=1,cs=1 h=1641 w=4528 pad=(510,510,141,141) aim=false bf=45 paras=1 text="(△80.5)"
  [0]     p[0] ps_id=41 ctrls=0 text_len=9 ls[0] vpos=0 lh=1200 ls=0
  [0]   셀[100] r=11,c=2 rs=1,cs=1 h=1641 w=4528 pad=(510,510,141,141) aim=false bf=45 paras=1 text="(△74.5)"
  [0]     p[0] ps_id=41 ctrls=0 text_len=9 ls[0] vpos=0 lh=1200 ls=0
  [0]   셀[101] r=11,c=3 rs=1,cs=1 h=1641 w=4528 pad=(510,510,141,141) aim=false bf=45 paras=1 text="(△433.6)"
  [0]     p[0] ps_id=41 ctrls=0 text_len=10 ls[0] vpos=0 lh=1200 ls=0
  [0]   셀[102] r=11,c=4 rs=1,cs=1 h=1641 w=4528 pad=(510,510,141,141) aim=false bf=45 paras=1 text="(△194.0)"
  [0]     p[0] ps_id=41 ctrls=0 text_len=10 ls[0] vpos=0 lh=1200 ls=0
  [0]   셀[103] r=11,c=5 rs=1,cs=1 h=1641 w=4528 pad=(510,510,141,141) aim=false bf=45 paras=1 text="(116.3)"
  [0]     p[0] ps_id=41 ctrls=0 text_len=7 ls[0] vpos=0 lh=1200 ls=0
  [0]   셀[104] r=11,c=6 rs=1,cs=1 h=1641 w=4528 pad=(510,510,141,141) aim=false bf=45 paras=1 text="(106.2)"
  [0]     p[0] ps_id=41 ctrls=0 text_len=7 ls[0] vpos=0 lh=1200 ls=0
  [0]   셀[105] r=11,c=7 rs=1,cs=1 h=1641 w=4528 pad=(510,510,141,141) aim=false bf=45 paras=1 text="(264.7)"
  [0]     p[0] ps_id=41 ctrls=0 text_len=7 ls[0] vpos=0 lh=1200 ls=0
  [0]   셀[106] r=11,c=8 rs=1,cs=1 h=1641 w=4528 pad=(510,510,141,141) aim=false bf=45 paras=1 text="(361.9)"
  [0]     p[0] ps_id=41 ctrls=0 text_len=7 ls[0] vpos=0 lh=1200 ls=0
  [0]   셀[107] r=11,c=9 rs=1,cs=1 h=1641 w=4528 pad=(510,510,141,141) aim=false bf=51 paras=1 text="(854.0)"
  [0]     p[0] ps_id=41 ctrls=0 text_len=7 ls[0] vpos=0 lh=1200 ls=0
  [0]   셀[108] r=12,c=0 rs=2,cs=1 h=3282 w=6473 pad=(510,510,141,141) aim=false bf=46 paras=1 text="대양주"
  [0]     p[0] ps_id=2 ctrls=1 text_len=9 ls[0] vpos=0 lh=1300 ls=780
  [0]   셀[109] r=12,c=1 rs=1,cs=1 h=1641 w=4528 pad=(510,510,141,141) aim=false bf=44 paras=1 text="4.8"
  [0]     p[0] ps_id=41 ctrls=0 text_len=3 ls[0] vpos=0 lh=1200 ls=0
  [0]   셀[110] r=12,c=2 rs=1,cs=1 h=1641 w=4528 pad=(510,510,141,141) aim=false bf=44 paras=1 text="5.3"
  [0]     p[0] ps_id=41 ctrls=0 text_len=3 ls[0] vpos=0 lh=1200 ls=0
  [0]   셀[111] r=12,c=3 rs=1,cs=1 h=1641 w=4528 pad=(510,510,141,141) aim=false bf=44 paras=1 text="2.6"
  [0]     p[0] ps_id=41 ctrls=0 text_len=3 ls[0] vpos=0 lh=1200 ls=0
  [0]   셀[112] r=12,c=4 rs=1,cs=1 h=1641 w=4528 pad=(510,510,141,141) aim=false bf=44 paras=1 text="0.8"
  [0]     p[0] ps_id=41 ctrls=0 text_len=3 ls[0] vpos=0 lh=1200 ls=0
  [0]   셀[113] r=12,c=5 rs=1,cs=1 h=1641 w=4528 pad=(510,510,141,141) aim=false bf=44 paras=1 text="-1.5"
  [0]     p[0] ps_id=41 ctrls=0 text_len=4 ls[0] vpos=0 lh=1200 ls=0
  [0]   셀[114] r=12,c=6 rs=1,cs=1 h=1641 w=4528 pad=(510,510,141,141) aim=false bf=44 paras=1 text="2.7"
  [0]     p[0] ps_id=41 ctrls=0 text_len=3 ls[0] vpos=0 lh=1200 ls=0
  [0]   셀[115] r=12,c=7 rs=1,cs=1 h=1641 w=4528 pad=(510,510,141,141) aim=false bf=44 paras=1 text="0.8"
  [0]     p[0] ps_id=41 ctrls=0 text_len=3 ls[0] vpos=0 lh=1200 ls=0
  [0]   셀[116] r=12,c=8 rs=1,cs=1 h=1641 w=4528 pad=(510,510,141,141) aim=false bf=44 paras=1 text="0.2"
  [0]     p[0] ps_id=41 ctrls=0 text_len=3 ls[0] vpos=0 lh=1200 ls=0
  [0]   셀[117] r=12,c=9 rs=1,cs=1 h=1641 w=4528 pad=(510,510,141,141) aim=false bf=50 paras=1 text="2.3"
  [0]     p[0] ps_id=41 ctrls=0 text_len=3 ls[0] vpos=0 lh=1200 ls=0
  [0]   셀[118] r=13,c=1 rs=1,cs=1 h=1641 w=4528 pad=(510,510,141,141) aim=false bf=45 paras=1 text="(185.7)"
  [0]     p[0] ps_id=41 ctrls=0 text_len=7 ls[0] vpos=0 lh=1200 ls=0
  [0]   셀[119] r=13,c=2 rs=1,cs=1 h=1641 w=4528 pad=(510,510,141,141) aim=false bf=45 paras=1 text="(△4.2)"
  [0]     p[0] ps_id=41 ctrls=0 text_len=8 ls[0] vpos=0 lh=1200 ls=0
  [0]   셀[120] r=13,c=3 rs=1,cs=1 h=1641 w=4528 pad=(510,510,141,141) aim=false bf=45 paras=1 text="(△36.9)"
  [0]     p[0] ps_id=41 ctrls=0 text_len=9 ls[0] vpos=0 lh=1200 ls=0
  [0]   셀[121] r=13,c=4 rs=1,cs=1 h=1641 w=4528 pad=(510,510,141,141) aim=false bf=45 paras=1 text="(△152.0)"
  [0]     p[0] ps_id=41 ctrls=0 text_len=10 ls[0] vpos=0 lh=1200 ls=0
  [0]   셀[122] r=13,c=5 rs=1,cs=1 h=1641 w=4528 pad=(510,510,141,141) aim=false bf=45 paras=1 text="(△131.0)"
  [0]     p[0] ps_id=41 ctrls=0 text_len=10 ls[0] vpos=0 lh=1200 ls=0
  [0]   셀[123] r=13,c=6 rs=1,cs=1 h=1641 w=4528 pad=(510,510,141,141) aim=false bf=45 paras=1 text="(△49.0)"
  [0]     p[0] ps_id=41 ctrls=0 text_len=9 ls[0] vpos=0 lh=1200 ls=0
  [0]   셀[124] r=13,c=7 rs=1,cs=1 h=1641 w=4528 pad=(510,510,141,141) aim=false bf=45 paras=1 text="(△68.1)"
  [0]     p[0] ps_id=41 ctrls=0 text_len=9 ls[0] vpos=0 lh=1200 ls=0
  [0]   셀[125] r=13,c=8 rs=1,cs=1 h=1641 w=4528 pad=(510,510,141,141) aim=false bf=45 paras=1 text="(△71.3)"
  [0]     p[0] ps_id=41 ctrls=0 text_len=9 ls[0] vpos=0 lh=1200 ls=0
  [0]   셀[126] r=13,c=9 rs=1,cs=1 h=1641 w=4528 pad=(510,510,141,141) aim=false bf=51 paras=1 text="(△257.3)"
  [0]     p[0] ps_id=41 ctrls=0 text_len=10 ls[0] vpos=0 lh=1200 ls=0
  [0]   셀[127] r=14,c=0 rs=2,cs=1 h=3236 w=6473 pad=(510,510,141,141) aim=false bf=43 paras=1 text="중동"
  [0]     p[0] ps_id=2 ctrls=1 text_len=6 ls[0] vpos=0 lh=1300 ls=780
  [0]   셀[128] r=14,c=1 rs=1,cs=1 h=1641 w=4528 pad=(510,510,141,141) aim=false bf=44 paras=1 text="0.3"
  [0]     p[0] ps_id=41 ctrls=0 text_len=3 ls[0] vpos=0 lh=1200 ls=0
  [0]   셀[129] r=14,c=2 rs=1,cs=1 h=1641 w=4528 pad=(510,510,141,141) aim=false bf=44 paras=1 text="0.0"
  [0]     p[0] ps_id=41 ctrls=0 text_len=3 ls[0] vpos=0 lh=1200 ls=0
  [0]   셀[130] r=14,c=3 rs=1,cs=1 h=1641 w=4528 pad=(510,510,141,141) aim=false bf=44 paras=1 text="0.2"
  [0]     p[0] ps_id=41 ctrls=0 text_len=3 ls[0] vpos=0 lh=1200 ls=0
  [0]   셀[131] r=14,c=4 rs=1,cs=1 h=1641 w=4528 pad=(510,510,141,141) aim=false bf=44 paras=1 text="-0.4"
  [0]     p[0] ps_id=41 ctrls=0 text_len=4 ls[0] vpos=0 lh=1200 ls=0
  [0]   셀[132] r=14,c=5 rs=1,cs=1 h=1641 w=4528 pad=(510,510,141,141) aim=false bf=44 paras=1 text="-0.2"
  [0]     p[0] ps_id=41 ctrls=0 text_len=4 ls[0] vpos=0 lh=1200 ls=0
  [0]   셀[133] r=14,c=6 rs=1,cs=1 h=1641 w=4528 pad=(510,510,141,141) aim=false bf=44 paras=1 text="0.4"
  [0]     p[0] ps_id=41 ctrls=0 text_len=3 ls[0] vpos=0 lh=1200 ls=0
  [0]   셀[134] r=14,c=7 rs=1,cs=1 h=1641 w=4528 pad=(510,510,141,141) aim=false bf=44 paras=1 text="0.3"
  [0]     p[0] ps_id=41 ctrls=0 text_len=3 ls[0] vpos=0 lh=1200 ls=0
  [0]   셀[135] r=14,c=8 rs=1,cs=1 h=1641 w=4528 pad=(510,510,141,141) aim=false bf=44 paras=1 text="0.1"
  [0]     p[0] ps_id=41 ctrls=0 text_len=3 ls[0] vpos=0 lh=1200 ls=0
  [0]   셀[136] r=14,c=9 rs=1,cs=1 h=1641 w=4528 pad=(510,510,141,141) aim=false bf=50 paras=1 text="1.0"
  [0]     p[0] ps_id=41 ctrls=0 text_len=3 ls[0] vpos=0 lh=1200 ls=0
  [0]   셀[137] r=15,c=1 rs=1,cs=1 h=1595 w=4528 pad=(510,510,141,141) aim=false bf=23 paras=1 text="(△24.4)"
  [0]     p[0] ps_id=41 ctrls=0 text_len=9 ls[0] vpos=0 lh=1200 ls=0
  [0]   셀[138] r=15,c=2 rs=1,cs=1 h=1595 w=4528 pad=(510,510,141,141) aim=false bf=23 paras=1 text="(△106.8)"
  [0]     p[0] ps_id=41 ctrls=0 text_len=10 ls[0] vpos=0 lh=1200 ls=0
  [0]   셀[139] r=15,c=3 rs=1,cs=1 h=1595 w=4528 pad=(510,510,141,141) aim=false bf=23 paras=1 text="(△145.1)"
  [0]     p[0] ps_id=41 ctrls=0 text_len=10 ls[0] vpos=0 lh=1200 ls=0
  [0]   셀[140] r=15,c=4 rs=1,cs=1 h=1595 w=4528 pad=(510,510,141,141) aim=false bf=23 paras=1 text="(△147.8)"
  [0]     p[0] ps_id=41 ctrls=0 text_len=10 ls[0] vpos=0 lh=1200 ls=0
  [0]   셀[141] r=15,c=5 rs=1,cs=1 h=1595 w=4528 pad=(510,510,141,141) aim=false bf=23 paras=1 text="(△154.4)"
  [0]     p[0] ps_id=41 ctrls=0 text_len=10 ls[0] vpos=0 lh=1200 ls=0
  [0]   셀[142] r=15,c=6 rs=1,cs=1 h=1595 w=4528 pad=(510,510,141,141) aim=false bf=23 paras=1 text="(△1,444.1)"
  [0]     p[0] ps_id=41 ctrls=0 text_len=12 ls[0] vpos=0 lh=1200 ls=0
  [0]   셀[143] r=15,c=7 rs=1,cs=1 h=1595 w=4528 pad=(510,510,141,141) aim=false bf=23 paras=1 text="(3.8)"
  [0]     p[0] ps_id=41 ctrls=0 text_len=5 ls[0] vpos=0 lh=1200 ls=0
  [0]   셀[144] r=15,c=8 rs=1,cs=1 h=1595 w=4528 pad=(510,510,141,141) aim=false bf=23 paras=1 text="(△118.1)"
  [0]     p[0] ps_id=41 ctrls=0 text_len=10 ls[0] vpos=0 lh=1200 ls=0
  [0]   셀[145] r=15,c=9 rs=1,cs=1 h=1595 w=4528 pad=(510,510,141,141) aim=false bf=35 paras=1 text="(△788.6)"
  [0]     p[0] ps_id=41 ctrls=0 text_len=10 ls[0] vpos=0 lh=1200 ls=0

--- 문단 0.85 --- cc=1, text_len=0, controls=0 
  텍스트: (빈 문단)
  [PS] ps_id=48 align=Justify spacing: before=0 after=0 line=110/Percent
       margins: left=0 right=0 indent=0 border_fill_id=2
       border_spacing: left=0 right=0 top=0 bottom=0
       tab_def_id=0 auto_left=false auto_right=false tabs=[(없음)]
  ls[0]: ts=0, vpos=379354, lh=1200, th=1200, bl=1020, ls=120, cs=0, sw=48188, tag=0x00060000

--- 문단 0.86 --- cc=1, text_len=0, controls=0 
  텍스트: (빈 문단)
  [PS] ps_id=48 align=Justify spacing: before=0 after=0 line=110/Percent
       margins: left=0 right=0 indent=0 border_fill_id=2
       border_spacing: left=0 right=0 top=0 bottom=0
       tab_def_id=0 auto_left=false auto_right=false tabs=[(없음)]
  ls[0]: ts=0, vpos=380674, lh=1200, th=1200, bl=1020, ls=120, cs=0, sw=48188, tag=0x00060000

--- 문단 0.87 --- cc=10, text_len=9, controls=0 
  텍스트: "2. 연도별 동향"
  [CS] pos=0 id=49 bold=false spacing=0% ratio=100% char="2"
  [PS] ps_id=48 align=Justify spacing: before=0 after=0 line=110/Percent
       margins: left=0 right=0 indent=0 border_fill_id=2
       border_spacing: left=0 right=0 top=0 bottom=0
       tab_def_id=0 auto_left=false auto_right=false tabs=[(없음)]
  ls[0]: ts=0, vpos=381994, lh=1500, th=1500, bl=1275, ls=152, cs=0, sw=48188, tag=0x00060000

--- 문단 0.88 --- cc=1, text_len=0, controls=0 
  텍스트: (빈 문단)
  [PS] ps_id=42 align=Justify spacing: before=0 after=0 line=120/Percent
       margins: left=0 right=0 indent=0 border_fill_id=2
       border_spacing: left=0 right=0 top=0 bottom=0
       tab_def_id=0 auto_left=false auto_right=false tabs=[(없음)]
  ls[0]: ts=0, vpos=383646, lh=800, th=800, bl=680, ls=160, cs=0, sw=48188, tag=0x00060000

--- 문단 0.89 --- cc=9, text_len=0, controls=1 
  텍스트: (빈 문단)
  [CS] pos=8 id=47 bold=false spacing=0% ratio=100% char=""
  [PS] ps_id=42 align=Justify spacing: before=0 after=0 line=120/Percent
       margins: left=0 right=0 indent=0 border_fill_id=2
       border_spacing: left=0 right=0 top=0 bottom=0
       tab_def_id=0 auto_left=false auto_right=false tabs=[(없음)]
  ls[0]: ts=0, vpos=384606, lh=800, th=800, bl=680, ls=160, cs=0, sw=0, tag=0x00060000
  [0] 표: 3행×7열, 셀=21, 쪽나눔=None (attr=0x00000000), padding=(512,512,140,140), cs=0
  [0]   [common] treat_as_char=false, wrap=위아래, vert=문단(54=0.2mm), horz=단(0=0.0mm)
  [0]   [common] size=47737×6238(168.4×22.0mm), valign=Top, halign=Left
  [0]   [outer_margin] left=0.5mm(141) right=0.5mm(141) top=0.5mm(141) bottom=0.5mm(141)
  [0]   셀[0] r=0,c=0 rs=1,cs=1 h=2146 w=5947 pad=(510,510,141,141) aim=false bf=14 paras=1 text="구 분"
  [0]     p[0] ps_id=2 ctrls=1 text_len=7 ls[0] vpos=0 lh=1300 ls=780
  [0]   셀[1] r=0,c=1 rs=1,cs=1 h=2146 w=6856 pad=(510,510,141,141) aim=false bf=15 paras=1 text="2019년"
  [0]     p[0] ps_id=43 ctrls=0 text_len=7 ls[0] vpos=0 lh=1200 ls=0
  [0]   셀[2] r=0,c=2 rs=1,cs=1 h=2146 w=6856 pad=(510,510,141,141) aim=false bf=15 paras=1 text="2020년"
  [0]     p[0] ps_id=43 ctrls=1 text_len=7 ls[0] vpos=0 lh=1200 ls=0
  [0]   셀[3] r=0,c=3 rs=1,cs=1 h=2146 w=6856 pad=(510,510,141,141) aim=false bf=15 paras=1 text="2021년"
  [0]     p[0] ps_id=43 ctrls=1 text_len=7 ls[0] vpos=0 lh=1200 ls=0
  [0]   셀[4] r=0,c=4 rs=1,cs=1 h=2146 w=6856 pad=(510,510,141,141) aim=false bf=15 paras=1 text="2022년"
  [0]     p[0] ps_id=43 ctrls=1 text_len=7 ls[0] vpos=0 lh=1200 ls=0
  [0]   셀[5] r=0,c=5 rs=1,cs=1 h=2146 w=6522 pad=(510,510,141,141) aim=false bf=16 paras=1 text="2023년"
  [0]     p[0] ps_id=43 ctrls=1 text_len=7 ls[0] vpos=0 lh=1200 ls=0
  [0]   셀[6] r=0,c=6 rs=1,cs=1 h=2146 w=7844 pad=(510,510,141,141) aim=false bf=17 paras=1 text="2024년 1분기"
  [0]     p[0] ps_id=43 ctrls=1 text_len=15 ls[0] vpos=0 lh=1200 ls=0
  [0]   셀[7] r=1,c=0 rs=1,cs=1 h=2046 w=5947 pad=(510,510,141,141) aim=false bf=18 paras=1 text="투자액"
  [0]     p[0] ps_id=3 ctrls=0 text_len=9 ls[0] vpos=0 lh=1200 ls=720
  [0]   셀[8] r=1,c=1 rs=1,cs=1 h=2046 w=6856 pad=(510,510,141,141) aim=false bf=19 paras=1 text="516.0"
  [0]     p[0] ps_id=41 ctrls=0 text_len=5 ls[0] vpos=0 lh=1200 ls=0
  [0]   셀[9] r=1,c=2 rs=1,cs=1 h=2046 w=6856 pad=(510,510,141,141) aim=false bf=19 paras=1 text="433.6"
  [0]     p[0] ps_id=41 ctrls=0 text_len=5 ls[0] vpos=0 lh=1200 ls=0
  [0]   셀[10] r=1,c=3 rs=1,cs=1 h=2046 w=6856 pad=(510,510,141,141) aim=false bf=19 paras=1 text="589.0"
  [0]     p[0] ps_id=41 ctrls=0 text_len=5 ls[0] vpos=0 lh=1200 ls=0
  [0]   셀[11] r=1,c=4 rs=1,cs=1 h=2046 w=6856 pad=(510,510,141,141) aim=false bf=19 paras=1 text="648.8"
  [0]     p[0] ps_id=41 ctrls=0 text_len=5 ls[0] vpos=0 lh=1200 ls=0
  [0]   셀[12] r=1,c=5 rs=1,cs=1 h=2046 w=6522 pad=(510,510,141,141) aim=false bf=20 paras=1 text="516.5"
  [0]     p[0] ps_id=41 ctrls=0 text_len=5 ls[0] vpos=0 lh=1200 ls=0
  [0]   셀[13] r=1,c=6 rs=1,cs=1 h=2046 w=7844 pad=(510,510,141,141) aim=false bf=21 paras=1 text="128.7"
  [0]     p[0] ps_id=41 ctrls=0 text_len=5 ls[0] vpos=0 lh=1200 ls=0
  [0]   셀[14] r=2,c=0 rs=1,cs=1 h=2046 w=5947 pad=(510,510,141,141) aim=false bf=22 paras=1 text="증감률"
  [0]     p[0] ps_id=3 ctrls=0 text_len=9 ls[0] vpos=0 lh=1200 ls=720
  [0]   셀[15] r=2,c=1 rs=1,cs=1 h=2046 w=6856 pad=(510,510,141,141) aim=false bf=23 paras=1 text="(23.7)"
  [0]     p[0] ps_id=41 ctrls=0 text_len=6 ls[0] vpos=0 lh=1200 ls=0
  [0]   셀[16] r=2,c=2 rs=1,cs=1 h=2046 w=6856 pad=(510,510,141,141) aim=false bf=23 paras=1 text="(△16.0)"
  [0]     p[0] ps_id=41 ctrls=0 text_len=9 ls[0] vpos=0 lh=1200 ls=0
  [0]   셀[17] r=2,c=3 rs=1,cs=1 h=2046 w=6856 pad=(510,510,141,141) aim=false bf=23 paras=1 text="(35.8)"
  [0]     p[0] ps_id=41 ctrls=0 text_len=6 ls[0] vpos=0 lh=1200 ls=0
  [0]   셀[18] r=2,c=4 rs=1,cs=1 h=2046 w=6856 pad=(510,510,141,141) aim=false bf=23 paras=1 text="(10.2)"
  [0]     p[0] ps_id=41 ctrls=0 text_len=6 ls[0] vpos=0 lh=1200 ls=0
  [0]   셀[19] r=2,c=5 rs=1,cs=1 h=2046 w=6522 pad=(510,510,141,141) aim=false bf=24 paras=1 text="(△20.4)"
  [0]     p[0] ps_id=41 ctrls=0 text_len=9 ls[0] vpos=0 lh=1200 ls=0
  [0]   셀[20] r=2,c=6 rs=1,cs=1 h=2046 w=7844 pad=(510,510,141,141) aim=false bf=25 paras=1 text="(△7.0)"
  [0]     p[0] ps_id=41 ctrls=0 text_len=8 ls[0] vpos=0 lh=1200 ls=0

--- 문단 0.90 --- cc=1, text_len=0, controls=0 
  텍스트: (빈 문단)
  [PS] ps_id=42 align=Justify spacing: before=0 after=0 line=120/Percent
       margins: left=0 right=0 indent=0 border_fill_id=2
       border_spacing: left=0 right=0 top=0 bottom=0
       tab_def_id=0 auto_left=false auto_right=false tabs=[(없음)]
  ls[0]: ts=0, vpos=391180, lh=800, th=800, bl=680, ls=160, cs=0, sw=48188, tag=0x00060000

--- 문단 0.91 --- cc=1, text_len=0, controls=0 
  텍스트: (빈 문단)
  [PS] ps_id=48 align=Justify spacing: before=0 after=0 line=110/Percent
       margins: left=0 right=0 indent=0 border_fill_id=2
       border_spacing: left=0 right=0 top=0 bottom=0
       tab_def_id=0 auto_left=false auto_right=false tabs=[(없음)]
  ls[0]: ts=0, vpos=392140, lh=1500, th=1500, bl=1275, ls=152, cs=0, sw=48188, tag=0x00060000

--- 문단 0.92 --- cc=16, text_len=15, controls=0 
  텍스트: "□ 업종별 동향(상위 5개)"
  [CS] pos=0 id=59 bold=false spacing=0% ratio=100% char="□"
  [CS] pos=2 id=57 bold=false spacing=0% ratio=100% char="업"
  [CS] pos=8 id=46 bold=false spacing=0% ratio=100% char="("
  [PS] ps_id=48 align=Justify spacing: before=0 after=0 line=110/Percent
       margins: left=0 right=0 indent=0 border_fill_id=2
       border_spacing: left=0 right=0 top=0 bottom=0
       tab_def_id=0 auto_left=false auto_right=false tabs=[(없음)]
  ls[0]: ts=0, vpos=393792, lh=1500, th=1500, bl=1275, ls=152, cs=0, sw=48188, tag=0x00060000

--- 문단 0.93 --- cc=1, text_len=0, controls=0 
  텍스트: (빈 문단)
  [PS] ps_id=42 align=Justify spacing: before=0 after=0 line=120/Percent
       margins: left=0 right=0 indent=0 border_fill_id=2
       border_spacing: left=0 right=0 top=0 bottom=0
       tab_def_id=0 auto_left=false auto_right=false tabs=[(없음)]
  ls[0]: ts=0, vpos=395444, lh=700, th=700, bl=595, ls=140, cs=0, sw=48188, tag=0x00060000

--- 문단 0.94 --- cc=9, text_len=0, controls=1 
  텍스트: (빈 문단)
  [CS] pos=8 id=60 bold=false spacing=0% ratio=100% char=""
  [PS] ps_id=42 align=Justify spacing: before=0 after=0 line=120/Percent
       margins: left=0 right=0 indent=0 border_fill_id=2
       border_spacing: left=0 right=0 top=0 bottom=0
       tab_def_id=0 auto_left=false auto_right=false tabs=[(없음)]
  ls[0]: ts=0, vpos=396284, lh=22886, th=22886, bl=19453, ls=240, cs=0, sw=48188, tag=0x00060000
  [0] 표: 11행×7열, 셀=72, 쪽나눔=None (attr=0x00000000), padding=(512,512,140,140), cs=0
  [0]   [common] treat_as_char=true, wrap=위아래, vert=문단(0=0.0mm), horz=문단(0=0.0mm)
  [0]   [common] size=47947×22606(169.1×79.7mm), valign=Top, halign=Left
  [0]   [outer_margin] left=0.5mm(140) right=0.5mm(140) top=0.5mm(140) bottom=0.5mm(140)
  [0]   셀[0] r=0,c=0 rs=1,cs=1 h=2146 w=6958 pad=(510,510,141,141) aim=false bf=14 paras=1 text="구 분"
  [0]     p[0] ps_id=2 ctrls=1 text_len=7 ls[0] vpos=0 lh=1300 ls=780
  [0]   셀[1] r=0,c=1 rs=1,cs=1 h=2146 w=6832 pad=(510,510,141,141) aim=false bf=15 paras=1 text="2019년"
  [0]     p[0] ps_id=43 ctrls=0 text_len=7 ls[0] vpos=0 lh=1200 ls=0
  [0]   셀[2] r=0,c=2 rs=1,cs=1 h=2146 w=6832 pad=(510,510,141,141) aim=false bf=15 paras=1 text="2020년"
  [0]     p[0] ps_id=43 ctrls=1 text_len=7 ls[0] vpos=0 lh=1200 ls=0
  [0]   셀[3] r=0,c=3 rs=1,cs=1 h=2146 w=6832 pad=(510,510,141,141) aim=false bf=15 paras=1 text="2021년"
  [0]     p[0] ps_id=43 ctrls=1 text_len=7 ls[0] vpos=0 lh=1200 ls=0
  [0]   셀[4] r=0,c=4 rs=1,cs=1 h=2146 w=6832 pad=(510,510,141,141) aim=false bf=15 paras=1 text="2022년"
  [0]     p[0] ps_id=43 ctrls=1 text_len=7 ls[0] vpos=0 lh=1200 ls=0
  [0]   셀[5] r=0,c=5 rs=1,cs=1 h=2146 w=6832 pad=(510,510,141,141) aim=false bf=15 paras=1 text="2023년"
  [0]     p[0] ps_id=43 ctrls=1 text_len=7 ls[0] vpos=0 lh=1200 ls=0
  [0]   셀[6] r=0,c=6 rs=1,cs=1 h=2146 w=6829 pad=(510,510,141,141) aim=false bf=26 paras=1 text="2024년 1분기"
  [0]     p[0] ps_id=43 ctrls=1 text_len=15 ls[0] vpos=0 lh=1200 ls=0
  [0]   셀[7] r=1,c=0 rs=2,cs=1 h=4092 w=6958 pad=(510,510,141,141) aim=false bf=27 paras=2 text="금융|보험업 "
  [0]     p[0] ps_id=44 ctrls=1 text_len=6 ls[0] vpos=0 lh=1300 ls=0
  [0]     p[1] ps_id=44 ctrls=0 text_len=10 ls[0] vpos=1300 lh=1300 ls=0
  [0]   셀[8] r=1,c=1 rs=1,cs=1 h=2046 w=6832 pad=(510,510,141,141) aim=false bf=19 paras=1 text="216.2"
  [0]     p[0] ps_id=41 ctrls=0 text_len=5 ls[0] vpos=0 lh=1200 ls=0
  [0]   셀[9] r=1,c=2 rs=1,cs=1 h=2046 w=6832 pad=(510,510,141,141) aim=false bf=19 paras=1 text="134.9"
  [0]     p[0] ps_id=41 ctrls=0 text_len=5 ls[0] vpos=0 lh=1200 ls=0
  [0]   셀[10] r=1,c=3 rs=1,cs=1 h=2046 w=6832 pad=(510,510,141,141) aim=false bf=19 paras=1 text="235.0"
  [0]     p[0] ps_id=41 ctrls=0 text_len=5 ls[0] vpos=0 lh=1200 ls=0
  [0]   셀[11] r=1,c=4 rs=1,cs=1 h=2046 w=6832 pad=(510,510,141,141) aim=false bf=19 paras=1 text="241.5"
  [0]     p[0] ps_id=41 ctrls=0 text_len=5 ls[0] vpos=0 lh=1200 ls=0
  [0]   셀[12] r=1,c=5 rs=1,cs=1 h=2046 w=6832 pad=(510,510,141,141) aim=false bf=19 paras=1 text="216.3"
  [0]     p[0] ps_id=41 ctrls=0 text_len=5 ls[0] vpos=0 lh=1200 ls=0
  [0]   셀[13] r=1,c=6 rs=1,cs=1 h=2046 w=6829 pad=(510,510,141,141) aim=false bf=28 paras=1 text="43.4"
  [0]     p[0] ps_id=41 ctrls=0 text_len=4 ls[0] vpos=0 lh=1200 ls=0
  [0]   셀[14] r=2,c=1 rs=1,cs=1 h=2046 w=6832 pad=(510,510,141,141) aim=false bf=29 paras=1 text="(47.5)"
  [0]     p[0] ps_id=41 ctrls=0 text_len=6 ls[0] vpos=0 lh=1200 ls=0
  [0]   셀[15] r=2,c=2 rs=1,cs=1 h=2046 w=6832 pad=(510,510,141,141) aim=false bf=29 paras=1 text="(△37.6)"
  [0]     p[0] ps_id=41 ctrls=0 text_len=9 ls[0] vpos=0 lh=1200 ls=0
  [0]   셀[16] r=2,c=3 rs=1,cs=1 h=2046 w=6832 pad=(510,510,141,141) aim=false bf=29 paras=1 text="(74.3)"
  [0]     p[0] ps_id=41 ctrls=0 text_len=6 ls[0] vpos=0 lh=1200 ls=0
  [0]   셀[17] r=2,c=4 rs=1,cs=1 h=2046 w=6832 pad=(510,510,141,141) aim=false bf=29 paras=1 text="(2.7)"
  [0]     p[0] ps_id=41 ctrls=0 text_len=5 ls[0] vpos=0 lh=1200 ls=0
  [0]   셀[18] r=2,c=5 rs=1,cs=1 h=2046 w=6832 pad=(510,510,141,141) aim=false bf=29 paras=1 text="(△10.4)"
  [0]     p[0] ps_id=41 ctrls=0 text_len=9 ls[0] vpos=0 lh=1200 ls=0
  [0]   셀[19] r=2,c=6 rs=1,cs=1 h=2046 w=6829 pad=(510,510,141,141) aim=false bf=30 paras=1 text="(△21.9)"
  [0]     p[0] ps_id=41 ctrls=0 text_len=9 ls[0] vpos=0 lh=1200 ls=0
  [0]   셀[20] r=3,c=0 rs=2,cs=1 h=4092 w=6958 pad=(510,510,141,141) aim=false bf=31 paras=1 text="제조업"
  [0]     p[0] ps_id=44 ctrls=0 text_len=9 ls[0] vpos=0 lh=1300 ls=0
  [0]   셀[21] r=3,c=1 rs=1,cs=1 h=2046 w=6832 pad=(510,510,141,141) aim=false bf=32 paras=1 text="163.0"
  [0]     p[0] ps_id=41 ctrls=0 text_len=5 ls[0] vpos=0 lh=1200 ls=0
  [0]   셀[22] r=3,c=2 rs=1,cs=1 h=2046 w=6832 pad=(510,510,141,141) aim=false bf=32 paras=1 text="117.9"
  [0]     p[0] ps_id=41 ctrls=0 text_len=5 ls[0] vpos=0 lh=1200 ls=0
  [0]   셀[23] r=3,c=3 rs=1,cs=1 h=2046 w=6832 pad=(510,510,141,141) aim=false bf=32 paras=1 text="138.5"
  [0]     p[0] ps_id=41 ctrls=0 text_len=5 ls[0] vpos=0 lh=1200 ls=0
  [0]   셀[24] r=3,c=4 rs=1,cs=1 h=2046 w=6832 pad=(510,510,141,141) aim=false bf=32 paras=1 text="231.6"
  [0]     p[0] ps_id=41 ctrls=0 text_len=5 ls[0] vpos=0 lh=1200 ls=0
  [0]   셀[25] r=3,c=5 rs=1,cs=1 h=2046 w=6832 pad=(510,510,141,141) aim=false bf=32 paras=1 text="177.3"
  [0]     p[0] ps_id=41 ctrls=0 text_len=5 ls[0] vpos=0 lh=1200 ls=0
  [0]   셀[26] r=3,c=6 rs=1,cs=1 h=2046 w=6829 pad=(510,510,141,141) aim=false bf=33 paras=1 text="37.6"
  [0]     p[0] ps_id=41 ctrls=0 text_len=4 ls[0] vpos=0 lh=1200 ls=0
  [0]   셀[27] r=4,c=1 rs=1,cs=1 h=2046 w=6832 pad=(510,510,141,141) aim=false bf=29 paras=1 text="(14.1)"
  [0]     p[0] ps_id=41 ctrls=0 text_len=6 ls[0] vpos=0 lh=1200 ls=0
  [0]   셀[28] r=4,c=2 rs=1,cs=1 h=2046 w=6832 pad=(510,510,141,141) aim=false bf=29 paras=1 text="(△27.7)"
  [0]     p[0] ps_id=41 ctrls=0 text_len=9 ls[0] vpos=0 lh=1200 ls=0
  [0]   셀[29] r=4,c=3 rs=1,cs=1 h=2046 w=6832 pad=(510,510,141,141) aim=false bf=29 paras=1 text="(17.5)"
  [0]     p[0] ps_id=41 ctrls=0 text_len=6 ls[0] vpos=0 lh=1200 ls=0
  [0]   셀[30] r=4,c=4 rs=1,cs=1 h=2046 w=6832 pad=(510,510,141,141) aim=false bf=29 paras=1 text="(67.2)"
  [0]     p[0] ps_id=41 ctrls=0 text_len=6 ls[0] vpos=0 lh=1200 ls=0
  [0]   셀[31] r=4,c=5 rs=1,cs=1 h=2046 w=6832 pad=(510,510,141,141) aim=false bf=29 paras=1 text="(△23.4)"
  [0]     p[0] ps_id=41 ctrls=0 text_len=9 ls[0] vpos=0 lh=1200 ls=0
  [0]   셀[32] r=4,c=6 rs=1,cs=1 h=2046 w=6829 pad=(510,510,141,141) aim=false bf=30 paras=1 text="(△31.5)"
  [0]     p[0] ps_id=41 ctrls=0 text_len=9 ls[0] vpos=0 lh=1200 ls=0
  [0]   셀[33] r=5,c=0 rs=2,cs=1 h=4092 w=6958 pad=(510,510,141,141) aim=false bf=31 paras=1 text="부동산업"
  [0]     p[0] ps_id=56 ctrls=0 text_len=12 ls[0] vpos=0 lh=1300 ls=780
  [0]   셀[34] r=5,c=1 rs=1,cs=1 h=2046 w=6832 pad=(510,510,141,141) aim=false bf=32 paras=1 text="56.1"
  [0]     p[0] ps_id=41 ctrls=0 text_len=4 ls[0] vpos=0 lh=1200 ls=0
  [0]   셀[35] r=5,c=2 rs=1,cs=1 h=2046 w=6832 pad=(510,510,141,141) aim=false bf=32 paras=1 text="50.5"
  [0]     p[0] ps_id=41 ctrls=0 text_len=4 ls[0] vpos=0 lh=1200 ls=0
  [0]   셀[36] r=5,c=3 rs=1,cs=1 h=2046 w=6832 pad=(510,510,141,141) aim=false bf=32 paras=1 text="47.8"
  [0]     p[0] ps_id=41 ctrls=0 text_len=4 ls[0] vpos=0 lh=1200 ls=0
  [0]   셀[37] r=5,c=4 rs=1,cs=1 h=2046 w=6832 pad=(510,510,141,141) aim=false bf=32 paras=1 text="45.7"
  [0]     p[0] ps_id=41 ctrls=0 text_len=4 ls[0] vpos=0 lh=1200 ls=0
  [0]   셀[38] r=5,c=5 rs=1,cs=1 h=2046 w=6832 pad=(510,510,141,141) aim=false bf=32 paras=1 text="32.3"
  [0]     p[0] ps_id=41 ctrls=0 text_len=4 ls[0] vpos=0 lh=1200 ls=0
  [0]   셀[39] r=5,c=6 rs=1,cs=1 h=2046 w=6829 pad=(510,510,141,141) aim=false bf=33 paras=1 text="17.7"
  [0]     p[0] ps_id=41 ctrls=0 text_len=4 ls[0] vpos=0 lh=1200 ls=0
  [0]   셀[40] r=6,c=1 rs=1,cs=1 h=2046 w=6832 pad=(510,510,141,141) aim=false bf=29 paras=1 text="(45.6)"
  [0]     p[0] ps_id=41 ctrls=0 text_len=6 ls[0] vpos=0 lh=1200 ls=0
  [0]   셀[41] r=6,c=2 rs=1,cs=1 h=2046 w=6832 pad=(510,510,141,141) aim=false bf=29 paras=1 text="(△9.9)"
  [0]     p[0] ps_id=41 ctrls=0 text_len=8 ls[0] vpos=0 lh=1200 ls=0
  [0]   셀[42] r=6,c=3 rs=1,cs=1 h=2046 w=6832 pad=(510,510,141,141) aim=false bf=29 paras=1 text="(△5.5)"
  [0]     p[0] ps_id=41 ctrls=0 text_len=8 ls[0] vpos=0 lh=1200 ls=0
  [0]   셀[43] r=6,c=4 rs=1,cs=1 h=2046 w=6832 pad=(510,510,141,141) aim=false bf=29 paras=1 text="(△4.3)"
  [0]     p[0] ps_id=41 ctrls=0 text_len=8 ls[0] vpos=0 lh=1200 ls=0
  [0]   셀[44] r=6,c=5 rs=1,cs=1 h=2046 w=6832 pad=(510,510,141,141) aim=false bf=29 paras=1 text="(△29.3)"
  [0]     p[0] ps_id=41 ctrls=0 text_len=9 ls[0] vpos=0 lh=1200 ls=0
  [0]   셀[45] r=6,c=6 rs=1,cs=1 h=2046 w=6829 pad=(510,510,141,141) aim=false bf=30 paras=1 text="(152.1)"
  [0]     p[0] ps_id=41 ctrls=0 text_len=7 ls[0] vpos=0 lh=1200 ls=0
  [0]   셀[46] r=7,c=0 rs=2,cs=1 h=4092 w=6958 pad=(510,510,141,141) aim=false bf=31 paras=2 text="전문과학|기술업"
  [0]     p[0] ps_id=44 ctrls=1 text_len=12 ls[0] vpos=0 lh=1300 ls=0
  [0]     p[1] ps_id=44 ctrls=0 text_len=9 ls[0] vpos=1300 lh=1300 ls=0
  [0]   셀[47] r=7,c=1 rs=1,cs=1 h=2046 w=6832 pad=(510,510,141,141) aim=false bf=32 paras=1 text="9.7"
  [0]     p[0] ps_id=41 ctrls=0 text_len=3 ls[0] vpos=0 lh=1200 ls=0
  [0]   셀[48] r=7,c=2 rs=1,cs=1 h=2046 w=6832 pad=(510,510,141,141) aim=false bf=32 paras=1 text="7.3"
  [0]     p[0] ps_id=41 ctrls=0 text_len=3 ls[0] vpos=0 lh=1200 ls=0
  [0]   셀[49] r=7,c=3 rs=1,cs=1 h=2046 w=6832 pad=(510,510,141,141) aim=false bf=32 paras=1 text="25.8"
  [0]     p[0] ps_id=41 ctrls=0 text_len=4 ls[0] vpos=0 lh=1200 ls=0
  [0]   셀[50] r=7,c=4 rs=1,cs=1 h=2046 w=6832 pad=(510,510,141,141) aim=false bf=32 paras=1 text="25.5"
  [0]     p[0] ps_id=41 ctrls=0 text_len=4 ls[0] vpos=0 lh=1200 ls=0
  [0]   셀[51] r=7,c=5 rs=1,cs=1 h=2046 w=6832 pad=(510,510,141,141) aim=false bf=32 paras=1 text="15.8"
  [0]     p[0] ps_id=41 ctrls=0 text_len=4 ls[0] vpos=0 lh=1200 ls=0
  [0]   셀[52] r=7,c=6 rs=1,cs=1 h=2046 w=6829 pad=(510,510,141,141) aim=false bf=33 paras=1 text="9.2"
  [0]     p[0] ps_id=41 ctrls=0 text_len=3 ls[0] vpos=0 lh=1200 ls=0
  [0]   셀[53] r=8,c=1 rs=1,cs=1 h=2046 w=6832 pad=(510,510,141,141) aim=false bf=29 paras=1 text="(31.7)"
  [0]     p[0] ps_id=41 ctrls=0 text_len=6 ls[0] vpos=0 lh=1200 ls=0
  [0]   셀[54] r=8,c=2 rs=1,cs=1 h=2046 w=6832 pad=(510,510,141,141) aim=false bf=29 paras=1 text="(△24.7)"
  [0]     p[0] ps_id=41 ctrls=0 text_len=9 ls[0] vpos=0 lh=1200 ls=0
  [0]   셀[55] r=8,c=3 rs=1,cs=1 h=2046 w=6832 pad=(510,510,141,141) aim=false bf=29 paras=1 text="(252.0)"
  [0]     p[0] ps_id=41 ctrls=0 text_len=7 ls[0] vpos=0 lh=1200 ls=0
  [0]   셀[56] r=8,c=4 rs=1,cs=1 h=2046 w=6832 pad=(510,510,141,141) aim=false bf=29 paras=1 text="(△1.1)"
  [0]     p[0] ps_id=41 ctrls=0 text_len=8 ls[0] vpos=0 lh=1200 ls=0
  [0]   셀[57] r=8,c=5 rs=1,cs=1 h=2046 w=6832 pad=(510,510,141,141) aim=false bf=29 paras=1 text="(△38.2)"
  [0]     p[0] ps_id=41 ctrls=0 text_len=9 ls[0] vpos=0 lh=1200 ls=0
  [0]   셀[58] r=8,c=6 rs=1,cs=1 h=2046 w=6829 pad=(510,510,141,141) aim=false bf=30 paras=1 text="(466.4)"
  [0]     p[0] ps_id=41 ctrls=0 text_len=7 ls[0] vpos=0 lh=1200 ls=0
  [0]   셀[59] r=9,c=0 rs=2,cs=1 h=4092 w=6958 pad=(510,510,141,141) aim=false bf=34 paras=1 text="광업"
  [0]     p[0] ps_id=4 ctrls=1 text_len=6 ls[0] vpos=0 lh=1300 ls=392
  [0]   셀[60] r=9,c=1 rs=1,cs=1 h=2046 w=6832 pad=(510,510,141,141) aim=false bf=32 paras=1 text="5.3"
  [0]     p[0] ps_id=41 ctrls=0 text_len=3 ls[0] vpos=0 lh=1200 ls=0
  [0]   셀[61] r=9,c=2 rs=1,cs=1 h=2046 w=6832 pad=(510,510,141,141) aim=false bf=32 paras=1 text="10.2"
  [0]     p[0] ps_id=41 ctrls=0 text_len=4 ls[0] vpos=0 lh=1200 ls=0
  [0]   셀[62] r=9,c=3 rs=1,cs=1 h=2046 w=6832 pad=(510,510,141,141) aim=false bf=32 paras=1 text="9.4"
  [0]     p[0] ps_id=41 ctrls=0 text_len=3 ls[0] vpos=0 lh=1200 ls=0
  [0]   셀[63] r=9,c=4 rs=1,cs=1 h=2046 w=6832 pad=(510,510,141,141) aim=false bf=32 paras=1 text="4.8"
  [0]     p[0] ps_id=41 ctrls=0 text_len=3 ls[0] vpos=0 lh=1200 ls=0
  [0]   셀[64] r=9,c=5 rs=1,cs=1 h=2046 w=6832 pad=(510,510,141,141) aim=false bf=32 paras=1 text="26.0"
  [0]     p[0] ps_id=41 ctrls=0 text_len=4 ls[0] vpos=0 lh=1200 ls=0
  [0]   셀[65] r=9,c=6 rs=1,cs=1 h=2046 w=6829 pad=(510,510,141,141) aim=false bf=33 paras=1 text="6.2"
  [0]     p[0] ps_id=41 ctrls=0 text_len=3 ls[0] vpos=0 lh=1200 ls=0
  [0]   셀[66] r=10,c=1 rs=1,cs=1 h=2046 w=6832 pad=(510,510,141,141) aim=false bf=23 paras=1 text="(△42.5)"
  [0]     p[0] ps_id=41 ctrls=0 text_len=9 ls[0] vpos=0 lh=1200 ls=0
  [0]   셀[67] r=10,c=2 rs=1,cs=1 h=2046 w=6832 pad=(510,510,141,141) aim=false bf=23 paras=1 text="(93.6)"
  [0]     p[0] ps_id=41 ctrls=0 text_len=6 ls[0] vpos=0 lh=1200 ls=0
  [0]   셀[68] r=10,c=3 rs=1,cs=1 h=2046 w=6832 pad=(510,510,141,141) aim=false bf=23 paras=1 text="(△8.0)"
  [0]     p[0] ps_id=41 ctrls=0 text_len=8 ls[0] vpos=0 lh=1200 ls=0
  [0]   셀[69] r=10,c=4 rs=1,cs=1 h=2046 w=6832 pad=(510,510,141,141) aim=false bf=23 paras=1 text="(△48.9)"
  [0]     p[0] ps_id=41 ctrls=0 text_len=9 ls[0] vpos=0 lh=1200 ls=0
  [0]   셀[70] r=10,c=5 rs=1,cs=1 h=2046 w=6832 pad=(510,510,141,141) aim=false bf=23 paras=1 text="(441.5)"
  [0]     p[0] ps_id=41 ctrls=0 text_len=7 ls[0] vpos=0 lh=1200 ls=0
  [0]   셀[71] r=10,c=6 rs=1,cs=1 h=2046 w=6829 pad=(510,510,141,141) aim=false bf=35 paras=1 text="(△45.4)"
  [0]     p[0] ps_id=41 ctrls=0 text_len=9 ls[0] vpos=0 lh=1200 ls=0

--- 문단 0.95 --- cc=16, text_len=15, controls=0 
  텍스트: "□ 국가별 동향(상위 5개)"
  [CS] pos=0 id=59 bold=false spacing=0% ratio=100% char="□"
  [CS] pos=2 id=57 bold=false spacing=0% ratio=100% char="국"
  [CS] pos=8 id=46 bold=false spacing=0% ratio=100% char="("
  [PS] ps_id=48 align=Justify spacing: before=0 after=0 line=110/Percent
       margins: left=0 right=0 indent=0 border_fill_id=2
       border_spacing: left=0 right=0 top=0 bottom=0
       tab_def_id=0 auto_left=false auto_right=false tabs=[(없음)]
  ls[0]: ts=0, vpos=419410, lh=1500, th=1500, bl=1275, ls=152, cs=0, sw=48188, tag=0x00060000

--- 문단 0.96 --- cc=1, text_len=0, controls=0 
  텍스트: (빈 문단)
  [PS] ps_id=48 align=Justify spacing: before=0 after=0 line=110/Percent
       margins: left=0 right=0 indent=0 border_fill_id=2
       border_spacing: left=0 right=0 top=0 bottom=0
       tab_def_id=0 auto_left=false auto_right=false tabs=[(없음)]
  ls[0]: ts=0, vpos=421062, lh=500, th=500, bl=425, ls=52, cs=0, sw=48188, tag=0x00060000

--- 문단 0.97 --- cc=9, text_len=0, controls=1 
  텍스트: (빈 문단)
  [CS] pos=8 id=61 bold=false spacing=0% ratio=100% char=""
  [PS] ps_id=48 align=Justify spacing: before=0 after=0 line=110/Percent
       margins: left=0 right=0 indent=0 border_fill_id=2
       border_spacing: left=0 right=0 top=0 bottom=0
       tab_def_id=0 auto_left=false auto_right=false tabs=[(없음)]
  ls[0]: ts=0, vpos=421614, lh=23586, th=23586, bl=20048, ls=100, cs=0, sw=48188, tag=0x00060000
  [0] 표: 11행×7열, 셀=72, 쪽나눔=None (attr=0x00000000), padding=(512,512,140,140), cs=0
  [0]   [common] treat_as_char=true, wrap=위아래, vert=문단(0=0.0mm), horz=단(0=0.0mm)
  [0]   [common] size=48061×23306(169.5×82.2mm), valign=Top, halign=Left
  [0]   [outer_margin] left=0.5mm(140) right=0.5mm(140) top=0.5mm(140) bottom=0.5mm(140)
  [0]   셀[0] r=0,c=0 rs=1,cs=1 h=2146 w=7237 pad=(510,510,141,141) aim=false bf=14 paras=1 text="구 분"
  [0]     p[0] ps_id=2 ctrls=1 text_len=7 ls[0] vpos=0 lh=1300 ls=780
  [0]   셀[1] r=0,c=1 rs=1,cs=1 h=2146 w=6550 pad=(510,510,141,141) aim=false bf=15 paras=1 text="2019년"
  [0]     p[0] ps_id=43 ctrls=0 text_len=7 ls[0] vpos=0 lh=1200 ls=0
  [0]   셀[2] r=0,c=2 rs=1,cs=1 h=2146 w=6857 pad=(510,510,141,141) aim=false bf=15 paras=1 text="2020년"
  [0]     p[0] ps_id=43 ctrls=1 text_len=7 ls[0] vpos=0 lh=1200 ls=0
  [0]   셀[3] r=0,c=3 rs=1,cs=1 h=2146 w=6857 pad=(510,510,141,141) aim=false bf=15 paras=1 text="2021년"
  [0]     p[0] ps_id=43 ctrls=1 text_len=7 ls[0] vpos=0 lh=1200 ls=0
  [0]   셀[4] r=0,c=4 rs=1,cs=1 h=2146 w=6857 pad=(510,510,141,141) aim=false bf=15 paras=1 text="2022년"
  [0]     p[0] ps_id=43 ctrls=1 text_len=7 ls[0] vpos=0 lh=1200 ls=0
  [0]   셀[5] r=0,c=5 rs=1,cs=1 h=2146 w=6857 pad=(510,510,141,141) aim=false bf=15 paras=1 text="2023년"
  [0]     p[0] ps_id=43 ctrls=1 text_len=7 ls[0] vpos=0 lh=1200 ls=0
  [0]   셀[6] r=0,c=6 rs=1,cs=1 h=2146 w=6846 pad=(510,510,141,141) aim=false bf=26 paras=1 text="2024년 1분기"
  [0]     p[0] ps_id=43 ctrls=1 text_len=15 ls[0] vpos=0 lh=1200 ls=0
  [0]   셀[7] r=1,c=0 rs=2,cs=1 h=4092 w=7237 pad=(510,510,141,141) aim=false bf=27 paras=1 text="미국"
  [0]     p[0] ps_id=2 ctrls=1 text_len=6 ls[0] vpos=0 lh=1300 ls=780
  [0]   셀[8] r=1,c=1 rs=1,cs=1 h=2046 w=6550 pad=(510,510,141,141) aim=false bf=19 paras=1 text="124.6"
  [0]     p[0] ps_id=41 ctrls=0 text_len=5 ls[0] vpos=0 lh=1200 ls=0
  [0]   셀[9] r=1,c=2 rs=1,cs=1 h=2046 w=6857 pad=(510,510,141,141) aim=false bf=19 paras=1 text="128.0"
  [0]     p[0] ps_id=41 ctrls=0 text_len=5 ls[0] vpos=0 lh=1200 ls=0
  [0]   셀[10] r=1,c=3 rs=1,cs=1 h=2046 w=6857 pad=(510,510,141,141) aim=false bf=19 paras=1 text="234.7"
  [0]     p[0] ps_id=41 ctrls=0 text_len=5 ls[0] vpos=0 lh=1200 ls=0
  [0]   셀[11] r=1,c=4 rs=1,cs=1 h=2046 w=6857 pad=(510,510,141,141) aim=false bf=19 paras=1 text="248.9"
  [0]     p[0] ps_id=41 ctrls=0 text_len=5 ls[0] vpos=0 lh=1200 ls=0
  [0]   셀[12] r=1,c=5 rs=1,cs=1 h=2046 w=6857 pad=(510,510,141,141) aim=false bf=19 paras=1 text="249.7"
  [0]     p[0] ps_id=41 ctrls=0 text_len=5 ls[0] vpos=0 lh=1200 ls=0
  [0]   셀[13] r=1,c=6 rs=1,cs=1 h=2046 w=6846 pad=(510,510,141,141) aim=false bf=28 paras=1 text="55.2"
  [0]     p[0] ps_id=41 ctrls=0 text_len=4 ls[0] vpos=0 lh=1200 ls=0
  [0]   셀[14] r=2,c=1 rs=1,cs=1 h=2046 w=6550 pad=(510,510,141,141) aim=false bf=29 paras=1 text="(37.7)"
  [0]     p[0] ps_id=41 ctrls=0 text_len=6 ls[0] vpos=0 lh=1200 ls=0
  [0]   셀[15] r=2,c=2 rs=1,cs=1 h=2046 w=6857 pad=(510,510,141,141) aim=false bf=29 paras=1 text="(2.7)"
  [0]     p[0] ps_id=41 ctrls=0 text_len=5 ls[0] vpos=0 lh=1200 ls=0
  [0]   셀[16] r=2,c=3 rs=1,cs=1 h=2046 w=6857 pad=(510,510,141,141) aim=false bf=29 paras=1 text="(83.4)"
  [0]     p[0] ps_id=41 ctrls=0 text_len=6 ls[0] vpos=0 lh=1200 ls=0
  [0]   셀[17] r=2,c=4 rs=1,cs=1 h=2046 w=6857 pad=(510,510,141,141) aim=false bf=29 paras=1 text="(6.1)"
  [0]     p[0] ps_id=41 ctrls=0 text_len=5 ls[0] vpos=0 lh=1200 ls=0
  [0]   셀[18] r=2,c=5 rs=1,cs=1 h=2046 w=6857 pad=(510,510,141,141) aim=false bf=29 paras=1 text="(0.3)"
  [0]     p[0] ps_id=41 ctrls=0 text_len=5 ls[0] vpos=0 lh=1200 ls=0
  [0]   셀[19] r=2,c=6 rs=1,cs=1 h=2046 w=6846 pad=(510,510,141,141) aim=false bf=30 paras=1 text="(△26.9)"
  [0]     p[0] ps_id=41 ctrls=0 text_len=9 ls[0] vpos=0 lh=1200 ls=0
  [0]   셀[20] r=3,c=0 rs=2,cs=1 h=4792 w=7237 pad=(510,510,141,141) aim=false bf=31 paras=1 text="룩셈부르크"
  [0]     p[0] ps_id=2 ctrls=1 text_len=15 ls[0] vpos=0 lh=1300 ls=780
  [0]   셀[21] r=3,c=1 rs=1,cs=1 h=2046 w=6550 pad=(510,510,141,141) aim=false bf=32 paras=1 text="30.5"
  [0]     p[0] ps_id=41 ctrls=0 text_len=4 ls[0] vpos=0 lh=1200 ls=0
  [0]   셀[22] r=3,c=2 rs=1,cs=1 h=2046 w=6857 pad=(510,510,141,141) aim=false bf=32 paras=1 text="23.9"
  [0]     p[0] ps_id=41 ctrls=0 text_len=4 ls[0] vpos=0 lh=1200 ls=0
  [0]   셀[23] r=3,c=3 rs=1,cs=1 h=2046 w=6857 pad=(510,510,141,141) aim=false bf=32 paras=1 text="32.4"
  [0]     p[0] ps_id=41 ctrls=0 text_len=4 ls[0] vpos=0 lh=1200 ls=0
  [0]   셀[24] r=3,c=4 rs=1,cs=1 h=2046 w=6857 pad=(510,510,141,141) aim=false bf=32 paras=1 text="41.4"
  [0]     p[0] ps_id=41 ctrls=0 text_len=4 ls[0] vpos=0 lh=1200 ls=0
  [0]   셀[25] r=3,c=5 rs=1,cs=1 h=2046 w=6857 pad=(510,510,141,141) aim=false bf=32 paras=1 text="41.9"
  [0]     p[0] ps_id=41 ctrls=0 text_len=4 ls[0] vpos=0 lh=1200 ls=0
  [0]   셀[26] r=3,c=6 rs=1,cs=1 h=2046 w=6846 pad=(510,510,141,141) aim=false bf=33 paras=1 text="13.7"
  [0]     p[0] ps_id=41 ctrls=0 text_len=4 ls[0] vpos=0 lh=1200 ls=0
  [0]   셀[27] r=4,c=1 rs=1,cs=1 h=2746 w=6550 pad=(510,510,141,141) aim=false bf=29 paras=1 text="(17.0)"
  [0]     p[0] ps_id=41 ctrls=0 text_len=6 ls[0] vpos=0 lh=1200 ls=0
  [0]   셀[28] r=4,c=2 rs=1,cs=1 h=2746 w=6857 pad=(510,510,141,141) aim=false bf=29 paras=1 text="(△21.7)"
  [0]     p[0] ps_id=41 ctrls=0 text_len=9 ls[0] vpos=0 lh=1200 ls=0
  [0]   셀[29] r=4,c=3 rs=1,cs=1 h=2746 w=6857 pad=(510,510,141,141) aim=false bf=29 paras=1 text="(35.5)"
  [0]     p[0] ps_id=41 ctrls=0 text_len=6 ls[0] vpos=0 lh=1200 ls=0
  [0]   셀[30] r=4,c=4 rs=1,cs=1 h=2746 w=6857 pad=(510,510,141,141) aim=false bf=29 paras=1 text="(27.9)"
  [0]     p[0] ps_id=41 ctrls=0 text_len=6 ls[0] vpos=0 lh=1200 ls=0
  [0]   셀[31] r=4,c=5 rs=1,cs=1 h=2746 w=6857 pad=(510,510,141,141) aim=false bf=29 paras=1 text="(1.2)"
  [0]     p[0] ps_id=41 ctrls=0 text_len=5 ls[0] vpos=0 lh=1200 ls=0
  [0]   셀[32] r=4,c=6 rs=1,cs=1 h=2746 w=6846 pad=(510,510,141,141) aim=false bf=30 paras=1 text="(60.8)"
  [0]     p[0] ps_id=41 ctrls=0 text_len=6 ls[0] vpos=0 lh=1200 ls=0
  [0]   셀[33] r=5,c=0 rs=2,cs=1 h=4092 w=7237 pad=(510,510,141,141) aim=false bf=31 paras=1 text="저지"
  [0]     p[0] ps_id=2 ctrls=1 text_len=6 ls[0] vpos=0 lh=1300 ls=780
  [0]   셀[34] r=5,c=1 rs=1,cs=1 h=2046 w=6550 pad=(510,510,141,141) aim=false bf=32 paras=1 text="8.9"
  [0]     p[0] ps_id=41 ctrls=0 text_len=3 ls[0] vpos=0 lh=1200 ls=0
  [0]   셀[35] r=5,c=2 rs=1,cs=1 h=2046 w=6857 pad=(510,510,141,141) aim=false bf=32 paras=1 text="0.6"
  [0]     p[0] ps_id=41 ctrls=0 text_len=3 ls[0] vpos=0 lh=1200 ls=0
  [0]   셀[36] r=5,c=3 rs=1,cs=1 h=2046 w=6857 pad=(510,510,141,141) aim=false bf=32 paras=1 text="0.2"
  [0]     p[0] ps_id=41 ctrls=0 text_len=3 ls[0] vpos=0 lh=1200 ls=0
  [0]   셀[37] r=5,c=4 rs=1,cs=1 h=2046 w=6857 pad=(510,510,141,141) aim=false bf=32 paras=1 text="12.6"
  [0]     p[0] ps_id=41 ctrls=0 text_len=4 ls[0] vpos=0 lh=1200 ls=0
  [0]   셀[38] r=5,c=5 rs=1,cs=1 h=2046 w=6857 pad=(510,510,141,141) aim=false bf=32 paras=1 text="2.1"
  [0]     p[0] ps_id=41 ctrls=0 text_len=3 ls[0] vpos=0 lh=1200 ls=0
  [0]   셀[39] r=5,c=6 rs=1,cs=1 h=2046 w=6846 pad=(510,510,141,141) aim=false bf=33 paras=1 text="9.2"
  [0]     p[0] ps_id=41 ctrls=0 text_len=3 ls[0] vpos=0 lh=1200 ls=0
  [0]   셀[40] r=6,c=1 rs=1,cs=1 h=2046 w=6550 pad=(510,510,141,141) aim=false bf=29 paras=1 text="(75.7)"
  [0]     p[0] ps_id=41 ctrls=0 text_len=6 ls[0] vpos=0 lh=1200 ls=0
  [0]   셀[41] r=6,c=2 rs=1,cs=1 h=2046 w=6857 pad=(510,510,141,141) aim=false bf=29 paras=1 text="(△93.4)"
  [0]     p[0] ps_id=41 ctrls=0 text_len=9 ls[0] vpos=0 lh=1200 ls=0
  [0]   셀[42] r=6,c=3 rs=1,cs=1 h=2046 w=6857 pad=(510,510,141,141) aim=false bf=29 paras=1 text="(△59.3)"
  [0]     p[0] ps_id=41 ctrls=0 text_len=9 ls[0] vpos=0 lh=1200 ls=0
  [0]   셀[43] r=6,c=4 rs=1,cs=1 h=2046 w=6857 pad=(510,510,141,141) aim=false bf=29 paras=1 text="(5,165.2)"
  [0]     p[0] ps_id=41 ctrls=0 text_len=9 ls[0] vpos=0 lh=1200 ls=0
  [0]   셀[44] r=6,c=5 rs=1,cs=1 h=2046 w=6857 pad=(510,510,141,141) aim=false bf=29 paras=1 text="(△83.4)"
  [0]     p[0] ps_id=41 ctrls=0 text_len=9 ls[0] vpos=0 lh=1200 ls=0
  [0]   셀[45] r=6,c=6 rs=1,cs=1 h=2046 w=6846 pad=(510,510,141,141) aim=false bf=30 paras=1 text="(6,462.7)"
  [0]     p[0] ps_id=41 ctrls=0 text_len=9 ls[0] vpos=0 lh=1200 ls=0
  [0]   셀[46] r=7,c=0 rs=2,cs=1 h=4092 w=7237 pad=(510,510,141,141) aim=false bf=31 paras=1 text="케이맨제도"
  [0]     p[0] ps_id=2 ctrls=1 text_len=15 ls[0] vpos=0 lh=1300 ls=780
  [0]   셀[47] r=7,c=1 rs=1,cs=1 h=2046 w=6550 pad=(510,510,141,141) aim=false bf=32 paras=1 text="63.2"
  [0]     p[0] ps_id=41 ctrls=0 text_len=4 ls[0] vpos=0 lh=1200 ls=0
  [0]   셀[48] r=7,c=2 rs=1,cs=1 h=2046 w=6857 pad=(510,510,141,141) aim=false bf=32 paras=1 text="42.0"
  [0]     p[0] ps_id=41 ctrls=0 text_len=4 ls[0] vpos=0 lh=1200 ls=0
  [0]   셀[49] r=7,c=3 rs=1,cs=1 h=2046 w=6857 pad=(510,510,141,141) aim=false bf=32 paras=1 text="78.8"
  [0]     p[0] ps_id=41 ctrls=0 text_len=4 ls[0] vpos=0 lh=1200 ls=0
  [0]   셀[50] r=7,c=4 rs=1,cs=1 h=2046 w=6857 pad=(510,510,141,141) aim=false bf=32 paras=1 text="63.6"
  [0]     p[0] ps_id=41 ctrls=0 text_len=4 ls[0] vpos=0 lh=1200 ls=0
  [0]   셀[51] r=7,c=5 rs=1,cs=1 h=2046 w=6857 pad=(510,510,141,141) aim=false bf=32 paras=1 text="41.8"
  [0]     p[0] ps_id=41 ctrls=0 text_len=4 ls[0] vpos=0 lh=1200 ls=0
  [0]   셀[52] r=7,c=6 rs=1,cs=1 h=2046 w=6846 pad=(510,510,141,141) aim=false bf=33 paras=1 text="6.4"
  [0]     p[0] ps_id=41 ctrls=0 text_len=3 ls[0] vpos=0 lh=1200 ls=0
  [0]   셀[53] r=8,c=1 rs=1,cs=1 h=2046 w=6550 pad=(510,510,141,141) aim=false bf=29 paras=1 text="(45.2)"
  [0]     p[0] ps_id=41 ctrls=0 text_len=6 ls[0] vpos=0 lh=1200 ls=0
  [0]   셀[54] r=8,c=2 rs=1,cs=1 h=2046 w=6857 pad=(510,510,141,141) aim=false bf=29 paras=1 text="(△33.6)"
  [0]     p[0] ps_id=41 ctrls=0 text_len=9 ls[0] vpos=0 lh=1200 ls=0
  [0]   셀[55] r=8,c=3 rs=1,cs=1 h=2046 w=6857 pad=(510,510,141,141) aim=false bf=29 paras=1 text="(87.6)"
  [0]     p[0] ps_id=41 ctrls=0 text_len=6 ls[0] vpos=0 lh=1200 ls=0
  [0]   셀[56] r=8,c=4 rs=1,cs=1 h=2046 w=6857 pad=(510,510,141,141) aim=false bf=29 paras=1 text="(△19.2)"
  [0]     p[0] ps_id=41 ctrls=0 text_len=9 ls[0] vpos=0 lh=1200 ls=0
  [0]   셀[57] r=8,c=5 rs=1,cs=1 h=2046 w=6857 pad=(510,510,141,141) aim=false bf=29 paras=1 text="(△34.2)"
  [0]     p[0] ps_id=41 ctrls=0 text_len=9 ls[0] vpos=0 lh=1200 ls=0
  [0]   셀[58] r=8,c=6 rs=1,cs=1 h=2046 w=6846 pad=(510,510,141,141) aim=false bf=30 paras=1 text="(△14.1)"
  [0]     p[0] ps_id=41 ctrls=0 text_len=9 ls[0] vpos=0 lh=1200 ls=0
  [0]   셀[59] r=9,c=0 rs=2,cs=1 h=4092 w=7237 pad=(510,510,141,141) aim=false bf=34 paras=1 text="캐나다"
  [0]     p[0] ps_id=2 ctrls=1 text_len=9 ls[0] vpos=0 lh=1300 ls=780
  [0]   셀[60] r=9,c=1 rs=1,cs=1 h=2046 w=6550 pad=(510,510,141,141) aim=false bf=32 paras=1 text="-0.2"
  [0]     p[0] ps_id=41 ctrls=0 text_len=4 ls[0] vpos=0 lh=1200 ls=0
  [0]   셀[61] r=9,c=2 rs=1,cs=1 h=2046 w=6857 pad=(510,510,141,141) aim=false bf=32 paras=1 text="23.1"
  [0]     p[0] ps_id=41 ctrls=0 text_len=4 ls[0] vpos=0 lh=1200 ls=0
  [0]   셀[62] r=9,c=3 rs=1,cs=1 h=2046 w=6857 pad=(510,510,141,141) aim=false bf=32 paras=1 text="21.5"
  [0]     p[0] ps_id=41 ctrls=0 text_len=4 ls[0] vpos=0 lh=1200 ls=0
  [0]   셀[63] r=9,c=4 rs=1,cs=1 h=2046 w=6857 pad=(510,510,141,141) aim=false bf=32 paras=1 text="23.0"
  [0]     p[0] ps_id=41 ctrls=0 text_len=4 ls[0] vpos=0 lh=1200 ls=0
  [0]   셀[64] r=9,c=5 rs=1,cs=1 h=2046 w=6857 pad=(510,510,141,141) aim=false bf=32 paras=1 text="34.5"
  [0]     p[0] ps_id=41 ctrls=0 text_len=4 ls[0] vpos=0 lh=1200 ls=0
  [0]   셀[65] r=9,c=6 rs=1,cs=1 h=2046 w=6846 pad=(510,510,141,141) aim=false bf=33 paras=1 text="6.0"
  [0]     p[0] ps_id=41 ctrls=0 text_len=3 ls[0] vpos=0 lh=1200 ls=0
  [0]   셀[66] r=10,c=1 rs=1,cs=1 h=2046 w=6550 pad=(510,510,141,141) aim=false bf=23 paras=1 text="(△108.8)"
  [0]     p[0] ps_id=41 ctrls=0 text_len=10 ls[0] vpos=0 lh=1200 ls=0
  [0]   셀[67] r=10,c=2 rs=1,cs=1 h=2046 w=6857 pad=(510,510,141,141) aim=false bf=23 paras=1 text="(△12,428.3)"
  [0]     p[0] ps_id=41 ctrls=0 text_len=13 ls[0] vpos=0 lh=1200 ls=0
  [0]   셀[68] r=10,c=3 rs=1,cs=1 h=2046 w=6857 pad=(510,510,141,141) aim=false bf=23 paras=1 text="(△7.0)"
  [0]     p[0] ps_id=41 ctrls=0 text_len=8 ls[0] vpos=0 lh=1200 ls=0
  [0]   셀[69] r=10,c=4 rs=1,cs=1 h=2046 w=6857 pad=(510,510,141,141) aim=false bf=23 paras=1 text="(6.9)"
  [0]     p[0] ps_id=41 ctrls=0 text_len=5 ls[0] vpos=0 lh=1200 ls=0
  [0]   셀[70] r=10,c=5 rs=1,cs=1 h=2046 w=6857 pad=(510,510,141,141) aim=false bf=23 paras=1 text="(50.2)"
  [0]     p[0] ps_id=41 ctrls=0 text_len=6 ls[0] vpos=0 lh=1200 ls=0
  [0]   셀[71] r=10,c=6 rs=1,cs=1 h=2046 w=6846 pad=(510,510,141,141) aim=false bf=35 paras=1 text="(△42.7)"
  [0]     p[0] ps_id=41 ctrls=0 text_len=9 ls[0] vpos=0 lh=1200 ls=0

--- 문단 0.98 --- cc=1, text_len=0, controls=0 
  텍스트: (빈 문단)
  [PS] ps_id=42 align=Justify spacing: before=0 after=0 line=120/Percent
       margins: left=0 right=0 indent=0 border_fill_id=2
       border_spacing: left=0 right=0 top=0 bottom=0
       tab_def_id=0 auto_left=false auto_right=false tabs=[(없음)]
  ls[0]: ts=0, vpos=445300, lh=1500, th=1500, bl=1275, ls=300, cs=0, sw=48188, tag=0x00060000

--- 문단 0.99 --- cc=1, text_len=0, controls=0 
  텍스트: (빈 문단)
  [PS] ps_id=42 align=Justify spacing: before=0 after=0 line=120/Percent
       margins: left=0 right=0 indent=0 border_fill_id=2
       border_spacing: left=0 right=0 top=0 bottom=0
       tab_def_id=0 auto_left=false auto_right=false tabs=[(없음)]
  ls[0]: ts=0, vpos=447100, lh=1500, th=1500, bl=1275, ls=300, cs=0, sw=48188, tag=0x00060000

--- 문단 0.100 --- cc=9, text_len=8, controls=0 
  텍스트: "□ 지역별 동향"
  [CS] pos=0 id=59 bold=false spacing=0% ratio=100% char="□"
  [CS] pos=2 id=57 bold=false spacing=0% ratio=100% char="지"
  [PS] ps_id=42 align=Justify spacing: before=0 after=0 line=120/Percent
       margins: left=0 right=0 indent=0 border_fill_id=2
       border_spacing: left=0 right=0 top=0 bottom=0
       tab_def_id=0 auto_left=false auto_right=false tabs=[(없음)]
  ls[0]: ts=0, vpos=448900, lh=1500, th=1500, bl=1275, ls=300, cs=0, sw=48188, tag=0x00060000

--- 문단 0.101 --- cc=1, text_len=0, controls=0 
  텍스트: (빈 문단)
  [PS] ps_id=42 align=Justify spacing: before=0 after=0 line=120/Percent
       margins: left=0 right=0 indent=0 border_fill_id=2
       border_spacing: left=0 right=0 top=0 bottom=0
       tab_def_id=0 auto_left=false auto_right=false tabs=[(없음)]
  ls[0]: ts=0, vpos=450700, lh=800, th=800, bl=680, ls=160, cs=0, sw=48188, tag=0x00060000

--- 문단 0.102 --- cc=9, text_len=0, controls=1 
  텍스트: (빈 문단)
  [CS] pos=8 id=60 bold=false spacing=0% ratio=100% char=""
  [PS] ps_id=42 align=Justify spacing: before=0 after=0 line=120/Percent
       margins: left=0 right=0 indent=0 border_fill_id=2
       border_spacing: left=0 right=0 top=0 bottom=0
       tab_def_id=0 auto_left=false auto_right=false tabs=[(없음)]
  ls[0]: ts=0, vpos=451660, lh=31070, th=31070, bl=26410, ls=240, cs=0, sw=48188, tag=0x00060000
  [0] 표: 15행×7열, 셀=98, 쪽나눔=None (attr=0x00000000), padding=(512,512,140,140), cs=0
  [0]   [common] treat_as_char=true, wrap=위아래, vert=문단(0=0.0mm), horz=단(0=0.0mm)
  [0]   [common] size=47839×30790(168.8×108.6mm), valign=Top, halign=Left
  [0]   [outer_margin] left=0.5mm(140) right=0.5mm(140) top=0.5mm(140) bottom=0.5mm(140)
  [0]   셀[0] r=0,c=0 rs=1,cs=1 h=2146 w=7094 pad=(510,510,141,141) aim=false bf=14 paras=1 text="구 분"
  [0]     p[0] ps_id=2 ctrls=1 text_len=7 ls[0] vpos=0 lh=1300 ls=780
  [0]   셀[1] r=0,c=1 rs=1,cs=1 h=2146 w=6793 pad=(510,510,141,141) aim=false bf=15 paras=1 text="2019년"
  [0]     p[0] ps_id=43 ctrls=0 text_len=7 ls[0] vpos=0 lh=1200 ls=0
  [0]   셀[2] r=0,c=2 rs=1,cs=1 h=2146 w=6793 pad=(510,510,141,141) aim=false bf=15 paras=1 text="2020년"
  [0]     p[0] ps_id=43 ctrls=1 text_len=7 ls[0] vpos=0 lh=1200 ls=0
  [0]   셀[3] r=0,c=3 rs=1,cs=1 h=2146 w=6793 pad=(510,510,141,141) aim=false bf=15 paras=1 text="2021년"
  [0]     p[0] ps_id=43 ctrls=1 text_len=7 ls[0] vpos=0 lh=1200 ls=0
  [0]   셀[4] r=0,c=4 rs=1,cs=1 h=2146 w=6793 pad=(510,510,141,141) aim=false bf=15 paras=1 text="2022년"
  [0]     p[0] ps_id=43 ctrls=1 text_len=7 ls[0] vpos=0 lh=1200 ls=0
  [0]   셀[5] r=0,c=5 rs=1,cs=1 h=2146 w=6793 pad=(510,510,141,141) aim=false bf=15 paras=1 text="2023년"
  [0]     p[0] ps_id=43 ctrls=1 text_len=7 ls[0] vpos=0 lh=1200 ls=0
  [0]   셀[6] r=0,c=6 rs=1,cs=1 h=2146 w=6780 pad=(510,510,141,141) aim=false bf=26 paras=1 text="2024년 1분기"
  [0]     p[0] ps_id=43 ctrls=1 text_len=15 ls[0] vpos=0 lh=1200 ls=0
  [0]   셀[7] r=1,c=0 rs=2,cs=1 h=4092 w=7094 pad=(510,510,141,141) aim=false bf=27 paras=1 text="북미"
  [0]     p[0] ps_id=2 ctrls=1 text_len=6 ls[0] vpos=0 lh=1300 ls=780
  [0]   셀[8] r=1,c=1 rs=1,cs=1 h=2046 w=6793 pad=(510,510,141,141) aim=false bf=19 paras=1 text="124.4"
  [0]     p[0] ps_id=41 ctrls=0 text_len=5 ls[0] vpos=0 lh=1200 ls=0
  [0]   셀[9] r=1,c=2 rs=1,cs=1 h=2046 w=6793 pad=(510,510,141,141) aim=false bf=19 paras=1 text="151.1"
  [0]     p[0] ps_id=41 ctrls=0 text_len=5 ls[0] vpos=0 lh=1200 ls=0
  [0]   셀[10] r=1,c=3 rs=1,cs=1 h=2046 w=6793 pad=(510,510,141,141) aim=false bf=19 paras=1 text="256.2"
  [0]     p[0] ps_id=41 ctrls=0 text_len=5 ls[0] vpos=0 lh=1200 ls=0
  [0]   셀[11] r=1,c=4 rs=1,cs=1 h=2046 w=6793 pad=(510,510,141,141) aim=false bf=19 paras=1 text="271.9"
  [0]     p[0] ps_id=41 ctrls=0 text_len=5 ls[0] vpos=0 lh=1200 ls=0
  [0]   셀[12] r=1,c=5 rs=1,cs=1 h=2046 w=6793 pad=(510,510,141,141) aim=false bf=19 paras=1 text="284.3"
  [0]     p[0] ps_id=41 ctrls=0 text_len=5 ls[0] vpos=0 lh=1200 ls=0
  [0]   셀[13] r=1,c=6 rs=1,cs=1 h=2046 w=6780 pad=(510,510,141,141) aim=false bf=28 paras=1 text="61.1"
  [0]     p[0] ps_id=41 ctrls=0 text_len=4 ls[0] vpos=0 lh=1200 ls=0
  [0]   셀[14] r=2,c=1 rs=1,cs=1 h=2046 w=6793 pad=(510,510,141,141) aim=false bf=29 paras=1 text="(34.3)"
  [0]     p[0] ps_id=41 ctrls=0 text_len=6 ls[0] vpos=0 lh=1200 ls=0
  [0]   셀[15] r=2,c=2 rs=1,cs=1 h=2046 w=6793 pad=(510,510,141,141) aim=false bf=29 paras=1 text="(21.4)"
  [0]     p[0] ps_id=41 ctrls=0 text_len=6 ls[0] vpos=0 lh=1200 ls=0
  [0]   셀[16] r=2,c=3 rs=1,cs=1 h=2046 w=6793 pad=(510,510,141,141) aim=false bf=29 paras=1 text="(69.6)"
  [0]     p[0] ps_id=41 ctrls=0 text_len=6 ls[0] vpos=0 lh=1200 ls=0
  [0]   셀[17] r=2,c=4 rs=1,cs=1 h=2046 w=6793 pad=(510,510,141,141) aim=false bf=29 paras=1 text="(6.1)"
  [0]     p[0] ps_id=41 ctrls=0 text_len=5 ls[0] vpos=0 lh=1200 ls=0
  [0]   셀[18] r=2,c=5 rs=1,cs=1 h=2046 w=6793 pad=(510,510,141,141) aim=false bf=29 paras=1 text="(4.5)"
  [0]     p[0] ps_id=41 ctrls=0 text_len=5 ls[0] vpos=0 lh=1200 ls=0
  [0]   셀[19] r=2,c=6 rs=1,cs=1 h=2046 w=6780 pad=(510,510,141,141) aim=false bf=30 paras=1 text="(△28.9)"
  [0]     p[0] ps_id=41 ctrls=0 text_len=9 ls[0] vpos=0 lh=1200 ls=0
  [0]   셀[20] r=3,c=0 rs=2,cs=1 h=4092 w=7094 pad=(510,510,141,141) aim=false bf=31 paras=1 text="유럽"
  [0]     p[0] ps_id=2 ctrls=1 text_len=6 ls[0] vpos=0 lh=1300 ls=780
  [0]   셀[21] r=3,c=1 rs=1,cs=1 h=2046 w=6793 pad=(510,510,141,141) aim=false bf=32 paras=1 text="113.8"
  [0]     p[0] ps_id=41 ctrls=0 text_len=5 ls[0] vpos=0 lh=1200 ls=0
  [0]   셀[22] r=3,c=2 rs=1,cs=1 h=2046 w=6793 pad=(510,510,141,141) aim=false bf=32 paras=1 text="73.3"
  [0]     p[0] ps_id=41 ctrls=0 text_len=4 ls[0] vpos=0 lh=1200 ls=0
  [0]   셀[23] r=3,c=3 rs=1,cs=1 h=2046 w=6793 pad=(510,510,141,141) aim=false bf=32 paras=1 text="96.2"
  [0]     p[0] ps_id=41 ctrls=0 text_len=4 ls[0] vpos=0 lh=1200 ls=0
  [0]   셀[24] r=3,c=4 rs=1,cs=1 h=2046 w=6793 pad=(510,510,141,141) aim=false bf=32 paras=1 text="120.4"
  [0]     p[0] ps_id=41 ctrls=0 text_len=5 ls[0] vpos=0 lh=1200 ls=0
  [0]   셀[25] r=3,c=5 rs=1,cs=1 h=2046 w=6793 pad=(510,510,141,141) aim=false bf=32 paras=1 text="85.9"
  [0]     p[0] ps_id=41 ctrls=0 text_len=4 ls[0] vpos=0 lh=1200 ls=0
  [0]   셀[26] r=3,c=6 rs=1,cs=1 h=2046 w=6780 pad=(510,510,141,141) aim=false bf=33 paras=1 text="32.7"
  [0]     p[0] ps_id=41 ctrls=0 text_len=4 ls[0] vpos=0 lh=1200 ls=0
  [0]   셀[27] r=4,c=1 rs=1,cs=1 h=2046 w=6793 pad=(510,510,141,141) aim=false bf=29 paras=1 text="(9.3)"
  [0]     p[0] ps_id=41 ctrls=0 text_len=5 ls[0] vpos=0 lh=1200 ls=0
  [0]   셀[28] r=4,c=2 rs=1,cs=1 h=2046 w=6793 pad=(510,510,141,141) aim=false bf=29 paras=1 text="(△35.6)"
  [0]     p[0] ps_id=41 ctrls=0 text_len=9 ls[0] vpos=0 lh=1200 ls=0
  [0]   셀[29] r=4,c=3 rs=1,cs=1 h=2046 w=6793 pad=(510,510,141,141) aim=false bf=29 paras=1 text="(31.3)"
  [0]     p[0] ps_id=41 ctrls=0 text_len=6 ls[0] vpos=0 lh=1200 ls=0
  [0]   셀[30] r=4,c=4 rs=1,cs=1 h=2046 w=6793 pad=(510,510,141,141) aim=false bf=29 paras=1 text="(25.2)"
  [0]     p[0] ps_id=41 ctrls=0 text_len=6 ls[0] vpos=0 lh=1200 ls=0
  [0]   셀[31] r=4,c=5 rs=1,cs=1 h=2046 w=6793 pad=(510,510,141,141) aim=false bf=29 paras=1 text="(△28.7)"
  [0]     p[0] ps_id=41 ctrls=0 text_len=9 ls[0] vpos=0 lh=1200 ls=0
  [0]   셀[32] r=4,c=6 rs=1,cs=1 h=2046 w=6780 pad=(510,510,141,141) aim=false bf=30 paras=1 text="(98.2)"
  [0]     p[0] ps_id=41 ctrls=0 text_len=6 ls[0] vpos=0 lh=1200 ls=0
  [0]   셀[33] r=5,c=0 rs=2,cs=1 h=4092 w=7094 pad=(510,510,141,141) aim=false bf=31 paras=1 text="아시아"
  [0]     p[0] ps_id=2 ctrls=0 text_len=9 ls[0] vpos=0 lh=1300 ls=780
  [0]   셀[34] r=5,c=1 rs=1,cs=1 h=2046 w=6793 pad=(510,510,141,141) aim=false bf=32 paras=1 text="180.4"
  [0]     p[0] ps_id=41 ctrls=0 text_len=5 ls[0] vpos=0 lh=1200 ls=0
  [0]   셀[35] r=5,c=2 rs=1,cs=1 h=2046 w=6793 pad=(510,510,141,141) aim=false bf=32 paras=1 text="143.7"
  [0]     p[0] ps_id=41 ctrls=0 text_len=5 ls[0] vpos=0 lh=1200 ls=0
  [0]   셀[36] r=5,c=3 rs=1,cs=1 h=2046 w=6793 pad=(510,510,141,141) aim=false bf=32 paras=1 text="128.3"
  [0]     p[0] ps_id=41 ctrls=0 text_len=5 ls[0] vpos=0 lh=1200 ls=0
  [0]   셀[37] r=5,c=4 rs=1,cs=1 h=2046 w=6793 pad=(510,510,141,141) aim=false bf=32 paras=1 text="162.8"
  [0]     p[0] ps_id=41 ctrls=0 text_len=5 ls[0] vpos=0 lh=1200 ls=0
  [0]   셀[38] r=5,c=5 rs=1,cs=1 h=2046 w=6793 pad=(510,510,141,141) aim=false bf=32 paras=1 text="74.3"
  [0]     p[0] ps_id=41 ctrls=0 text_len=4 ls[0] vpos=0 lh=1200 ls=0
  [0]   셀[39] r=5,c=6 rs=1,cs=1 h=2046 w=6780 pad=(510,510,141,141) aim=false bf=33 paras=1 text="17.0"
  [0]     p[0] ps_id=41 ctrls=0 text_len=4 ls[0] vpos=0 lh=1200 ls=0
  [0]   셀[40] r=6,c=1 rs=1,cs=1 h=2046 w=6793 pad=(510,510,141,141) aim=false bf=29 paras=1 text="(20.5)"
  [0]     p[0] ps_id=41 ctrls=0 text_len=6 ls[0] vpos=0 lh=1200 ls=0
  [0]   셀[41] r=6,c=2 rs=1,cs=1 h=2046 w=6793 pad=(510,510,141,141) aim=false bf=29 paras=1 text="(△20.4)"
  [0]     p[0] ps_id=41 ctrls=0 text_len=9 ls[0] vpos=0 lh=1200 ls=0
  [0]   셀[42] r=6,c=3 rs=1,cs=1 h=2046 w=6793 pad=(510,510,141,141) aim=false bf=29 paras=1 text="(△10.7)"
  [0]     p[0] ps_id=41 ctrls=0 text_len=9 ls[0] vpos=0 lh=1200 ls=0
  [0]   셀[43] r=6,c=4 rs=1,cs=1 h=2046 w=6793 pad=(510,510,141,141) aim=false bf=29 paras=1 text="(26.9)"
  [0]     p[0] ps_id=41 ctrls=0 text_len=6 ls[0] vpos=0 lh=1200 ls=0
  [0]   셀[44] r=6,c=5 rs=1,cs=1 h=2046 w=6793 pad=(510,510,141,141) aim=false bf=29 paras=1 text="(△54.4)"
  [0]     p[0] ps_id=41 ctrls=0 text_len=9 ls[0] vpos=0 lh=1200 ls=0
  [0]   셀[45] r=6,c=6 rs=1,cs=1 h=2046 w=6780 pad=(510,510,141,141) aim=false bf=30 paras=1 text="(17.0)"
  [0]     p[0] ps_id=41 ctrls=0 text_len=6 ls[0] vpos=0 lh=1200 ls=0
  [0]   셀[46] r=7,c=0 rs=2,cs=1 h=4092 w=7094 pad=(510,510,141,141) aim=false bf=31 paras=1 text="중남미"
  [0]     p[0] ps_id=2 ctrls=1 text_len=9 ls[0] vpos=0 lh=1300 ls=780
  [0]   셀[47] r=7,c=1 rs=1,cs=1 h=2046 w=6793 pad=(510,510,141,141) aim=false bf=32 paras=1 text="83.2"
  [0]     p[0] ps_id=41 ctrls=0 text_len=4 ls[0] vpos=0 lh=1200 ls=0
  [0]   셀[48] r=7,c=2 rs=1,cs=1 h=2046 w=6793 pad=(510,510,141,141) aim=false bf=32 paras=1 text="53.5"
  [0]     p[0] ps_id=41 ctrls=0 text_len=4 ls[0] vpos=0 lh=1200 ls=0
  [0]   셀[49] r=7,c=3 rs=1,cs=1 h=2046 w=6793 pad=(510,510,141,141) aim=false bf=32 paras=1 text="95.4"
  [0]     p[0] ps_id=41 ctrls=0 text_len=4 ls[0] vpos=0 lh=1200 ls=0
  [0]   셀[50] r=7,c=4 rs=1,cs=1 h=2046 w=6793 pad=(510,510,141,141) aim=false bf=32 paras=1 text="79.2"
  [0]     p[0] ps_id=41 ctrls=0 text_len=4 ls[0] vpos=0 lh=1200 ls=0
  [0]   셀[51] r=7,c=5 rs=1,cs=1 h=2046 w=6793 pad=(510,510,141,141) aim=false bf=32 paras=1 text="66.3"
  [0]     p[0] ps_id=41 ctrls=0 text_len=4 ls[0] vpos=0 lh=1200 ls=0
  [0]   셀[52] r=7,c=6 rs=1,cs=1 h=2046 w=6780 pad=(510,510,141,141) aim=false bf=33 paras=1 text="12.0"
  [0]     p[0] ps_id=41 ctrls=0 text_len=4 ls[0] vpos=0 lh=1200 ls=0
  [0]   셀[53] r=8,c=1 rs=1,cs=1 h=2046 w=6793 pad=(510,510,141,141) aim=false bf=29 paras=1 text="(37.5)"
  [0]     p[0] ps_id=41 ctrls=0 text_len=6 ls[0] vpos=0 lh=1200 ls=0
  [0]   셀[54] r=8,c=2 rs=1,cs=1 h=2046 w=6793 pad=(510,510,141,141) aim=false bf=29 paras=1 text="(△35.7)"
  [0]     p[0] ps_id=41 ctrls=0 text_len=9 ls[0] vpos=0 lh=1200 ls=0
  [0]   셀[55] r=8,c=3 rs=1,cs=1 h=2046 w=6793 pad=(510,510,141,141) aim=false bf=29 paras=1 text="(78.4)"
  [0]     p[0] ps_id=41 ctrls=0 text_len=6 ls[0] vpos=0 lh=1200 ls=0
  [0]   셀[56] r=8,c=4 rs=1,cs=1 h=2046 w=6793 pad=(510,510,141,141) aim=false bf=29 paras=1 text="(△16.9)"
  [0]     p[0] ps_id=41 ctrls=0 text_len=9 ls[0] vpos=0 lh=1200 ls=0
  [0]   셀[57] r=8,c=5 rs=1,cs=1 h=2046 w=6793 pad=(510,510,141,141) aim=false bf=29 paras=1 text="(△16.3)"
  [0]     p[0] ps_id=41 ctrls=0 text_len=9 ls[0] vpos=0 lh=1200 ls=0
  [0]   셀[58] r=8,c=6 rs=1,cs=1 h=2046 w=6780 pad=(510,510,141,141) aim=false bf=30 paras=1 text="(△47.2)"
  [0]     p[0] ps_id=41 ctrls=0 text_len=9 ls[0] vpos=0 lh=1200 ls=0
  [0]   셀[59] r=9,c=0 rs=2,cs=1 h=4092 w=7094 pad=(510,510,141,141) aim=false bf=31 paras=1 text="아프리카"
  [0]     p[0] ps_id=2 ctrls=1 text_len=12 ls[0] vpos=0 lh=1300 ls=780
  [0]   셀[60] r=9,c=1 rs=1,cs=1 h=2046 w=6793 pad=(510,510,141,141) aim=false bf=32 paras=1 text="4.7"
  [0]     p[0] ps_id=41 ctrls=0 text_len=3 ls[0] vpos=0 lh=1200 ls=0
  [0]   셀[61] r=9,c=2 rs=1,cs=1 h=2046 w=6793 pad=(510,510,141,141) aim=false bf=32 paras=1 text="3.0"
  [0]     p[0] ps_id=41 ctrls=0 text_len=3 ls[0] vpos=0 lh=1200 ls=0
  [0]   셀[62] r=9,c=3 rs=1,cs=1 h=2046 w=6793 pad=(510,510,141,141) aim=false bf=32 paras=1 text="2.0"
  [0]     p[0] ps_id=41 ctrls=0 text_len=3 ls[0] vpos=0 lh=1200 ls=0
  [0]   셀[63] r=9,c=4 rs=1,cs=1 h=2046 w=6793 pad=(510,510,141,141) aim=false bf=32 paras=1 text="1.0"
  [0]     p[0] ps_id=41 ctrls=0 text_len=3 ls[0] vpos=0 lh=1200 ls=0
  [0]   셀[64] r=9,c=5 rs=1,cs=1 h=2046 w=6793 pad=(510,510,141,141) aim=false bf=32 paras=1 text="2.9"
  [0]     p[0] ps_id=41 ctrls=0 text_len=3 ls[0] vpos=0 lh=1200 ls=0
  [0]   셀[65] r=9,c=6 rs=1,cs=1 h=2046 w=6780 pad=(510,510,141,141) aim=false bf=33 paras=1 text="2.5"
  [0]     p[0] ps_id=41 ctrls=0 text_len=3 ls[0] vpos=0 lh=1200 ls=0
  [0]   셀[66] r=10,c=1 rs=1,cs=1 h=2046 w=6793 pad=(510,510,141,141) aim=false bf=29 paras=1 text="(234.7)"
  [0]     p[0] ps_id=41 ctrls=0 text_len=7 ls[0] vpos=0 lh=1200 ls=0
  [0]   셀[67] r=10,c=2 rs=1,cs=1 h=2046 w=6793 pad=(510,510,141,141) aim=false bf=29 paras=1 text="(△36.7)"
  [0]     p[0] ps_id=41 ctrls=0 text_len=9 ls[0] vpos=0 lh=1200 ls=0
  [0]   셀[68] r=10,c=3 rs=1,cs=1 h=2046 w=6793 pad=(510,510,141,141) aim=false bf=29 paras=1 text="(△31.0)"
  [0]     p[0] ps_id=41 ctrls=0 text_len=9 ls[0] vpos=0 lh=1200 ls=0
  [0]   셀[69] r=10,c=4 rs=1,cs=1 h=2046 w=6793 pad=(510,510,141,141) aim=false bf=29 paras=1 text="(△52.4)"
  [0]     p[0] ps_id=41 ctrls=0 text_len=9 ls[0] vpos=0 lh=1200 ls=0
  [0]   셀[70] r=10,c=5 rs=1,cs=1 h=2046 w=6793 pad=(510,510,141,141) aim=false bf=29 paras=1 text="(198.2)"
  [0]     p[0] ps_id=41 ctrls=0 text_len=7 ls[0] vpos=0 lh=1200 ls=0
  [0]   셀[71] r=10,c=6 rs=1,cs=1 h=2046 w=6780 pad=(510,510,141,141) aim=false bf=30 paras=1 text="(854.0)"
  [0]     p[0] ps_id=41 ctrls=0 text_len=7 ls[0] vpos=0 lh=1200 ls=0
  [0]   셀[72] r=11,c=0 rs=2,cs=1 h=4092 w=7094 pad=(510,510,141,141) aim=false bf=31 paras=1 text="대양주"
  [0]     p[0] ps_id=2 ctrls=1 text_len=9 ls[0] vpos=0 lh=1300 ls=780
  [0]   셀[73] r=11,c=1 rs=1,cs=1 h=2046 w=6793 pad=(510,510,141,141) aim=false bf=32 paras=1 text="6.6"
  [0]     p[0] ps_id=41 ctrls=0 text_len=3 ls[0] vpos=0 lh=1200 ls=0
  [0]   셀[74] r=11,c=2 rs=1,cs=1 h=2046 w=6793 pad=(510,510,141,141) aim=false bf=32 paras=1 text="8.2"
  [0]     p[0] ps_id=41 ctrls=0 text_len=3 ls[0] vpos=0 lh=1200 ls=0
  [0]   셀[75] r=11,c=3 rs=1,cs=1 h=2046 w=6793 pad=(510,510,141,141) aim=false bf=32 paras=1 text="9.8"
  [0]     p[0] ps_id=41 ctrls=0 text_len=3 ls[0] vpos=0 lh=1200 ls=0
  [0]   셀[76] r=11,c=4 rs=1,cs=1 h=2046 w=6793 pad=(510,510,141,141) aim=false bf=32 paras=1 text="13.4"
  [0]     p[0] ps_id=41 ctrls=0 text_len=4 ls[0] vpos=0 lh=1200 ls=0
  [0]   셀[77] r=11,c=5 rs=1,cs=1 h=2046 w=6793 pad=(510,510,141,141) aim=false bf=32 paras=1 text="2.3"
  [0]     p[0] ps_id=41 ctrls=0 text_len=3 ls[0] vpos=0 lh=1200 ls=0
  [0]   셀[78] r=11,c=6 rs=1,cs=1 h=2046 w=6780 pad=(510,510,141,141) aim=false bf=33 paras=1 text="2.3"
  [0]     p[0] ps_id=41 ctrls=0 text_len=3 ls[0] vpos=0 lh=1200 ls=0
  [0]   셀[79] r=12,c=1 rs=1,cs=1 h=2046 w=6793 pad=(510,510,141,141) aim=false bf=29 paras=1 text="(46.7)"
  [0]     p[0] ps_id=41 ctrls=0 text_len=6 ls[0] vpos=0 lh=1200 ls=0
  [0]   셀[80] r=12,c=2 rs=1,cs=1 h=2046 w=6793 pad=(510,510,141,141) aim=false bf=29 paras=1 text="(23.4)"
  [0]     p[0] ps_id=41 ctrls=0 text_len=6 ls[0] vpos=0 lh=1200 ls=0
  [0]   셀[81] r=12,c=3 rs=1,cs=1 h=2046 w=6793 pad=(510,510,141,141) aim=false bf=29 paras=1 text="(19.3)"
  [0]     p[0] ps_id=41 ctrls=0 text_len=6 ls[0] vpos=0 lh=1200 ls=0
  [0]   셀[82] r=12,c=4 rs=1,cs=1 h=2046 w=6793 pad=(510,510,141,141) aim=false bf=29 paras=1 text="(36.6)"
  [0]     p[0] ps_id=41 ctrls=0 text_len=6 ls[0] vpos=0 lh=1200 ls=0
  [0]   셀[83] r=12,c=5 rs=1,cs=1 h=2046 w=6793 pad=(510,510,141,141) aim=false bf=29 paras=1 text="(△83.1)"
  [0]     p[0] ps_id=41 ctrls=0 text_len=9 ls[0] vpos=0 lh=1200 ls=0
  [0]   셀[84] r=12,c=6 rs=1,cs=1 h=2046 w=6780 pad=(510,510,141,141) aim=false bf=30 paras=1 text="(△257.3)"
  [0]     p[0] ps_id=41 ctrls=0 text_len=10 ls[0] vpos=0 lh=1200 ls=0
  [0]   셀[85] r=13,c=0 rs=2,cs=1 h=4092 w=7094 pad=(510,510,141,141) aim=false bf=34 paras=1 text="중동"
  [0]     p[0] ps_id=2 ctrls=1 text_len=6 ls[0] vpos=0 lh=1300 ls=780
  [0]   셀[86] r=13,c=1 rs=1,cs=1 h=2046 w=6793 pad=(510,510,141,141) aim=false bf=32 paras=1 text="2.9"
  [0]     p[0] ps_id=41 ctrls=0 text_len=3 ls[0] vpos=0 lh=1200 ls=0
  [0]   셀[87] r=13,c=2 rs=1,cs=1 h=2046 w=6793 pad=(510,510,141,141) aim=false bf=32 paras=1 text="1.0"
  [0]     p[0] ps_id=41 ctrls=0 text_len=3 ls[0] vpos=0 lh=1200 ls=0
  [0]   셀[88] r=13,c=3 rs=1,cs=1 h=2046 w=6793 pad=(510,510,141,141) aim=false bf=32 paras=1 text="1.0"
  [0]     p[0] ps_id=41 ctrls=0 text_len=3 ls[0] vpos=0 lh=1200 ls=0
  [0]   셀[89] r=13,c=4 rs=1,cs=1 h=2046 w=6793 pad=(510,510,141,141) aim=false bf=32 paras=1 text="0.1"
  [0]     p[0] ps_id=41 ctrls=0 text_len=3 ls[0] vpos=0 lh=1200 ls=0
  [0]   셀[90] r=13,c=5 rs=1,cs=1 h=2046 w=6793 pad=(510,510,141,141) aim=false bf=32 paras=1 text="0.6"
  [0]     p[0] ps_id=41 ctrls=0 text_len=3 ls[0] vpos=0 lh=1200 ls=0
  [0]   셀[91] r=13,c=6 rs=1,cs=1 h=2046 w=6780 pad=(510,510,141,141) aim=false bf=33 paras=1 text="1.0"
  [0]     p[0] ps_id=41 ctrls=0 text_len=3 ls[0] vpos=0 lh=1200 ls=0
  [0]   셀[92] r=14,c=1 rs=1,cs=1 h=2046 w=6793 pad=(510,510,141,141) aim=false bf=23 paras=1 text="(△33.1)"
  [0]     p[0] ps_id=41 ctrls=0 text_len=9 ls[0] vpos=0 lh=1200 ls=0
  [0]   셀[93] r=14,c=2 rs=1,cs=1 h=2046 w=6793 pad=(510,510,141,141) aim=false bf=23 paras=1 text="(△66.1)"
  [0]     p[0] ps_id=41 ctrls=0 text_len=9 ls[0] vpos=0 lh=1200 ls=0
  [0]   셀[94] r=14,c=3 rs=1,cs=1 h=2046 w=6793 pad=(510,510,141,141) aim=false bf=23 paras=1 text="(4.8)"
  [0]     p[0] ps_id=41 ctrls=0 text_len=5 ls[0] vpos=0 lh=1200 ls=0
  [0]   셀[95] r=14,c=4 rs=1,cs=1 h=2046 w=6793 pad=(510,510,141,141) aim=false bf=23 paras=1 text="(△88.7)"
  [0]     p[0] ps_id=41 ctrls=0 text_len=9 ls[0] vpos=0 lh=1200 ls=0
  [0]   셀[96] r=14,c=5 rs=1,cs=1 h=2046 w=6793 pad=(510,510,141,141) aim=false bf=23 paras=1 text="(387.9)"
  [0]     p[0] ps_id=41 ctrls=0 text_len=7 ls[0] vpos=0 lh=1200 ls=0
  [0]   셀[97] r=14,c=6 rs=1,cs=1 h=2046 w=6780 pad=(510,510,141,141) aim=false bf=35 paras=1 text="(△788.6)"
  [0]     p[0] ps_id=41 ctrls=0 text_len=10 ls[0] vpos=0 lh=1200 ls=0

=== 완료: 2 구역, 121 문단 ===
